path_id,seed,hit_power_s,j_at_hit_power,hit_linear_s,j_at_hit_linear
1,734921,0.893,102.8707822701875,0.364,201.29966843494705
2,734921,0.9055,863.7838396407703,0.23600000000000002,45.201588084214656
3,734921,0.664,371.67435351772343,0.788,64.52598934227095
4,734921,0.5965,171.89757994381995,0.8025,120.9467162112048
5,734921,0.3805,226.93217618508504,0.6335000000000001,768.6401646263434
6,734921,0.898,287.99190217028246,0.961,711.23088778838
7,734921,0.5465,20.707343671383992,0.5115000000000001,83.07607329199477
8,734921,1.738,4321.325016598942,1.408,1549.0220655663425
9,734921,2.8065,71203.64326440972,0.3865,40.1328778972118
10,734921,0.486,19.982852400482148,0.5585,822.031734349848
11,734921,0.23,36.08200281554894,0.5045000000000001,71.3432938663056
12,734921,0.679,522.0709703801825,0.9135,465.3906390627669
13,734921,1.07,8409.364600395507,0.3915,35.74106920171383
14,734921,1.006,1430.3129530680646,1.114,100.44052088242995
15,734921,0.8170000000000001,222.05430600198906,0.551,409.6844761442166
16,734921,0.579,9.949936728013935,1.494,4373.738921885777
17,734921,0.7285,395.9288254726981,0.8855000000000001,6223.499555168525
18,734921,0.9235,1171.5779551205826,0.658,393.4091135161098
19,734921,0.772,801.7268921024672,0.441,24.238334476308765
20,734921,0.41250000000000003,15.546245371946878,0.764,7239.980147924536
21,734921,0.273,40.71702199273956,0.685,164.35756177343907
22,734921,0.455,76.97818162936372,0.3035,11.886349818147885
23,734921,0.5085000000000001,57.36488487182359,0.448,7.686840863695309
24,734921,2.019,16703.58623035867,0.8270000000000001,116.53184785336039
25,734921,0.52,125.92937936379919,0.792,12997.779853665246
26,734921,0.47450000000000003,740.1032425395142,1.131,24.68166109716664
27,734921,1.2025000000000001,3771.6076009778003,0.8280000000000001,550.121998150158
28,734921,0.788,6007.338980486494,1.031,62.478911797123295
29,734921,0.9005,65.12639143321071,0.297,32.12484072308699
30,734921,0.7245,287.03446106196543,0.3955,17.05931454968057
31,734921,0.8025,238.6311644737455,0.866,1161.8531354487754
32,734921,1.143,545.8164146749093,0.322,25.051863068475985
33,734921,0.4385,222.85521413015115,0.612,92.7253546578642
34,734921,2.165,41846.617497551466,0.876,57.80734849903813
35,734921,0.246,26.02719836533059,0.608,147.53970478361344
36,734921,0.3195,52.5423885480831,0.34650000000000003,73.20899938421114
37,734921,0.468,61.93659188932685,0.4265,192.72414707136357
38,734921,0.2935,6.594986302298522,0.745,226.40225255328227
39,734921,0.431,29.863041248250788,0.2415,21.503284136813452
40,734921,0.6905,615.8502547675794,0.2185,30.208542006836904
41,734921,0.9095,142.74962191616683,0.5465,9.976548159492982
42,734921,0.384,78.86278543213614,1.9255,3604.4844437647785
43,734921,0.2785,32.65470396090234,0.909,23422.863009326906
44,734921,0.47650000000000003,89.90612004625285,0.8615,8189.017447987956
45,734921,0.606,18.979731824790754,0.28200000000000003,187.3067138924177
46,734921,0.663,142.0861743722122,0.8325,871.3296915413302
47,734921,0.41200000000000003,168.24002979256397,0.20600000000000002,97.41943041267751
48,734921,0.5195,49.66452233545064,0.7845,58904.99990489963
49,734921,0.3185,192.6337767179148,0.6365000000000001,45.99327150830827
50,734921,0.602,3869.510630298446,0.7195,40924.43836930928
51,734921,0.5125,179.1907438864077,0.556,30.406546169052902
52,734921,0.7425,164.98234100826383,1.6405,6131.1459692767385
53,734921,1.067,55.44215182458998,0.185,16.81910582084478
54,734921,0.427,50.37242741178527,0.5205,458.8997360755253
55,734921,0.4655,15.019692707797525,0.295,32.784443403394064
56,734921,1.42,4756.641880396487,0.85,527.5965524549943
57,734921,0.28,135.24355637197664,0.734,88742.11380652162
58,734921,0.1355,10.043481946390665,0.468,48.53090834723933
59,734921,0.5315,120.09062714153592,0.6845,8.112227853120011
60,734921,0.1575,8.211085725017565,0.9635,748.7278289838148
61,734921,0.46,26.725816680913308,0.3425,226.59570708410422
62,734921,0.581,35.43231684355282,0.5395,2897.959091397715
63,734921,0.9755,14806.225734642956,1.1195,574.6798110155886
64,734921,0.5145,88.11288069707702,0.29,443.9293205971162
65,734921,0.426,147.88033412180545,0.9075,100.37170710610528
66,734921,0.2415,24.813590359952176,1.0065,2761.6724924645464
67,734921,0.4805,55.94719417194845,1.679,172.55989972769305
68,734921,1.4885,175801.29321088895,0.542,216.78580459927235
69,734921,0.58,61.275981412413856,0.3045,12.738361303681863
70,734921,0.3845,191.15173958512864,0.679,5.091994028183075
71,734921,0.705,336.01928546575385,0.608,375.9159671388378
72,734921,0.4455,96.22952033656911,0.8685,7468.481335767036
73,734921,0.846,349.2686674986664,0.8035,42.41952095985475
74,734921,0.6970000000000001,253.83603921198252,0.581,85.74865602809085
75,734921,0.6745,61.21913095890343,0.7025,988.2362361333726
76,734921,1.1300000000000001,62.725260033387556,1.361,10852.434546221339
77,734921,0.3635,19.030066033835897,0.3285,34.85596234732111
78,734921,1.441,5388.033119838535,0.5765,79.79337566670084
79,734921,1.119,780.0113338506653,0.3635,53.023418351458616
80,734921,0.597,38.9459412676911,0.381,62.28822062970254
81,734921,0.6585,292.04338453469086,0.2735,27.559228194885865
82,734921,0.622,262.9120743811789,0.5825,1710.9870582511514
83,734921,0.6990000000000001,240.3069652310928,0.421,309.49482501830846
84,734921,2.636,48252.229310306306,0.809,53.199561490450265
85,734921,0.657,232.39772275722729,0.6275000000000001,461.19878648340983
86,734921,0.9305,161.43752864035312,0.8205,66775.72964035033
87,734921,0.9795,6864.329619977612,0.448,88.12070109302324
88,734921,0.4205,43.53931947776392,1.576,173.54316789666032
89,734921,0.7825,25.627843351434233,0.6035,519.602698234208
90,734921,0.23550000000000001,19.900571862412527,0.8135,128.62671151613685
91,734921,0.5425,324.505302723884,0.327,8.427795837951965
92,734921,0.4975,91.17419924427047,0.8205,9706.435855838494
93,734921,0.989,58.36562400163101,0.4465,97.53762975752667
94,734921,0.533,88.66962851019441,0.607,23.70653938815367
95,734921,0.646,57.374229736666585,0.9735,48.30984433220926
96,734921,0.4575,41.63011438873708,0.3295,27.793986849464105
97,734921,1.87,171.8057866102552,0.4925,403.56083462931065
98,734921,0.3245,10.116453193229768,0.8175,4341.375283846662
99,734921,0.308,24.416125714956074,0.509,245.76306380395894
100,734921,1.0010000000000001,137.84656597749685,1.4305,299.1119429773725
101,734921,1.5130000000000001,328.97557362991205,0.485,536.5279063374111
102,734921,0.335,66.09429933023094,0.6215,19.476960836623714
103,734921,0.578,1950.5164936015617,0.5415,3521.8589688343172
104,734921,1.3705,48933.020925075536,1.4725,707.7944431575306
105,734921,1.302,347.1252891815457,0.4305,155.70359225544806
106,734921,0.5630000000000001,51.010212820989544,0.321,112.12788005475961
107,734921,0.515,26.742842287639647,0.5405,6428.049810316604
108,734921,0.387,55.12259628337789,0.5650000000000001,17.632013877710133
109,734921,0.618,25.939122211028053,0.73,50.009543049193695
110,734921,0.6545,40.47531055386891,0.3185,310.66524293521996
111,734921,1.1815,796.1042655064853,0.435,202.865224799518
112,734921,0.48,44.13863499815837,0.483,24479.707929088756
113,734921,0.5755,295.3383519951937,0.9095,167.82089118554728
114,734921,0.541,48.24756478836777,0.6205,86.0111172209048
115,734921,1.354,224.39843429536614,0.737,168.36809006457855
116,734921,0.629,57.146459084587065,0.41200000000000003,374.74628503497803
117,734921,0.363,249.93435705989788,0.556,36.78304568682581
118,734921,0.7465,2182.511124076953,0.727,13.394259716949014
119,734921,0.488,1706.4845420909335,0.447,34.52846956785585
120,734921,0.5725,48.746090788014676,0.2475,602.6636912196185
121,734921,0.976,1408.8360138982116,0.513,84.57301087561521
122,734921,0.993,1567.1939062775505,0.608,16.567831926640864
123,734921,0.404,526.5970197967413,0.7515000000000001,47336.086652945676
124,734921,1.274,3035.6515667732506,0.8465,556.3123001503633
125,734921,0.7075,848.3364545703539,0.4305,109.78524296624335
126,734921,1.116,6775.8292718578505,0.6715,228.34413179915197
127,734921,0.8625,1605.4884970159583,1.3315000000000001,282.1041322783818
128,734921,0.2795,63.459901298814856,0.524,126.49628622270176
129,734921,0.907,51.98940614636998,0.4545,28.38702426446332
130,734921,0.47700000000000004,179.462275867137,0.418,15.01426084971652
131,734921,0.606,258.5981805852099,0.4625,154.90104309122805
132,734921,0.3655,39.28017740533003,0.4535,14.771518288612986
133,734921,0.769,215.1147326290741,0.3175,36.16832701845534
134,734921,4.7495,75195299.58809102,0.341,10.704293571190329
135,734921,0.5755,116.81362854842041,0.3545,193.18293797427881
136,734921,0.4965,25.817820073481453,1.2505,36922.273582889255
137,734921,1.41,228224.46915792944,0.649,88.30247435054659
138,734921,0.4975,108.62227938875527,1.024,49.68910917845808
139,734921,1.0105,918.7276763359238,0.2955,20.48690728136454
140,734921,0.74,693.2392292652414,0.421,7291.59719753077
141,734921,0.668,146.93756426227958,0.5155,313.5338913861528
142,734921,0.2785,19.790972291092608,0.904,8713.030628837294
143,734921,0.3615,84.84597754318035,0.638,325.70176789723723
144,734921,0.594,194.03859091474814,0.429,392.0436571109768
145,734921,0.384,71.38206341332094,0.6405,358.42513459120124
146,734921,0.353,19.453812313529347,0.3275,50.67437521971703
147,734921,2.3185000000000002,861.769465609728,0.358,21.977179018456187
148,734921,0.3665,39.07999145819323,0.2275,15.67154003192666
149,734921,0.4865,92.47235040708567,0.5145,147.0270003797124
150,734921,0.3915,16.49708995693078,0.209,40.35648593580198
151,734921,1.0665,963.9529155263609,0.6675,133.58669508183692
152,734921,0.4865,135.97527813959894,0.7995,22154.213781356175
153,734921,0.242,8.343145000655142,0.441,3173.9673282461986
154,734921,0.7045,199.95402392640304,0.677,77.32971201938396
155,734921,0.8210000000000001,993.4023179458093,0.6395000000000001,79.04113602746062
156,734921,0.3845,75.4343196955481,0.2975,93.84525860814975
157,734921,0.2525,94.10615319090078,0.6145,29.844971879692114
158,734921,0.8935000000000001,389.04735278868503,0.4015,37.91921674979357
159,734921,0.6980000000000001,99.05434650047303,0.404,32.683370926990854
160,734921,0.7695,77.72909962205459,1.341,26767.956438107143
161,734921,0.871,610.4592692003696,0.9825,281.23175444012156
162,734921,3.232,1014.9082299592158,0.3765,108.04045215077959
163,734921,0.307,40.09439911119807,0.9055,197.50159338141796
164,734921,0.4015,33.043872176335555,0.744,2152.768434280733
165,734921,0.6970000000000001,2825.406108196153,0.47650000000000003,448.54865738554247
166,734921,0.3035,12.516409855327085,0.3225,439.63505797864434
167,734921,0.5745,151.10565307862103,0.5345,74.80699144019017
168,734921,0.6425,1495.2757667247502,0.5585,21.483186168158326
169,734921,0.306,25.558720329462712,0.726,178.22857434746328
170,734921,1.091,174.41114431559677,1.125,51.82565651079363
171,734921,0.6495,158.547875116364,0.541,34.30170094933903
172,734921,0.458,19.1504277502062,0.8310000000000001,226.0822310816921
173,734921,1.391,778.213381387757,0.42,50.08143094732066
174,734921,0.552,37.322798425582455,0.4655,15.446595352565598
175,734921,0.439,205.782723639427,0.8695,5845.18190322218
176,734921,0.4175,39.493229265345676,0.8755000000000001,28294.698885837814
177,734921,0.655,113.44429720704278,0.626,57.576987096822464
178,734921,0.5435,86.82277154871615,0.425,193.10442630502376
179,734921,0.375,35.77472056327305,0.5625,92.42206111516633
180,734921,0.8505,2706.81578207161,0.335,289.7126342061412
181,734921,0.23750000000000002,34.10474475047131,0.34450000000000003,74.76697875597014
182,734921,0.7325,737.6090792866054,1.227,8.286136835143905
183,734921,0.23950000000000002,27.64807099629419,0.654,7.177626453894228
184,734921,0.5605,83.72183207339305,0.4025,28.78611733173606
185,734921,0.34650000000000003,35.575354957500934,0.3585,326.82331115276014
186,734921,0.3985,24.88785636857153,0.8355,49.569777563419464
187,734921,0.451,330.3233928995651,1.0725,71.26922841489703
188,734921,1.5170000000000001,140122.31373089785,0.7325,346.9164890197215
189,734921,0.551,109.1608669836495,0.7215,813.484634443461
190,734921,0.9885,642.1326217685167,0.755,2369.5110764667957
191,734921,0.5795,42.138829877367876,0.3325,18.925687246888504
192,734921,1.087,122.49299779734046,0.4495,124.15611057052439
193,734921,0.9695,4750.496335792584,0.47450000000000003,21.78322597138125
194,734921,0.5265,270.60572242397785,0.625,1068.6186825569287
195,734921,1.919,1177.0467607287737,0.739,118.16711972874108
196,734921,0.47000000000000003,52.75164112565701,0.494,520.4217836984635
197,734921,0.9135,3070.4321422162598,1.1440000000000001,85709.66946792351
198,734921,0.6625,125.05642065333066,0.59,209.38596239815112
199,734921,0.28,32.49703563824075,0.3085,92.8441339383782
200,734921,1.208,256.08745678058546,0.768,190.71646333552505
201,734921,0.4445,263.98071818737105,0.553,11.34649269769179
202,734921,0.6735,314.02538486595387,0.3395,154.4857507676383
203,734921,1.7235,477.90178617600566,0.4285,317.9996422983838
204,734921,0.537,83.92970548255245,0.4685,332.7757117031847
205,734921,1.4155,700.2173516494526,0.5115000000000001,1998.8912547035643
206,734921,1.35,47632.593337736485,0.8585,14539.106884058003
207,734921,0.9715,138.79903802562768,0.7595000000000001,17331.560400543283
208,734921,0.3625,62.60028046395838,0.40700000000000003,148.09363795531016
209,734921,1.627,114.22405435906325,0.8445,36.27172194386108
210,734921,1.075,8814.006613811327,0.9365,6450.873663298801
211,734921,0.7755,791.4555451307531,0.47500000000000003,56.1674242936856
212,734921,0.9425,195.14537460997548,0.17400000000000002,21.67298993407895
213,734921,0.307,30.8594250641311,0.5945,27.476544801911594
214,734921,0.5315,121.1780596835417,1.0775000000000001,1046.917065650126
215,734921,0.40900000000000003,83.56722033527495,0.3065,40.919023393764526
216,734921,0.5335,406.738643945147,0.558,41.026671156387046
217,734921,1.093,59.718684334928504,0.35150000000000003,35.27648175736995
218,734921,0.483,32.90011097587092,0.6055,183.85326573000268
219,734921,0.436,45.903247611508164,0.539,91.71914442001744
220,734921,0.2115,13.650695113659562,0.711,743.7812298220999
221,734921,1.446,915.4109009011023,0.47450000000000003,112.97089901151394
222,734921,0.276,63.65396031027965,0.495,25.705389836061812
223,734921,0.6125,93.02094508283535,0.4985,56.108702299916324
224,734921,0.146,13.962054264318082,0.452,46.935446826657525
225,734921,0.453,78.33193845918447,0.485,34.493030261435685
226,734921,0.47250000000000003,276.5920493911828,0.2715,119.13394338252952
227,734921,0.9275,353.6030676202306,0.5935,70.55737779054165
228,734921,0.714,260.5171449573537,0.3235,30.23943205573623
229,734921,1.537,1209.4574352892994,0.242,7.585793388970879
230,734921,0.4005,8.531680104199943,0.5750000000000001,10.042066409653216
231,734921,0.232,41.41633246466159,0.7265,519.9457775477134
232,734921,0.6085,95.2917255806271,0.54,21.55852558098785
233,734921,0.312,61.30211395617537,0.637,159.9775613823006
234,734921,0.211,38.419102605961285,0.27,44.491052728993864
235,734921,0.5855,154.633944140397,1.0745,3866.25632108611
236,734921,0.7155,2107.670495392685,0.8250000000000001,63.112665627311316
237,734921,0.435,103.20843711519342,0.456,57.793024141516646
238,734921,0.58,23.79522336480328,0.295,341.65800970206647
239,734921,0.312,128.47669372944648,1.4515,82.01831835697274
240,734921,0.6305000000000001,143.74000059542178,1.5290000000000001,31240960.80977399
241,734921,0.51,63.17036030946053,0.4315,24.65873603213358
242,734921,1.3865,10150.339456302301,0.559,232.98282755194083
243,734921,0.388,35.35115830479289,0.499,171.20441741463546
244,734921,0.256,38.372685672463085,0.636,18.091495359809702
245,734921,0.393,66.57335370334755,1.0355,3160.1976605612836
246,734921,0.4855,148.56844818800965,0.40650000000000003,22.21551615186098
247,734921,1.547,5709.0292008189535,0.5700000000000001,156.45592367789078
248,734921,0.598,102.44093273379255,1.3435000000000001,13112.586690575541
249,734921,0.423,124.6262287689746,0.719,37115.26065325839
250,734921,0.8,3150.590469509511,0.1045,11.979353177730166
251,734921,0.651,48.73257521200897,0.658,283.6506303181355
252,734921,0.755,212.7579834712943,0.405,75.24312953707928
253,734921,0.708,1124.5858723950553,0.531,14.178592076655319
254,734921,1.4055,1359.189769807713,0.882,290.3322213793558
255,734921,0.9480000000000001,916.9905413986077,0.673,36.767434546886385
256,734921,0.29,41.736440922865356,0.8385,1064.4660784178916
257,734921,0.9510000000000001,1665.9794978740174,1.105,160.2124550208899
258,734921,0.494,11.245635045291692,0.6980000000000001,22.927845960998035
259,734921,0.3115,19.250103879640342,0.1935,48.78192061297128
260,734921,0.47050000000000003,49.210086314008734,0.6975,1034.9794005541733
261,734921,0.4595,120.74614594863502,1.2695,69.52601214989916
262,734921,0.491,2599.8575690832645,0.898,45.87289952307314
263,734921,0.307,21.528183687704807,0.5125,41.462579775384526
264,734921,0.3425,13.104382223882764,0.5760000000000001,15.9270617448723
265,734921,0.5675,838.9878080659904,0.4205,195.79152374425675
266,734921,0.505,14.412487353078713,0.6305000000000001,225.33718736869335
267,734921,0.5055000000000001,36.52960514500454,0.8260000000000001,53.5587988758206
268,734921,0.5395,961.1062771381339,0.7805,39.69945072066946
269,734921,1.036,32126.268149360367,1.576,636.1896574343824
270,734921,0.54,207.894242113329,0.526,43.562740158560054
271,734921,0.4045,108.4640625368191,0.3655,520.8663288800105
272,734921,1.0925,313.7499304777761,0.5655,89.16445425687945
273,734921,1.3900000000000001,598.7813252557968,1.062,72.7472278743457
274,734921,0.9580000000000001,2303.5641236469314,0.556,1870.1965864983765
275,734921,1.0125,7619.579192367881,0.3195,22587.42637794938
276,734921,0.183,13.220152174449906,0.806,19.152642432649394
277,734921,0.8135,103.78308423749199,0.3895,6.989604083043239
278,734921,0.9185,501.03593454223636,0.234,28.815600382318035
279,734921,0.34550000000000003,34.94948391977824,0.54,280.44567832930034
280,734921,0.4365,235.5582876116614,1.1400000000000001,196.38924305831048
281,734921,0.522,169.5424634548103,0.8395,2289773.547267609
282,734921,1.0035,2824.8071430243413,0.255,21.598179014962064
283,734921,0.5455,77.98893139528795,0.549,96.10422903849731
284,734921,0.992,1301.5151633883795,0.7465,775.506811703801
285,734921,1.3015,421.23606567778705,0.445,45.21178081932519
286,734921,2.2665,89072.30447190553,0.40800000000000003,399.42806440669955
287,734921,0.4675,30.326735277046676,0.2915,77.17152541047102
288,734921,0.41050000000000003,114.65795077896324,0.43,45.62445041440429
289,734921,1.4705000000000001,262178.6951505114,0.4195,622.7778860767321
290,734921,0.5955,491.868935075203,0.259,27.564141625260348
291,734921,0.5865,1119.301878717082,1.028,816.8906604223982
292,734921,1.046,66.80685327053378,0.2505,38.022283852880314
293,734921,3.9005,15889.80368086549,0.4505,455.0027632332631
294,734921,0.7785,719.5268253906637,0.604,116.10713096380127
295,734921,1.135,303.64265133821516,1.162,694.3074413299616
296,734921,1.208,1057.8815864965534,0.642,842.8223091188034
297,734921,0.8425,231.78226168865032,0.9470000000000001,677.1917446612766
298,734921,0.9355,77.16512992270992,1.01,3216.5541204838314
299,734921,0.5415,2422.1805214642413,0.3155,30.82528029387017
300,734921,0.986,2458.9746868655807,0.3085,111.86857217610873
301,734921,0.5275,36.50011598359743,0.639,224453.0063160233
302,734921,0.5525,16.88562285565886,0.799,146.05310928975857
303,734921,0.857,101.7043771556761,0.6845,1881.3267662331473
304,734921,0.318,93.48828491665373,0.4525,122.0985503334668
305,734921,0.417,1292.4520101929843,0.562,238.18095308760863
306,734921,0.376,245.97474801240992,0.23,917.7035628712398
307,734921,0.757,245.92102006236902,0.796,3090.4532720437874
308,734921,1.039,2949.954836887299,0.5085000000000001,27.51869928283439
309,734921,0.605,570.4872473082099,0.253,69.78295245078016
310,734921,0.8165,73.18000448072493,1.0150000000000001,1034.8908910224484
311,734921,0.6980000000000001,83.79644166149447,0.772,3216.705370409408
312,734921,1.166,670.7887943617899,0.6795,599.7336819917116
313,734921,0.6605,169.3656941079878,0.3595,13.06046561753477
314,734921,2.0155,14724.33912075393,0.4805,604.3417090136472
315,734921,0.596,758.3071107156298,0.3135,54.77690252069091
316,734921,0.4445,31.012249194502296,1.5595,11824.373920165528
317,734921,0.6495,164.37327699716988,0.5945,611.522584262736
318,734921,0.3965,6.503943276790037,0.455,11.206329341390873
319,734921,1.0925,52.81534449289954,0.51,1349.7966910957164
320,734921,0.457,51.2476140141278,1.609,284.0643112213988
321,734921,0.4925,296.4993993351084,0.4375,127.7319232476317
322,734921,0.36,157.9623709806136,0.921,214.4694601084807
323,734921,0.966,115.6867234495483,0.5655,35.231483753494665
324,734921,0.2185,39.03061263354434,0.708,2985.0735400930616
325,734921,0.8315,32282.392880189695,0.7925,145.73753080399197
326,734921,0.615,48.12968341071296,0.4515,342.25951194244465
327,734921,0.705,768.7351408784637,0.47950000000000004,37.93757484902977
328,734921,0.6055,503.71267581382034,0.5695,46.67234066773136
329,734921,0.4415,163.04849343645617,0.7125,30.19952615963178
330,734921,0.3935,23.71933440528059,0.5005000000000001,278.19809122182284
331,734921,0.5195,10.495152470260585,1.1575,316.6906086056278
332,734921,0.677,3447.7623248831983,0.34500000000000003,658.81922830353
333,734921,0.47500000000000003,208.55823584691476,0.894,249.5035600292388
334,734921,0.6960000000000001,111.92605535633541,0.6755,3093.903078988006
335,734921,0.4425,14.334831446441674,0.158,32.50593567378044
336,734921,0.552,2104.814621228745,1.4755,52851.27816129825
337,734921,0.4415,1964.2585499156621,0.1925,182.50971698438087
338,734921,1.2815,8270.692343028288,0.48,59.884528966338905
339,734921,0.295,37.8194510409153,0.1955,220.36920696779595
340,734921,0.3875,81.32767835231405,1.298,248182.97642170236
341,734921,0.937,287.2287586843637,0.551,569.9841370129071
342,734921,1.724,1790.156652723734,0.522,6.4365050290202594
343,734921,0.387,14.610696790640407,0.5245,45.87196197151958
344,734921,0.867,237.63568202388677,0.3845,37.62572124469479
345,734921,1.0125,754.982122317714,0.211,38.093202090535186
346,734921,0.3625,49.740374906948084,0.303,6.929618739003258
347,734921,0.304,49.9709868692728,1.0595,552.3563259851134
348,734921,0.6315000000000001,43.51442519972545,0.3085,91.4802154240727
349,734921,0.881,84.81098006618606,0.4475,158.13626631254928
350,734921,1.0755000000000001,506.3482168465265,0.8375,144.65560329149355
351,734921,0.8535,112.68654089607271,0.3995,78.56580012737366
352,734921,0.764,54.72991032939568,0.49,114.80171230438302
353,734921,0.3725,20.25910088381488,0.483,97.82647008318183
354,734921,0.6910000000000001,192.44864965865872,0.337,96.4610054755744
355,734921,0.5740000000000001,543.4522116063189,0.3865,32.13598394055463
356,734921,0.40800000000000003,33.590124457500586,0.484,75.88154794410107
357,734921,0.8375,486.375163237849,0.647,4281.564970457414
358,734921,0.86,598.0963795895427,0.8785000000000001,49.685458555650165
359,734921,0.534,93.99407979123124,2.362,26058.430930559083
360,734921,0.871,575.0467609260086,0.6575,77.50369523106896
361,734921,1.105,3495.0081907011972,0.489,24.79097423346288
362,734921,0.539,27.528790439345453,0.3915,83.50325049971936
363,734921,0.758,40.70606278337835,0.9425,1064.510263468887
364,734921,0.5,404.15730190257716,0.971,198.69151393203936
365,734921,0.3915,1149.0361047324893,0.2885,56.51884535647873
366,734921,0.6525,58.935370271916774,0.22,46.86076069211614
367,734921,0.739,322.34901962944815,1.05,39915.235731481356
368,734921,4.0395,226407.60086101087,0.249,26.086149035386452
369,734921,0.731,29.256450905642616,0.3785,277.2790949414371
370,734921,0.9025,91.97901409283247,0.5235,63.07618628716788
371,734921,0.785,137.13467942213686,0.5365,109.82701764176576
372,734921,1.302,2968.4099704848086,1.0485,8333.663787345853
373,734921,0.258,16.980734665740233,0.5625,844.777352086728
374,734921,0.214,10.42034764803034,0.49,134.72622255408066
375,734921,0.6675,137.90261196062107,1.0185,252.9954041193526
376,734921,0.4375,370.9912719722886,0.3735,14.688637206286359
377,734921,0.662,135.2195241450541,0.326,17.316839297884194
378,734921,0.5015000000000001,44.38266795997142,0.8535,333.34293969202105
379,734921,0.20400000000000001,40.44793044436544,0.3405,14.499374505958302
380,734921,0.7815,462.8539366696689,0.9685,489.89846810429003
381,734921,0.9495,1085.6124667797108,0.4375,30.52431175374151
382,734921,0.623,6300.638566361199,0.3905,18.525824014299957
383,734921,0.309,46.918466293213584,0.389,85.702918204322
384,734921,0.604,97.48492532205269,0.504,283.6841182900053
385,734921,0.8355,152.69020681506686,1.122,4603.196907219286
386,734921,0.391,124.5433742898496,0.3885,15.993129906532078
387,734921,0.909,6836.540394111947,0.7685,172.4067409604794
388,734921,0.514,24.02253796489287,0.484,55.93711367751042
389,734921,1.1905000000000001,138.95810344153747,1.5815000000000001,115945.69597930092
390,734921,0.377,93.41333052975291,0.623,2126.4441571873776
391,734921,0.3145,14.911412100529526,0.673,223.2696634312562
392,734921,0.197,30.450199540551043,0.5525,50.13938014768772
393,734921,0.3885,1333.7988890306135,1.0785,19242.386063131926
394,734921,0.5750000000000001,302.3426695196766,0.9435,43.70523871002799
395,734921,0.6005,553.9377136127528,1.089,147.45437687648837
396,734921,0.5045000000000001,42.76131364440683,1.1035,118.82533910528566
397,734921,0.5415,229.44422503307493,0.923,3210.072937855516
398,734921,0.923,226.3896228428728,0.7285,140.35462903197035
399,734921,1.2855,3318.043610333794,0.35000000000000003,85.81880699768608
400,734921,0.9605,77.43332121890053,1.178,12372.63298744492
401,734921,0.5865,35.06914819063489,0.397,1196.1987757454876
402,734921,0.658,1232.200732521914,0.966,681.7324449916096
403,734921,0.6875,41.844212865004,0.5955,80.35678640669116
404,734921,0.267,26.357058123987475,0.7565000000000001,763.9848223068457
405,734921,0.994,116.4430529727667,0.2575,15.237114166807656
406,734921,1.3860000000000001,136.16462818655373,0.524,631.0171162345088
407,734921,0.497,371.8351380764647,0.7705,34.03571777455977
408,734921,1.156,3850.5445804014457,0.6655,34.949467664279176
409,734921,0.5225,42.80918925598905,1.0210000000000001,2065.8799129315753
410,734921,0.6255000000000001,34.37156794619964,0.86,277.04770987540587
411,734921,0.526,294.91011790806016,0.9545,42.658152094254994
412,734921,1.7355,11545.009987877458,0.4005,50.822002988498106
413,734921,0.4675,27.849023597870058,1.6485,5125.537732236937
414,734921,0.557,87.97610931545472,0.6405,129.01618448976745
415,734921,0.8,1934.7790852054757,0.8310000000000001,138.36142154672737
416,734921,1.4975,110.58848270199717,0.5665,634.1821743909563
417,734921,0.869,6249.326928035811,0.606,13.962413575131036
418,734921,0.8905000000000001,43.040308676448866,0.811,51.46446069352529
419,734921,0.812,439.4691260362705,1.077,20.565185816986375
420,734921,0.263,135.49051635532908,0.513,76.04574972355054
421,734921,0.3375,37.223916091588094,0.398,422.2155291232446
422,734921,0.318,19.500476983592783,0.332,123.08307231655908
423,734921,0.404,27.564461636980877,0.863,2606.1381939484886
424,734921,0.501,196.75345330116127,0.631,14.176354155635241
425,734921,0.28300000000000003,17.287610194555977,0.6645,202.65379131658656
426,734921,0.9275,1122.9446386108787,0.2805,725.7864950361812
427,734921,0.551,15.765537567981626,1.247,217.36690172035784
428,734921,0.547,54.18243649400578,1.0835000000000001,194.91352790258904
429,734921,0.6920000000000001,63.18667763342793,0.2175,83.07691048464478
430,734921,0.3045,10.738409848299442,0.4835,738.1259857743102
431,734921,0.34600000000000003,103.50813180652396,0.377,65.36946145513733
432,734921,0.6375000000000001,55.227533681678196,0.9585,301.1351158321727
433,734921,0.293,44.06712779976602,0.788,238.64519358261657
434,734921,0.329,27.243198840606617,0.3215,67.16319693196951
435,734921,1.5855000000000001,517.7937936796825,0.6225,1312.871438096013
436,734921,0.855,5713.5876178582885,0.515,93.46936837262018
437,734921,1.359,76528.79957757899,0.4005,24.565082815484597
438,734921,0.4515,258.95911303459417,0.9595,2247.1687108599804
439,734921,0.392,12.267785592584065,0.41050000000000003,39.271230863082046
440,734921,0.434,61.38616532774125,0.686,432.0835476481592
441,734921,0.52,81.40231282944038,0.386,10.345449460252725
442,734921,1.045,5596.9117390691235,0.2685,27.88062134985949
443,734921,0.8615,70.00317887277305,0.559,16.267919603194375
444,734921,0.883,122.28842169140064,0.5685,39.00892035867612
445,734921,0.6025,42.69546192249154,0.5335,372.0199783144448
446,734921,0.588,248.5794723536971,0.371,801.3808693662208
447,734921,0.4975,160.5341498382382,0.2265,54.37559198863868
448,734921,0.241,14.181526941996701,0.4465,39.22186517432143
449,734921,0.6645,115.78493161934601,0.278,89.85247228361948
450,734921,0.5635,17.72534088521934,0.4295,50.44340892775252
451,734921,0.242,18.523300121447654,2.2725,14542.505786283142
452,734921,0.615,41.598330198444195,0.4445,45.6642535710909
453,734921,0.2495,11.952973526106163,0.505,453.9259554774351
454,734921,0.746,521.5815309827157,0.9675,168.71273991780967
455,734921,0.3055,20.236752649184456,1.095,4265.908868840303
456,734921,0.8025,1235.2430162231615,0.457,49.99702100308088
457,734921,1.0035,2663.250619746738,0.965,27.249320906102135
458,734921,1.569,5979.488445525475,0.258,25.043613255670195
459,734921,0.6475,70.71659238539712,0.6815,1676.452386282512
460,734921,0.896,189.6614943195606,1.0735000000000001,2753.782050023416
461,734921,0.5,58.484573981941374,0.6235,951.5333058556868
462,734921,0.3925,112.17921916951138,0.6025,1977.3335943776297
463,734921,0.543,4145.550567061621,0.4625,40.87157544969941
464,734921,0.454,33.884985545819866,0.671,91.81968830853604
465,734921,0.302,50.809554561240354,0.712,2192.866173833145
466,734921,0.395,16.745196160485097,0.11900000000000001,9.736996134903409
467,734921,0.775,31.174345444168633,0.4515,238.7029286206757
468,734921,0.359,24.14509682353507,0.8320000000000001,440.9198809963441
469,734921,0.86,952.589965642858,0.582,758.8771970451996
470,734921,0.5650000000000001,38.55773674846169,0.434,1600.1081190856617
471,734921,0.9470000000000001,366.74713502551344,0.481,19.126206416663315
472,734921,1.7375,128602.35120304543,0.9355,9871.514047735373
473,734921,0.164,32.60161046597487,0.603,130.5138029256135
474,734921,1.418,5118.716302720168,0.6345000000000001,204.16154311763324
475,734921,0.4575,210.37493193901446,0.4685,194.6667606656671
476,734921,0.5715,10.692145877424245,0.7545000000000001,57134.2857332812
477,734921,0.312,15.920054649778104,0.971,44.08431467505976
478,734921,0.5035000000000001,721.6355892768961,0.34400000000000003,29.39706333689645
479,734921,0.6835,85.98763424952467,0.683,2217.893233666044
480,734921,0.34900000000000003,189.54093499689833,0.372,58.067432998959966
481,734921,2.3770000000000002,63266.83142558129,0.864,907.2221868194663
482,734921,0.744,206.7548417203479,0.5935,433.0879889746477
483,734921,0.2715,82.48824555582048,0.245,171.77303102767343
484,734921,0.313,109.8134577003281,0.6705,478.1211101615021
485,734921,0.613,268.6164218393322,0.5175,182.84986161945918
486,734921,3.782,5479192.318518922,0.5875,50.69079342193408
487,734921,0.8495,756.8154236873377,0.275,98.24576079242703
488,734921,0.496,17.24644014612535,0.8355,809.659380232343
489,734921,1.714,3893.7591500573844,1.089,131825.71361593177
490,734921,0.2635,20.69402559958099,1.0205,8673.41953468753
491,734921,0.43,17.443155276540132,0.915,141.49579542812356
492,734921,0.975,81.1611331960799,0.3965,860.7516675572672
493,734921,0.5415,20.38256246767858,0.403,41.576069343939025
494,734921,1.4195,2310.8317106253994,1.1945000000000001,576.8145783022866
495,734921,0.7035,1940.0642052967003,0.579,147.72778117487383
496,734921,0.34900000000000003,104.93578697441018,0.597,602.9876292099877
497,734921,0.628,11.568716921668823,0.772,433.0547092709007
498,734921,0.2985,20.453765946411465,0.705,643.7508888028508
499,734921,0.6825,247.64319721326572,0.2715,46.58866005383201
500,734921,2.0455,2741.93174451138,1.1495,77860.453392515
501,734921,0.7795,178.44584406382634,0.372,1294.972920185775
502,734921,1.3395000000000001,1495.577895215659,0.63,83.26566157085539
503,734921,0.609,141.83093655716405,0.738,80.17630675937275
504,734921,0.444,249.30255309130504,0.67,30.154803871008372
505,734921,0.877,1397.000277382223,0.47850000000000004,106.93042815596988
506,734921,0.4535,21.624378263117027,1.048,320.180760872323
507,734921,1.0095,30.26400821679412,0.5975,70.5060246399563
508,734921,0.20350000000000001,10.51127200517964,0.4365,84.59840973193542
509,734921,0.242,9.01294935422754,1.0725,118.05253837138409
510,734921,0.53,118.87662863526614,0.5305,8.98133573018403
511,734921,0.7445,573.2610679083473,1.247,34.934176881420655
512,734921,0.6940000000000001,325.43499615172476,0.5755,19856.614914746267
513,734921,0.708,141.06568972354233,0.6975,45.61083822437595
514,734921,0.3925,43.254445516791236,0.422,72.77196301813721
515,734921,0.8250000000000001,12.144184684942157,0.4325,109.63637251080146
516,734921,0.548,114.4663532856499,0.7685,70.31213796567692
517,734921,0.1935,19.38493919128977,0.7545000000000001,44.21309061541554
518,734921,1.698,45974.86938155155,0.2905,59.20846713292117
519,734921,0.638,42.90925213108591,1.0190000000000001,159188.6272366449
520,734921,0.5265,34.14171781176878,0.6445,89.16449862879988
521,734921,0.626,23.805943828537732,0.729,34.977957354753755
522,734921,0.404,42.098779688408335,0.6575,12.940390500878172
523,734921,0.266,61.7924839442107,0.216,7.556119093025065
524,734921,1.222,887.9910631588552,1.0795000000000001,270.2657253023589
525,734921,0.467,868.8381331898478,0.661,2892.1312095165736
526,734921,0.877,1165.445931718833,0.537,215.5572132947943
527,734921,1.849,74197.50054590129,0.219,23.757270285453714
528,734921,0.259,17.883824763250463,0.631,258.7436748424557
529,734921,0.20500000000000002,19.22615146595937,0.401,110.9982662221948
530,734921,0.377,53.15916289971327,0.335,16.382340719616433
531,734921,0.706,77.38161414940613,1.25,343.7865946496538
532,734921,0.504,22.51575599322613,0.527,168.59947660339031
533,734921,2.0515,174320.5155036078,1.3495,292.38915493729627
534,734921,1.121,251.35506575353116,0.733,47.188831125778734
535,734921,0.7005,119.41297168323956,1.108,19410.351025244778
536,734921,0.271,56.550993951068236,1.9475,811643.3193873353
537,734921,0.4625,874.3158979587071,1.192,35738.502293714846
538,734921,0.2935,89.6565903329675,0.7685,170.73192235812212
539,734921,0.1815,14.396293876206705,0.3925,260.29816012814496
540,734921,1.06,90.42188459835249,0.3205,881.7836149350844
541,734921,0.982,322.2752813906297,0.6175,681.3457048854275
542,734921,0.7030000000000001,194.8471459078005,0.5655,2774.2457701502476
543,734921,0.549,412.87004623713193,0.35000000000000003,19.993329649105025
544,734921,0.684,57.79492836900743,0.8675,2237.220368783371
545,734921,0.4025,76.19805753769077,0.992,1111.5226225674392
546,734921,0.515,85.15464782159285,1.226,7687.199521626746
547,734921,0.4495,51.02983199235335,0.6910000000000001,561.5169094600743
548,734921,0.6805,302.01483459773954,0.8065,5082.967025993969
549,734921,0.47250000000000003,2406.0600565906325,0.28550000000000003,43.042611213367906
550,734921,0.34600000000000003,118.60989874276254,0.543,134.52958231836814
551,734921,0.585,119.82878978779584,0.3605,21.151310006284948
552,734921,0.9550000000000001,119.22879789505755,0.449,958.5095205706338
553,734921,0.4685,1244.4965533523962,0.5795,180.75388520440598
554,734921,0.6725,66.45526910308014,0.721,161.9773354128241
555,734921,0.684,19.4184542521304,0.8475,5684.47345565576
556,734921,1.1285,1461.817196241888,0.8305,136.82821414300852
557,734921,0.6275000000000001,149.28412441447114,0.6890000000000001,221.67176427423647
558,734921,0.312,128.0014487657211,1.3975,10944.367053534063
559,734921,0.267,39.50020400195844,0.673,381764.7384782701
560,734921,0.493,59.98992366913342,0.485,100.16157749183017
561,734921,0.596,404.93387973858955,0.47050000000000003,1180.2262977546259
562,734921,0.34600000000000003,31.650362206883628,0.7305,32.63539956992281
563,734921,0.1455,9.852657553122183,0.317,52.46851579917747
564,734921,1.582,1083.554194308967,0.505,900.6712482338829
565,734921,0.929,590.8339611572343,0.432,34.616512718853954
566,734921,0.2755,10.007627166858,0.636,150.53040577773822
567,734921,1.2225,20906.989625802496,0.357,408.18872283171555
568,734921,2.2165,2862.7123179012233,0.6295000000000001,285.9407317586882
569,734921,0.41350000000000003,90.56823410309134,0.356,90.34467967120344
570,734921,0.556,33.36376346534226,0.5985,160.66666265658492
571,734921,0.9915,1649.1809712776437,0.2595,24.305949725769135
572,734921,0.323,26.81521357161154,0.601,28754.42818305885
573,734921,1.7555,14314.826495858522,0.3685,26.82751569499148
574,734921,0.388,42.631373267703836,0.4885,81.53136400229181
575,734921,0.6695,1527.4786881298635,0.156,11.963730994644708
576,734921,0.4615,9.942625059295766,0.34650000000000003,16.628254210845633
577,734921,0.6825,313.5109061091573,0.4345,88.6535796489253
578,734921,0.4625,28.643010590880422,0.5005000000000001,109.27324442486955
579,734921,1.1025,146531.32056457133,0.4675,23.67920598697053
580,734921,0.7325,1678.2473640464498,0.339,19.780985689584572
581,734921,0.5285,68.93058941150623,1.176,1408.8950160402676
582,734921,0.64,134.50591550405218,0.357,39.647685099514696
583,734921,0.857,1086.0102540414712,0.785,1804.159477791341
584,734921,0.34900000000000003,160.28517049763866,1.2195,218.5497192953324
585,734921,0.445,166.65705869375498,1.5885,108273.58073661063
586,734921,0.499,25.259025982582077,0.319,158.82907499469067
587,734921,0.766,80.76332588409362,0.292,63.18706909050606
588,734921,0.4635,32.448195810882154,0.867,210277.43920129616
589,734921,0.244,38.37071019977589,0.306,1273.0229506926446
590,734921,0.365,28.871741108392403,0.877,326.5400307155257
591,734921,0.7685,177.69678549381032,0.6775,13.823466694208758
592,734921,0.623,45.87204908005222,1.551,30.48540800926313
593,734921,0.8975,9969.677383431394,0.801,11029.774221714211
594,734921,0.5505,29.09149998293667,0.6725,340.16949437723497
595,734921,0.6655,389.4318582093492,0.1715,45.96443252533849
596,734921,0.56,32.194100399528644,0.6980000000000001,81.9045827107842
597,734921,1.292,430.1128044577755,0.3205,407.1801273386592
598,734921,0.833,238.76607105107942,1.608,365.4628278150929
599,734921,0.234,24.110960252985077,0.3405,86.26512366108712
600,734921,1.5335,8653.215441686687,0.4305,19.995541166949717
601,734921,0.7545000000000001,39.774024533283615,0.2975,84.63238477491332
602,734921,0.5705,23.604564621522925,0.9895,144.1629133433158
603,734921,0.43,17.081539696516387,0.376,29.152018671991932
604,734921,0.5985,5031.258309037826,1.153,71.03871585958727
605,734921,0.9505,510.6272834354727,0.9075,710.3437714341347
606,734921,0.7365,47.70872790216046,0.304,87.78904529822849
607,734921,0.4405,640.1116719450665,0.4275,222.9903456220311
608,734921,0.246,31.56044514107683,0.26,22.65484926167394
609,734921,0.5155,52.934467872762916,0.753,502.3142510991071
610,734921,0.778,16622.184087311925,0.2895,95.95264520792495
611,734921,0.538,108.29506436964476,0.487,43.47097548312123
612,734921,0.8250000000000001,324.61613907956496,0.888,224.1740054030749
613,734921,0.2205,7.068500888753266,0.2245,21.95003181105092
614,734921,0.6275000000000001,426.1289609243912,0.9590000000000001,4069.0064456450823
615,734921,0.368,52.28058473485701,0.167,12.231029632189694
616,734921,0.711,57.22489932341368,0.468,189.25839010724394
617,734921,0.41050000000000003,26.213159848340123,1.666,7614.819688801263
618,734921,0.7355,140.4950113815068,0.446,47.05638367000791
619,734921,0.5445,101.24583818393705,0.465,31.453228585569942
620,734921,0.3325,22.746158803043446,0.8235,878.2496506762164
621,734921,0.6065,22.914995165421047,0.785,54.66901357311711
622,734921,0.521,26.907019615960472,0.5295,167.94709299892202
623,734921,1.5895000000000001,4690.637804119385,1.339,2676.990347876277
624,734921,2.066,1143755.0439314814,0.221,18.183374437819516
625,734921,0.4225,235.17600224022723,0.453,130.30692061012283
626,734921,0.2935,12.171268167070531,0.6725,22.107030064556
627,734921,0.6845,3738.3602918066244,0.47050000000000003,18.637717947518958
628,734921,1.417,279.4433083972781,0.5675,792.2244932369783
629,734921,0.2475,113.72273288218041,0.6045,20.419959482366007
630,734921,0.5005000000000001,53.843291917513106,0.6925,314.73954713643116
631,734921,0.5235,110.5329988706135,0.326,384.3638818162824
632,734921,0.3715,29.77702202899799,0.6325000000000001,45.382625757973095
633,734921,1.7335,14499.369980233236,0.7345,2553.329373987813
634,734921,0.526,120.4975956280459,0.539,94.35971221508302
635,734921,1.5345,249028.31225477107,0.2565,41.69983475672409
636,734921,1.0145,1336.5651128368613,0.5235,80.51635662434161
637,734921,0.417,215.4883881435985,1.0275,58.77794517813777
638,734921,1.212,8309.42664402608,0.537,75.62547398217194
639,734921,0.6405,2510.197929048664,0.381,19.359156308833604
640,734921,1.042,12460.344030783004,0.2105,11.183771714515654
641,734921,0.28450000000000003,32.680367662519195,0.449,41.78585111213753
642,734921,0.3695,17.407134693246235,0.34700000000000003,91.94798557724829
643,734921,0.338,39.463972921155495,0.4375,21.19775120928991
644,734921,0.6185,28.188670793338492,0.367,142.40607726069035
645,734921,0.437,40.537909292150054,0.598,529.3172280179649
646,734921,0.5635,190.7285430972536,0.604,1520.7253966158155
647,734921,1.4685000000000001,66684.6367455005,0.59,21.22433036794312
648,734921,0.264,168.8498370569833,0.5245,27.902565084941568
649,734921,0.2195,24.7194582318951,0.669,1781.0185021152827
650,734921,0.2735,82.9575799645311,1.008,8821.550157979878
651,734921,0.40850000000000003,125.51501112427967,0.5235,396.00299475657465
652,734921,3.325,90747.20074570776,0.368,21.25215650956879
653,734921,0.75,323.8074706606392,0.5435,8.425214022047768
654,734921,0.5705,1322.4732591475054,0.34950000000000003,558.8629674548353
655,734921,0.5305,116.88065726026193,0.7905,80.86840910031428
656,734921,0.7745,1506.9517144906824,0.706,3834.2842175097153
657,734921,0.8240000000000001,808.1046103231296,1.7825,388737.4452750692
658,734921,0.2,22.724070650772166,0.578,38.08242534955059
659,734921,0.5975,31.984989333007235,0.258,60.16825344527876
660,734921,0.338,32.120431749659424,0.842,255.39375834099394
661,734921,0.28650000000000003,72.82356904372568,0.5175,7.201228971687525
662,734921,1.685,1037.8088812173876,0.733,21.959557706630605
663,734921,0.89,21.43271988747788,0.454,779.4258204741512
664,734921,0.2165,18.742777969454302,1.0415,1378.0124266006155
665,734921,1.11,1758.6380983941349,1.2105000000000001,1409206.3946879813
666,734921,0.6635,107.65957663837673,1.1955,489.33314017573906
667,734921,0.3415,21.821411264294436,0.3705,48.61143324923142
668,734921,0.9675,40.166913061403534,0.549,330.8734339731985
669,734921,1.335,2472.776697422822,1.073,344.1965254230872
670,734921,0.34400000000000003,42.09844903838352,0.742,318.4120012207784
671,734921,0.2905,61.007678650257446,0.20800000000000002,52.54336698683357
672,734921,0.2805,10.575609141986304,0.406,52.841429282050164
673,734921,0.47700000000000004,117.17974486065893,1.833,361.0201294163774
674,734921,0.791,4801.5878211644485,0.849,213.35528171552494
675,734921,0.6615,65.09169644251811,1.446,264882.5513460664
676,734921,0.641,459.6513836250664,0.467,337.34289820208846
677,734921,1.2770000000000001,6418.297176377529,1.0105,361.6412180527739
678,734921,1.0345,1478.1149531351805,0.6675,59.46253890248154
679,734921,0.488,225.49667488954816,1.0165,617.8777396441168
680,734921,0.8155,20.015480006365983,1.701,9869.09979019044
681,734921,0.213,21.20180208637676,0.289,19.634735213979848
682,734921,0.8015,19140.753743062764,0.387,370.5808017483876
683,734921,0.193,8.731674444134404,0.7025,314.6880958253979
684,734921,1.6715,329.02288307946907,0.455,124.2463559230453
685,734921,0.9485,1261.0731944064628,1.029,197.81781625812587
686,734921,1.59,1935379.8950434697,0.8555,66.07763376899051
687,734921,0.797,417.75301451863913,0.41500000000000004,178.2481640802274
688,734921,0.5085000000000001,61.11041751269917,0.359,18.72263739040713
689,734921,0.4045,17.91675425393237,0.883,631.6447175458358
690,734921,0.6355000000000001,47.45681395242001,0.542,13.072787994087559
691,734921,0.492,1758.2959341463218,0.8150000000000001,326.37362028128985
692,734921,0.28,76.74514296420779,0.5710000000000001,19.949398581292762
693,734921,0.8585,164.26738892619156,0.5035000000000001,1071.8647605726542
694,734921,0.8065,176.84156392184332,1.115,212.08115601564677
695,734921,0.594,286.8818103073186,0.3815,712.5812189573676
696,734921,0.7905,665.4189351758973,0.776,1776.0840633003224
697,734921,0.278,11.26029498581636,0.47500000000000003,543.0020614003333
698,734921,0.442,17.037860250555468,0.6950000000000001,362.37862431723255
699,734921,0.527,241.0905883920266,0.5425,28.394427320841082
700,734921,0.31,19.74465928111536,1.029,621.4976529826906
701,734921,1.3795,5135.152940677524,0.3375,19.39855402174288
702,734921,0.5740000000000001,1302.8578239530839,0.4335,238.45018848937144
703,734921,0.34550000000000003,454.00015561907816,0.337,921.9275737109493
704,734921,0.59,78.09718753167628,1.4585000000000001,910.0468510839929
705,734921,0.4005,249.1240865442442,0.599,162.81285659016467
706,734921,0.4935,1148.813857328063,0.3355,43.415865682816055
707,734921,0.3745,120.82360835795613,0.5895,251.0576051821896
708,734921,0.6025,193.8089197179898,0.327,138.47617229974804
709,734921,0.6045,2033.372853001521,0.433,3016.262578204546
710,734921,1.756,5055.689813796718,0.8255,191.2221614210146
711,734921,0.41350000000000003,281.1155890886653,0.834,41.9650662609807
712,734921,0.2605,367.25776875087695,0.4425,2061.990848080326
713,734921,0.9410000000000001,609.3916887667114,0.34700000000000003,134.77930167481796
714,734921,1.6085,2711.8826909933305,0.56,93.78340498760419
715,734921,0.9025,122.42665366713871,0.329,45.5282189778569
716,734921,0.768,157.00103513901016,0.5635,11.612357840692068
717,734921,0.3915,553.4050988331686,0.447,2533.059572567865
718,734921,0.4845,31.476115147566926,0.542,32.927066340859305
719,734921,0.909,2081.8668275295227,0.927,408.09359738026257
720,734921,0.28600000000000003,101.01165454721175,0.754,419.4186661839682
721,734921,1.1265,462.800574408115,0.2005,13.807434228821963
722,734921,0.516,85.56581208788919,0.785,23.7811612671281
723,734921,0.377,32.51718248904258,1.0225,1526.124803162566
724,734921,0.4,294.650850370489,0.4435,146.25010519310266
725,734921,0.364,126.52515302193024,0.28200000000000003,27.93857142341033
726,734921,0.203,10.460249614620118,1.179,370.5998485643642
727,734921,0.242,22.68361843096534,0.757,350.36456787708534
728,734921,0.2995,372.19273342756844,0.4805,1112.3733575827307
729,734921,1.537,42140.73796566364,0.6980000000000001,53.23920171775522
730,734921,0.34650000000000003,76.08962851185065,0.909,352.54834828984406
731,734921,0.928,266.0607772496581,0.4385,1139.7774940134589
732,734921,0.437,182.32235014374336,0.5725,59.567541787455575
733,734921,0.5425,34.351436695926054,1.454,117.20248414200972
734,734921,0.41150000000000003,51.933888381228776,0.6545,81.24741698189155
735,734921,0.7445,179.1828503516501,0.9125,262.15682197914043
736,734921,0.6135,115.44430002744897,0.9915,1129.6224354978422
737,734921,0.3655,141.736672925523,1.3780000000000001,279390.8127328341
738,734921,0.28350000000000003,73.63267325872536,0.761,20.399282523530502
739,734921,1.2790000000000001,340.0725779674851,0.2965,63.367991970529395
740,734921,0.263,8.873366220799221,0.5025000000000001,109.8164755873467
741,734921,0.293,64.1589538810889,0.333,20.828557026927296
742,734921,1.4625000000000001,8805.094225673747,0.812,1188.7471634307483
743,734921,0.429,161.13148558693484,0.461,1697.5368155686651
744,734921,1.7295,4030.3384812426348,1.124,390.2313231663235
745,734921,0.8085,2028.1698181517665,1.162,21208.290011927784
746,734921,0.9995,245.55877284852127,0.5695,271.1648650323008
747,734921,0.7775,135.4425903925333,0.342,10.970225646818138
748,734921,0.6025,446.39603969443084,0.4335,23.760372895669576
749,734921,0.394,14.294387304546735,0.999,282.91087669485637
750,734921,0.5955,32.281694525155075,0.9205,122441.42251236488
751,734921,0.3735,50.18496404009394,0.7105,25.922436891902656
752,734921,0.866,1872.1825242603234,0.509,137.07599349925133
753,734921,0.618,225.6800891721715,0.805,44.39357755000776
754,734921,0.999,1679.4459843323195,0.588,358.466998125384
755,734921,0.5985,187.76170801099556,0.511,24.047580865968104
756,734921,0.527,197.60658084735198,0.492,1753.5824002331603
757,734921,1.084,617.7351987295098,0.2915,5.154615053007083
758,734921,1.913,25345.253408637996,0.5385,77.19105596758725
759,734921,0.4555,26.665072491063512,0.4835,1035.072886893521
760,734921,0.8190000000000001,7522.525032386722,0.3555,234.40086281715236
761,734921,0.5845,163.60547424933867,0.5265,16.437140988498268
762,734921,0.5640000000000001,696.3252941146314,0.20800000000000002,12.41612322121299
763,734921,1.741,40867.71299519298,0.5905,31757.404527880382
764,734921,1.835,269.8909744784696,0.248,247.6798290096235
765,734921,0.319,371.3895458823404,0.5650000000000001,29.139616299458044
766,734921,0.5785,77.30367598464085,0.607,1335.9309888267462
767,734921,0.2085,13.34449195275433,0.779,589.0075322636961
768,734921,0.3105,108.91934681142749,0.343,111.42144399114274
769,734921,0.895,417.4169474696465,0.29,354.63719138891383
770,734921,0.3895,7.966991203392798,0.9145,269.316626819075
771,734921,1.3345,9787.227272612756,1.921,609.8816118634122
772,734921,0.519,141.15167237444678,1.227,122.23981108127006
773,734921,0.913,565.601034661108,0.8385,124.81743912630164
774,734921,0.3425,113.83713631257105,0.499,535.651180678556
775,734921,1.165,5614.707545437021,1.0445,255.96419508855197
776,734921,0.244,33.95005298066349,0.361,34.98541448238677
777,734921,0.443,36.77131372791059,0.5795,11.499061388671105
778,734921,1.0175,1722.543393321175,1.0995,46.62841864135576
779,734921,0.9965,329.6987581411478,0.7755,62.772492912289145
780,734921,0.8265,60.02049744805644,0.9725,677.4711779520943
781,734921,0.5965,243.67366953595354,0.419,53.91229997741774
782,734921,0.297,23.164769995554906,0.791,22.28791921636875
783,734921,2.4455,11541.26030191327,0.245,12.928156321603838
784,734921,0.4455,47.170126482760935,0.5735,97.2678367394366
785,734921,0.748,285.15143794085816,1.5425,58.7670119676284
786,734921,0.368,213.2941098259934,0.631,537.3904286026412
787,734921,0.47450000000000003,46.69843661088005,0.2885,54.574141645653285
788,734921,1.0645,1863.0228896573465,0.7715,92.26759847629573
789,734921,0.8160000000000001,2606.7117471530432,0.1965,200.3554639051744
790,734921,0.5925,17.632940526696427,0.47700000000000004,277.5228470527722
791,734921,1.0895,6429.008038269085,0.227,4.1644270150889895
792,734921,1.4605000000000001,9545.623165931414,0.6565,181.00292337283065
793,734921,0.5975,52.17452982364767,1.631,4953.2263645961
794,734921,0.841,20.987778464149876,1.3565,2945.5423563281042
795,734921,0.41350000000000003,61.28837034977223,0.644,25.83864746424494
796,734921,1.037,1448.6923233055109,0.524,15553.753146745497
797,734921,0.4435,106.12276369991883,0.1815,25.95267412125702
798,734921,0.7025,253.08916635139025,1.7610000000000001,103655.4087393491
799,734921,0.654,13.7956282990349,0.447,24.307124489968537
800,734921,0.5875,194.63830528324462,0.41100000000000003,7.408598895563229
801,734921,0.28650000000000003,17.389467503284276,0.6495,72.18756377985609
802,734921,0.3435,22.35377396548038,0.8915000000000001,225.36285334382384
803,734921,0.47900000000000004,248.2259789965386,0.559,42.568009105500686
804,734921,0.42,268.5211774104093,0.5035000000000001,5.480869824277364
805,734921,0.7215,609.3116772632935,0.325,67.291097408126
806,734921,0.421,16.07430429504203,0.649,74.60031366687475
807,734921,0.5455,207.74547424919263,0.1925,89.91465411345362
808,734921,0.5525,53.29838286322523,0.5705,236.92766389082414
809,734921,0.5955,976.1235153224836,0.536,80.66092004976574
810,734921,0.9400000000000001,32.885058581410725,0.402,6047.880439687412
811,734921,0.5795,3070.0135919456166,0.785,17.810733473684323
812,734921,0.2725,13.380686360776737,0.526,9.46435153879463
813,734921,0.604,1775.989868159784,0.9375,1356.5664780632733
814,734921,0.47700000000000004,22.501863595221216,0.3735,642.2400880554472
815,734921,0.556,144.49621105992892,0.806,106.60483720280541
816,734921,0.8285,6547.735915153768,0.421,14.790565128944117
817,734921,0.441,48.204468652735116,0.1855,20.106059454318448
818,734921,0.592,48.64844921356062,0.543,147.9265067221737
819,734921,0.486,42.33207637761307,0.9565,227.1036040301013
820,734921,0.368,203.6311696441375,0.4195,60.75566677881222
821,734921,1.0245,799.9945727134675,0.383,8.284782107511354
822,734921,0.4205,15.074303313774404,2.457,178235.25373064817
823,734921,1.0665,46261.916608703345,0.6685,347.83737907970567
824,734921,0.7045,269.77935770006167,0.599,530.5812484945699
825,734921,0.494,22.15798430650634,1.758,20748.499557160878
826,734921,0.6505,195.85315536491814,0.41600000000000004,19.716636089414976
827,734921,0.9655,400.7368999769477,0.6545,919.1118064100076
828,734921,0.8235,8130.27687096771,0.6305000000000001,14575.25970013834
829,734921,0.5575,783.4477949977097,0.5235,94.94957904780637
830,734921,1.5985,29760.627510857743,0.523,8.36734233357619
831,734921,0.4035,83.97392261358121,0.6645,125.20033039672154
832,734921,0.23500000000000001,33.133775989179696,0.6315000000000001,336.90599689950056
833,734921,0.5245,413.63812226387165,0.5615,158.59057548195273
834,734921,0.6115,54.754622340503914,0.258,59.25472472902564
835,734921,0.6305000000000001,46.1553550463601,0.373,24.089575000966846
836,734921,0.2665,6.661153744385783,0.8975,110.73594770412528
837,734921,0.4185,288.14441110793115,0.3985,1834.1300449462692
838,734921,1.0435,6119.609745931094,0.887,208.72102493628944
839,734921,0.3655,28.89423554189665,0.531,608.4969339993577
840,734921,0.454,35.00036665118684,0.4055,232.46065608159907
841,734921,0.4055,15.152177292739898,0.5985,3121.982699039968
842,734921,0.758,1017.2617326495857,1.6075,79.71571419725974
843,734921,0.3695,38.61714815703355,0.299,173.38471337932734
844,734921,1.1255,396.0370612944402,0.8355,121.8072971899781
845,734921,0.7735,135.80954185074765,0.5115000000000001,100.81952774820923
846,734921,0.9425,983.1354256817616,0.7855,2849.773417159705
847,734921,0.40850000000000003,193.45210253330598,0.4985,1406.7602468101622
848,734921,0.326,33.62410107107689,0.556,28.498476353250773
849,734921,0.3875,5.932413171112177,0.624,238.10652988385368
850,734921,0.5585,695.2615249549998,0.426,56.77762049333335
851,734921,0.47500000000000003,9.75788587293724,0.5985,12644.04204748721
852,734921,0.6495,523.808106819865,0.312,52.35914657833717
853,734921,0.6940000000000001,47.24140758765124,0.545,1887.9933565955153
854,734921,0.23800000000000002,21.63623864551029,0.3335,24.74019745099292
855,734921,0.2235,17.238571694672288,0.9450000000000001,759.8790989919859
856,734921,0.264,216.96859769858963,0.5435,84.13795116375378
857,734921,0.426,32.81041458254155,0.2575,34.61613964605421
858,734921,0.665,1061.3348897094993,0.449,16658.510706099518
859,734921,0.488,24.232615046138815,0.7505000000000001,239.27900455251552
860,734921,0.6865,353.56893326749525,1.2395,6512.198481791023
861,734921,0.891,269.40566163934517,0.783,27.114036113215
862,734921,0.7545000000000001,4971.428709258554,0.5635,34.39512798929666
863,734921,0.3425,43.75292515905579,0.75,90.36011955373928
864,734921,0.1715,21.2576125403419,0.8140000000000001,64.76600700530479
865,734921,0.39,138.65720329063063,0.883,19.477950234578604
866,734921,1.1975,3391.695829677514,0.6085,64.92220505434125
867,734921,0.683,22.57358997908851,0.6925,273.9837808735911
868,734921,0.41300000000000003,12.317264702060918,0.789,1978.7471221524572
869,734921,0.3815,27.364720353990144,0.5365,461.13820423204265
870,734921,0.588,348.080982380167,0.23650000000000002,523.9713465292318
871,734921,0.772,499.8412762318701,0.8245,23.528243279094827
872,734921,0.4185,145.0379163996289,0.6145,88.62668341129773
873,734921,0.504,28.83089887609997,0.5740000000000001,87.04417227207712
874,734921,0.257,15.274721770774788,0.34800000000000003,86.79238070445696
875,734921,0.4195,251.680328548381,0.34450000000000003,31.47052928753207
876,734921,0.3865,147.9327126534295,0.4335,223.55916829479142
877,734921,0.589,97.10382770670694,2.0005,295.5312290402227
878,734921,0.5545,442.9146966722699,0.6105,5713.005009036911
879,734921,0.3565,370.9784356900475,0.453,14.495211816753901
880,734921,0.4365,63.557325984984196,0.4925,363.962899986435
881,734921,0.4195,83.74539731346509,0.7030000000000001,1912.090108762806
882,734921,0.352,59.99872532884497,0.336,19.065652963841615
883,734921,0.3355,28.07305360526524,0.6845,29.790989444104696
884,734921,1.249,320.13801699037407,0.666,7736.452048070516
885,734921,0.453,32.96102920967836,0.6105,112.77858213627279
886,734921,0.7010000000000001,630.6819584250483,0.437,39.32765789310629
887,734921,0.47750000000000004,395.26516490293454,0.3155,187.86309064835643
888,734921,1.1785,3396.2487925186433,0.28650000000000003,34.01908248759363
889,734921,0.358,20.802362904199594,0.4195,460.6821075341784
890,734921,0.194,60.84006056783627,0.28550000000000003,20.98422007681925
891,734921,0.7315,83.45260346695787,0.7665000000000001,26.55139798909611
892,734921,0.598,485.8669301803791,0.6215,572.7945262125727
893,734921,0.737,1952.14871012571,0.7655000000000001,47.45821163793317
894,734921,0.7485,492.2681368216683,0.499,50.58923200594575
895,734921,0.8595,89.89330980644459,0.8745,627.398736158469
896,734921,0.608,169.48435463650108,0.6085,260.8185906747392
897,734921,0.4005,42.509580244359796,0.858,170991338.0566078
898,734921,0.867,340.25060351845,0.9535,197.19562125582027
899,734921,0.59,42.387937633143544,0.3975,33.845961824201844
900,734921,0.6805,19.206248435984147,0.91,24.392452412784337
901,734921,1.9035,3273.770291871567,0.3225,27.26208642832811
902,734921,0.5685,333.5010449791879,0.5670000000000001,70.97926437809161
903,734921,0.8235,398.2449038054878,0.2955,28.808184340123454
904,734921,1.413,151671.578929592,1.3275000000000001,2982.9727182102674
905,734921,0.4385,618.6188541074024,0.594,181.25886024308926
906,734921,0.5245,214.0619537527105,0.8315,570.7515280534493
907,734921,1.438,5320.347707689098,0.937,945.0924831068203
908,734921,0.3795,103.97992260915206,0.376,21.069023306779133
909,734921,0.38,39.70478560367286,0.8015,506.2479740596011
910,734921,0.8685,1407.0159075989868,0.5035000000000001,20.463603494456923
911,734921,0.706,108.0798188251666,0.6900000000000001,25475.88222517115
912,734921,0.81,3536.632631846504,1.0465,234.11594578089998
913,734921,0.323,210.83682531219887,0.6195,93.6553435592099
914,734921,0.8815000000000001,30410.383736679072,0.1875,37.538765822524034
915,734921,0.5525,161.7387193947635,0.6375000000000001,29.53859153806491
916,734921,0.8815000000000001,130.1896542500379,0.28300000000000003,11.819893194703813
917,734921,0.4825,34.35388835747563,0.191,31.792094462157415
918,734921,0.2805,111.10004225040997,0.6005,74.47912471049169
919,734921,0.5505,385.179572493894,1.057,509.45138449590297
920,734921,0.6145,310.8795412594992,0.28200000000000003,72.10734538378131
921,734921,0.26,38.691327790334725,0.7375,49.351079880970566
922,734921,0.528,717.9010056135174,0.3435,30.96586079928392
923,734921,0.7255,13550.937864840722,0.8140000000000001,399.10286522847883
924,734921,0.4235,51.80317671740514,0.4935,29.114109590944807
925,734921,0.4355,484.62301388988584,1.0775000000000001,21982.088149607687
926,734921,1.0955,42861.74446683502,0.924,453.6344019225693
927,734921,0.9715,191.81388135739948,0.618,298.70462187127185
928,734921,0.329,51.730357568607936,0.584,262.6680622448051
929,734921,0.8325,37853.9510745952,0.6585,75.62899892135528
930,734921,0.47750000000000004,25.41658619204328,0.714,42.95386151114284
931,734921,0.6475,37.95792804141038,0.6960000000000001,293.7353024500284
932,734921,0.6185,525.9067194916227,0.28400000000000003,44.220625996846216
933,734921,1.4635,9600.646860725386,0.28800000000000003,47.20107812030973
934,734921,0.297,14.926729331555887,0.3715,82.7400811009543
935,734921,0.294,13.820513608345525,0.341,68.71847653148974
936,734921,1.3125,31332.013807170642,0.598,128.13320934634328
937,734921,0.6615,871.6976231768489,0.678,58.38401866525203
938,734921,0.545,33.281229754465976,0.4225,956.3419980864262
939,734921,1.008,179.8194735841833,0.5245,310.22894880163096
940,734921,0.731,212.25320758187235,0.4505,97.84048687980437
941,734921,0.448,19.69407916342908,0.40650000000000003,1381.9802554838973
942,734921,0.2405,46.19737611052791,0.7355,39.830930026860784
943,734921,0.384,56.75806013873693,0.742,25.29009687230495
944,734921,0.3605,23.90921929650605,0.525,23.193696041803573
945,734921,0.6920000000000001,27.689700224311025,0.257,316.5182971588368
946,734921,0.4835,47.29921916656531,0.804,162.45320628240697
947,734921,1.4515,55370.456039999386,0.34800000000000003,22.906287648775976
948,734921,0.4965,119.06078828818364,0.462,209.29167687562642
949,734921,0.419,19.35873400442432,0.421,383.66602892251535
950,734921,0.891,149.026372320892,0.913,38.17352401664801
951,734921,0.7665000000000001,30.529366307054037,0.529,856.81497406885
952,734921,1.5795000000000001,1273.8161782138443,1.25,3068.107131390001
953,734921,0.453,875.1674827805724,0.612,27.46951999730428
954,734921,0.4515,15.082699814487386,0.5995,28.53297067402112
955,734921,0.376,415.5980926446954,1.3835,10308.305584853615
956,734921,1.0315,5290.105061003342,0.6945,1682.507497340107
957,734921,0.4365,52.38044634303125,0.248,19.726175112974573
958,734921,1.1235,352.37561554109527,0.489,735.0310554981739
959,734921,0.2295,32.133464809993136,0.233,44.85458540772799
960,734921,0.38,17.596493282213366,0.517,38.2954282432059
961,734921,0.606,8.28988200675792,0.23550000000000001,57.27784456967987
962,734921,1.0475,622.5851493570582,0.5985,42.31872674208886
963,734921,0.5365,156.40961251401384,0.606,208.04055977887396
964,734921,0.8140000000000001,1780.8163723804803,0.29,10.031451891971027
965,734921,0.601,738.8533116082648,0.9935,7429.6174503038255
966,734921,0.455,149.41205450633004,0.397,93.73632020591384
967,734921,0.866,1912.120053745493,0.557,33.874872343778215
968,734921,0.72,272.33350676525157,0.8,71.14518592592839
969,734921,0.647,2638.3489062777285,0.3065,12.619532333383171
970,734921,0.3645,30.893862286540834,1.091,1292.2035168131708
971,734921,0.523,1126.8809621537305,0.3325,24.206718922999784
972,734921,0.4375,56.28106025160865,1.9705000000000001,859.9709965502078
973,734921,1.1835,1439.1049784267436,0.7785,26.787540668794232
974,734921,1.0445,104.43392642113541,0.52,129.83081896151955
975,734921,0.9550000000000001,1912.7447029535128,0.9695,555.8836927678852
976,734921,0.444,21.32393000794813,0.801,173.97835934650408
977,734921,0.5015000000000001,80.58396433905517,0.994,107.88376054279877
978,734921,0.7805,320.338109910583,0.7785,853.4554149898547
979,734921,1.0210000000000001,57.88414204544772,0.509,72.65739759376612
980,734921,0.9695,662014.0867685793,0.488,1626.2734844896752
981,734921,0.487,48.59068208582037,1.3780000000000001,3435.785808766082
982,734921,0.47650000000000003,59.645382829089364,0.462,7.022292901829878
983,734921,0.683,1208.7571127740193,0.9460000000000001,174.7567426468507
984,734921,0.2655,19.808593936875937,0.493,38.24605171801929
985,734921,0.513,102.35377981728125,0.757,110.67565936506594
986,734921,1.3915,10449.758978873593,0.2335,189.96781149785664
987,734921,0.507,39.930473537204065,0.2955,258.7749683690134
988,734921,1.497,11166.008771410443,0.41550000000000004,193.59133901359414
989,734921,0.589,22.44428293290643,0.8255,115.08485671171442
990,734921,0.244,18.85779044695389,0.496,80.4403166171548
991,734921,0.22,14.01242453934181,0.2695,51.79385197763855
992,734921,1.308,101.13521370841802,0.4545,601.1288264860691
993,734921,0.609,1759.9431841895016,0.531,37.22759385168616
994,734921,0.378,111.40271687710029,0.381,55.325107005490885
995,734921,0.438,97.97777394919228,1.079,417.73021242629216
996,734921,0.5065000000000001,614.078351242272,0.5700000000000001,4591.050650211992
997,734921,0.272,10.173885772701652,0.775,12.216013924210733
998,734921,0.85,338.3388839332812,0.3825,39.38716857321282
999,734921,0.5865,134.12408924119248,0.5565,39.890246898002125
1000,734921,0.297,23.991316794620897,0.7015,201.92889236381905
1001,734921,0.75,59.58904230570826,0.7975,77.44322591915457
1002,734921,0.5995,874.785804683581,0.3785,71.83741309238098
1003,734921,1.2575,4213.26554279511,0.41450000000000004,19.541533243425427
1004,734921,1.4355,52590463.96407451,1.0945,125.13181493247043
1005,734921,0.8885000000000001,111.93105563312797,0.5145,221.49188867386866
1006,734921,0.4925,78.39552556907731,0.7815,61.77139844560153
1007,734921,0.917,130.24509852609464,0.3745,143.8368823196354
1008,734921,0.535,220.40174960114203,0.4615,140.5278199354615
1009,734921,0.5655,84.47425398768107,0.9095,3073.7573091492836
1010,734921,0.376,11.993832054948351,0.424,214.88342268141298
1011,734921,1.0295,163.46398176229516,0.6695,66.5808121933782
1012,734921,0.4945,27.42486182695644,0.296,160.06083709165765
1013,734921,0.798,372.17238008989233,0.3825,30.23286082790789
1014,734921,0.6,126.08995319531658,0.504,117.34150225478328
1015,734921,0.5555,111.13447611164098,0.487,32.521602601168894
1016,734921,0.2335,63.185786684109736,0.5720000000000001,157.93669674093204
1017,734921,0.34600000000000003,63.12522521053381,0.5065000000000001,73.8954486657971
1018,734921,0.8535,10.722349139781162,0.8255,31.92287740370929
1019,734921,0.457,27.634059533059112,0.63,581.7222124198933
1020,734921,0.7255,2789.9309313971385,1.223,41504.851643696
1021,734921,1.887,90878.36441514475,0.6745,165.55829346224232
1022,734921,2.1185,1503.0634832353835,0.49,83.70243570130896
1023,734921,0.515,35.79962100218922,1.0125,232.4158503926934
1024,734921,0.375,37.312215088233465,0.4985,111.10568420234618
1025,734921,0.879,65.916854101292,0.541,129.48067267361174
1026,734921,0.3135,47.92218566556279,0.8375,156.3301900633746
1027,734921,0.5185,7999.413005009385,0.618,2920.3292973083617
1028,734921,0.8395,65.90153814067794,0.2095,12.327907000659517
1029,734921,0.5645,47.85157745395076,0.5695,212.55932238578464
1030,734921,0.5365,12.216258291923285,0.47200000000000003,41.13418015326258
1031,734921,0.275,69.4449840664231,1.1525,4386.091116458846
1032,734921,1.035,137.30068495716807,0.726,1332.5608759426257
1033,734921,0.3865,121.58890762972351,0.4305,8.801149336246745
1034,734921,1.596,40381.16172024448,0.2205,10.465940088166903
1035,734921,0.645,8108.3678916718445,1.159,130.01349520994975
1036,734921,0.64,78.98993737088846,1.31,616064.5633354543
1037,734921,0.9095,119.16909903866357,0.3765,23.92428481039906
1038,734921,0.679,17.27936503487274,1.0215,358.85582419593055
1039,734921,0.3065,57.545608639137264,0.23,11.185031913919008
1040,734921,0.8905000000000001,1096.530782890713,1.029,464.4626663662295
1041,734921,0.4685,117.33212015537575,0.909,104.6349929812135
1042,734921,0.8265,158.70930895149664,0.5255,15.023069518171633
1043,734921,0.5105000000000001,95.63815204418516,0.3585,13.69596262579443
1044,734921,0.965,1052.1812246222953,0.361,35.37559744982615
1045,734921,0.6930000000000001,94.8320326023764,0.23600000000000002,47.654358093539344
1046,734921,0.3915,18.985234720677905,1.667,1656355.4717973026
1047,734921,0.4505,249.48719481994206,0.2635,10.110505417531837
1048,734921,0.5745,476.4399405042817,0.296,32.409606832612965
1049,734921,0.506,287.50139216555385,0.341,1092.2605478656421
1050,734921,0.7275,181.45393229645893,0.8155,2434.67051517566
1051,734921,0.2625,34.80426962032232,0.999,415.99508149108897
1052,734921,1.2965,2069.558491656978,0.466,98.56887816040742
1053,734921,0.3415,34.80595847424106,1.453,19090.091385924774
1054,734921,0.40750000000000003,45.44305520750458,0.3735,289.9709736367183
1055,734921,0.265,36.573820775332855,0.669,167.01423792264836
1056,734921,0.871,4329.498565721252,1.2345,1848.7143146282135
1057,734921,0.4235,36.935354497936196,0.387,45.30252380604588
1058,734921,0.192,10.956273505634584,0.7225,465.73678055871414
1059,734921,1.098,494.446868379485,0.5405,44.09521609973138
1060,734921,0.2575,37.15989005522234,0.28250000000000003,324.3578392539265
1061,734921,2.1195,6718.730246470148,0.3755,85.93411815068761
1062,734921,0.532,1456.914786478096,0.735,329.60551838701656
1063,734921,0.402,344.4254503472675,0.431,1797.3613553106068
1064,734921,0.3545,95.99136925615976,0.6595,593.8709238038224
1065,734921,0.732,580.542400169009,0.739,688.5862774291799
1066,734921,1.049,546.8556960539175,0.3535,35.434730854807086
1067,734921,0.505,7.778208835543126,0.651,47.95054527843734
1068,734921,0.1865,10.117464067159371,0.767,33.61982541939255
1069,734921,0.47550000000000003,144.0749405329514,0.47400000000000003,19.59798449540447
1070,734921,0.7475,230.52287104577212,0.5875,116.17860673912307
1071,734921,0.4005,605.5662016533649,0.536,65637.86994453149
1072,734921,1.1715,275.80375009558014,0.6165,132.49545055291185
1073,734921,0.4425,3616.0720725561982,0.681,115.63589529500787
1074,734921,0.5615,2771.4953521611556,0.6950000000000001,102.22983437715857
1075,734921,0.41200000000000003,176.66405932558678,0.4575,18.022844594633703
1076,734921,0.405,25.907646479381313,1.2715,793.3122653667408
1077,734921,0.929,1246.541988343122,0.223,50.225210047559166
1078,734921,0.7505000000000001,360.75153394358324,0.7475,43.08534415658942
1079,734921,1.033,1803.3514854178034,0.421,111.31556030040826
1080,734921,0.8745,59.48734775291705,0.4245,543.3860957357072
1081,734921,0.2455,32.995511805565855,0.7615000000000001,121.52833588982769
1082,734921,0.2475,107.20506856038334,0.3335,85.88291671003778
1083,734921,0.4685,68.84336515822613,0.687,625.0249506644562
1084,734921,0.8395,325.7059827709669,0.5865,78.32446721472276
1085,734921,0.5145,128.6477676701566,0.289,25.58637612628925
1086,734921,0.9305,713.5902253717705,1.2195,2586.2765449666713
1087,734921,0.9015,135.8310242699345,0.8185,727.4978800387981
1088,734921,3.0515,1587244.7202839623,0.4975,150.2519637417201
1089,734921,0.49,205.95702602483254,0.2645,152.96775412293377
1090,734921,2.196,2765.6700879486884,0.843,643.5877422695496
1091,734921,0.3275,73.05957538936241,0.41300000000000003,316.0973910740864
1092,734921,0.4025,18.26823648663142,1.101,3311.747696819438
1093,734921,0.3895,30.590969960001576,0.6975,2019.2911039625492
1094,734921,1.3465,747.2197408714115,0.2245,40.46499435272588
1095,734921,0.8160000000000001,10717.445267021236,0.545,39.95732958195263
1096,734921,0.8310000000000001,39.172541739338556,0.5215,87.6850043466183
1097,734921,0.607,37.682956122192785,0.8885000000000001,80.16031270144626
1098,734921,0.2235,28.534422066648794,0.315,13.220709342762994
1099,734921,0.765,467.6256541916985,0.678,2394.8877329002075
1100,734921,0.527,115.02395384393022,0.5335,12.502236312602339
1101,734921,0.5245,1819.296599004651,0.934,457.7827144376539
1102,734921,0.503,130.15515274768524,1.035,23254.28286146933
1103,734921,0.53,22.86328311053142,0.296,278.98370954112363
1104,734921,0.5445,41.42511926855824,0.2755,8.708183806806261
1105,734921,0.5175,277.70132515731376,0.523,47.56930498019845
1106,734921,0.3115,39.20074663794588,0.5175,31.396117059675692
1107,734921,0.333,37.08864019639999,0.482,343.37124921631994
1108,734921,0.363,26.414538983912955,0.719,293.42476668836105
1109,734921,1.1955,919.4466727629175,0.776,523.7595637198126
1110,734921,0.444,590.1579715911489,0.3855,31.252954512337897
1111,734921,0.5335,285.87693905606113,0.5735,59.68855869836447
1112,734921,0.4995,74.62687526043153,0.519,2732.787462697777
1113,734921,0.4415,87.10426998833091,1.112,1120.240679371342
1114,734921,0.9115,175.52592806637105,0.5565,1528.7306438166984
1115,734921,0.376,16.80598393219445,0.9575,58.389304926739676
1116,734921,1.2845,3325.3679205036397,0.7155,44.344773112797036
1117,734921,1.327,1678.6500319719853,0.23950000000000002,9.467489432665678
1118,734921,0.61,98.38700586074842,0.323,116.45808998520107
1119,734921,0.5485,70.10838779843532,0.3595,36.4432020041928
1120,734921,0.2975,11.107518146087886,0.226,71.38395558828181
1121,734921,0.517,120.86804977482677,0.5575,7.844722509853546
1122,734921,0.8515,89335.04225812305,0.961,127068.14771783425
1123,734921,0.8535,7472.128545278046,0.5565,90.99085663685024
1124,734921,2.2720000000000002,445693.1659376121,0.583,516.3414473574393
1125,734921,0.422,39.0168268544097,0.666,97.84550289215544
1126,734921,0.9415,197.79620969342892,0.721,259.76709434908753
1127,734921,0.9825,584.0465176347843,0.28550000000000003,64.9442465062758
1128,734921,0.892,2543.5210478128374,0.41350000000000003,31.688659626001932
1129,734921,0.9135,128.02962328708688,0.47700000000000004,110.95326127419266
1130,734921,0.495,33.56450272810254,0.793,339.16631180733776
1131,734921,0.28500000000000003,74.6680399957475,0.2265,20.460235981144443
1132,734921,0.453,28.340317963326576,0.2765,37.007962183863974
1133,734921,0.98,2736.610552773235,0.23650000000000002,26.805692808220787
1134,734921,1.1515,14749.386315211545,0.434,47.10015608823742
1135,734921,0.5760000000000001,13.303815872026284,0.51,26.227449870946614
1136,734921,0.848,5819.788414812292,0.8815000000000001,528.5244991119755
1137,734921,0.271,28.82046309592976,0.3925,215.26992042742907
1138,734921,1.3285,6308.786869377723,0.3805,94.54215863080275
1139,734921,0.686,96.6620164094057,0.35100000000000003,287.9528049302579
1140,734921,1.0210000000000001,581.1374134531312,0.682,267.8616890987236
1141,734921,1.2510000000000001,80365.67543548324,0.1895,32.90057868776609
1142,734921,1.182,53.13460370615853,0.782,115.7985187698876
1143,734921,0.8240000000000001,32.7258890600434,0.462,112.59693892957515
1144,734921,1.312,296.97582000031093,0.406,38.34533494809355
1145,734921,0.839,63.7133137612807,0.507,252.9208964584674
1146,734921,0.8185,2270.435033210198,0.1815,7.562273529318463
1147,734921,0.761,183.656082208913,1.1265,10280.214287343735
1148,734921,0.71,133.4678469696298,0.539,1801.6193366502978
1149,734921,0.748,681.2324630799537,0.47250000000000003,82.69830013078479
1150,734921,0.8585,446.6884822763627,0.591,455.930151969089
1151,734921,0.211,17.642990623460616,0.75,64747.90551498831
1152,734921,0.834,77.8878829309566,0.9775,207.7423962404765
1153,734921,0.6980000000000001,10714.771052723894,0.592,60.090376440073165
1154,734921,0.2575,18.227446696606666,0.487,55.076017676862705
1155,734921,1.8005,1566.0759875940157,0.3735,250.48412838166897
1156,734921,0.5095000000000001,436.82348460385543,0.546,297.069659841639
1157,734921,0.254,47.05989611246957,0.856,1036.2714422155582
1158,734921,1.3545,662.1151289940971,1.11,53.25634921849518
1159,734921,0.8625,461.7500556918409,0.7115,82.46228740099532
1160,734921,0.403,8.681124258322498,0.5125,1388.6787393313173
1161,734921,0.458,10.975902398057404,0.495,68.16618103276876
1162,734921,1.397,13307.516936961207,0.3965,400.05618985923803
1163,734921,0.742,738.1025090755114,1.36,70286.11974474839
1164,734921,0.447,9.708467346996033,0.4815,20.575396642811835
1165,734921,1.78,47013.6094793212,0.4975,1344.570946541533
1166,734921,0.93,530.7162755643392,0.459,97.48142230149101
1167,734921,0.7315,34980.502114715455,0.932,231.29678788430732
1168,734921,1.3800000000000001,3576.158475156489,0.581,78.86105747167835
1169,734921,0.841,2235.682466344781,0.326,23.825392920483
1170,734921,1.671,154.51442227406528,0.551,483.9187399848967
1171,734921,1.7605,68635.60313604034,0.603,504.58168831853953
1172,734921,0.5445,104.90621873071409,0.5630000000000001,21.853657620144123
1173,734921,0.736,3154.1578821454195,0.34400000000000003,190.08700256935452
1174,734921,0.8455,256.9772292674153,0.624,135.58345275237158
1175,734921,0.4045,34.81993192554925,0.561,368.27553318858116
1176,734921,1.172,5234.107459804079,0.487,72.03523556475959
1177,734921,0.9025,1253.8910980464616,0.47000000000000003,307.5170550841698
1178,734921,0.5905,287.9227195590859,0.5355,447.32813332342005
1179,734921,0.384,33.00959569236721,0.84,392.2154263308294
1180,734921,0.313,22.02477771849284,0.7585000000000001,342.53832010825136
1181,734921,1.483,2576.7655158012662,0.513,540.8211061280355
1182,734921,2.149,5461.997975733958,0.544,44.726850418046595
1183,734921,0.2225,83.5003026097609,0.336,15.41676406241766
1184,734921,0.3155,36.60932400407724,0.524,20.256453736835184
1185,734921,0.3235,11.063479641034691,0.836,5853.501564114116
1186,734921,0.3805,12.491576234415149,0.7835,185.52983590305928
1187,734921,0.5485,592.580559205814,0.758,118.52364542803883
1188,734921,0.446,62.249197493298894,0.3535,12.368505657963182
1189,734921,0.47150000000000003,133.38040913871092,1.3075,1059.5100886764058
1190,734921,0.393,70.58300012577534,0.856,80.80425338608512
1191,734921,0.6645,46.40266990979949,0.7675000000000001,6622.654081659643
1192,734921,0.3915,52.26419594411566,0.706,231.76724950998394
1193,734921,0.609,135.8651350870299,1.141,1820.468396686812
1194,734921,0.6625,63.10240070730088,0.768,89.14746981287348
1195,734921,0.881,1308.898863772874,0.5005000000000001,1615.2363765388782
1196,734921,0.5105000000000001,149.9952100609507,0.2635,41.973159422721984
1197,734921,1.008,1357.9219393103956,0.329,10.961802225138111
1198,734921,0.71,4945.997447527315,0.41150000000000003,47.24096030902192
1199,734921,0.7055,424.404899340077,1.026,328.2777558493437
1200,734921,0.8175,135.5267761966339,0.7010000000000001,22.551306378781828
1201,734921,0.3315,5.623349352469326,0.9245,18.518370130892908
1202,734921,0.7975,25.96204650275375,0.4935,188.13754615765527
1203,734921,0.2985,35.24652586801556,0.3795,31.307932009836318
1204,734921,0.838,46.527013756672936,0.873,3868.862524580219
1205,734921,1.2745,1084.7293265980998,0.593,285.3778935216403
1206,734921,1.0905,7450.467380923869,0.7255,1369.5018148044944
1207,734921,0.5455,468.4339667065332,0.592,136.48410671764114
1208,734921,0.7675000000000001,47.01795098936399,0.597,1046.2282346667628
1209,734921,1.1705,1463.2604831883411,0.4,9.553613791863834
1210,734921,0.8025,112.62239664356136,0.7685,2464.1027443654143
1211,734921,1.9155,308884.3410280051,0.4335,11.87904806394726
1212,734921,0.515,65.12438300196183,1.5475,44.03984143096196
1213,734921,0.4915,83.30546080259352,0.467,54.64958174920234
1214,734921,0.9215,88.47686959791443,1.4475,236499.99363543332
1215,734921,0.6315000000000001,79.79201441465803,0.323,1219.6458383376212
1216,734921,0.41050000000000003,131.79058288565093,1.06,76148.01424809605
1217,734921,1.9080000000000001,752627.7026007727,1.12,38.86441606271503
1218,734921,2.3375,47956.72091982657,0.3975,398.94262063766206
1219,734921,0.169,43.273516408333045,0.91,22.91001523529148
1220,734921,0.9555,87.61736363194069,0.5315,382.7158128584638
1221,734921,1.326,1030.6263888697692,1.0895,179.21636285899905
1222,734921,0.604,54.14458349611702,0.41400000000000003,21.422430758739086
1223,734921,0.715,19.622881829310167,0.3675,378.0786625865721
1224,734921,0.494,640.1294674955254,0.9225,111.31124710490415
1225,734921,0.40850000000000003,63.62282765251307,0.5855,1759.795815900541
1226,734921,0.22,10.041659650997149,0.658,28321.249692925456
1227,734921,0.8545,203.8940349651814,0.4315,123.58733673703986
1228,734921,0.41050000000000003,46.150200759433325,0.5660000000000001,3090.470560510695
1229,734921,0.427,19.530241452899247,0.315,61.83800485061377
1230,734921,2.6455,54962.3742641915,0.898,30.591268067960588
1231,734921,0.5395,168.4615680563476,0.425,786.4070587895683
1232,734921,1.318,297.91896765716126,1.049,1119.1048826272774
1233,734921,0.486,29.22862573748411,0.2565,74.39139428256274
1234,734921,1.1380000000000001,14167.997899120988,0.5135,1459.5889778220246
1235,734921,0.969,382.40216599318614,0.7075,210.4789999704264
1236,734921,0.5065000000000001,117.9546428682211,0.5675,288.0015484987857
1237,734921,0.4345,359.6637597451451,0.7915,6514.128480365292
1238,734921,0.3335,18.097755114950242,1.0875000000000001,739.6661184079996
1239,734921,0.8865000000000001,115.26427787452488,0.5155,835.1718932992577
1240,734921,0.37,30.470040487125473,0.528,29.805964906923347
1241,734921,0.6165,25.847517485689995,0.719,446.8311588778789
1242,734921,1.6345,14232.325219252518,0.507,15.699603105796763
1243,734921,0.4865,181.1077064945229,0.867,274.19899039823844
1244,734921,0.2165,12.651337550364056,0.4395,547.4813662554003
1245,734921,1.2745,9909.561670593306,0.745,4074.318501562927
1246,734921,0.6405,42.71208587087077,1.7335,6353.439536714817
1247,734921,1.5345,128.2456403181311,0.8235,20049.373299410687
1248,734921,0.2335,613.269544610757,1.093,511.7047343148444
1249,734921,0.6265000000000001,1281.940879931803,1.0265,30448.094510341634
1250,734921,0.1365,11.712582921545275,0.28200000000000003,118.81330042419629
1251,734921,0.781,600.6157838642021,0.648,31.082715701819122
1252,734921,0.318,123.70324772978505,0.4995,17.522387267564362
1253,734921,0.6275000000000001,18.492985529458473,0.357,12.866290714549464
1254,734921,1.5005,163061.1098523972,0.4465,44.47674042486777
1255,734921,1.2585,4097.754642480834,0.66,538.319014127502
1256,734921,0.3035,29.67450529315418,0.8065,972624.9558544136
1257,734921,1.215,544.1563996147876,0.6525,32.93857816861729
1258,734921,0.601,56.70511062157392,1.334,691.6419062862298
1259,734921,0.386,112.2295483303053,0.3095,26.135884121274916
1260,734921,0.972,26.10896753412823,1.5115,86153.75512135142
1261,734921,0.388,20.591505208521244,0.7445,96.13219415695356
1262,734921,0.4205,62.53103410813781,0.3135,518.8953864020021
1263,734921,0.906,3342.669978186125,0.9605,148.38861506269416
1264,734921,0.9395,85.14891866872607,0.5855,151.21672640501507
1265,734921,1.285,285.4183032355876,0.40650000000000003,92.3645698920784
1266,734921,2.1755,511836.44356843934,0.63,220.77858725239227
1267,734921,0.5085000000000001,505.28476240163343,0.7505000000000001,576.1972778842277
1268,734921,0.6375000000000001,118.76906564559619,0.804,502.78911540216626
1269,734921,1.8825,2746.380491488617,0.4525,91.59501659194147
1270,734921,0.5275,16.50791026048035,0.7285,183.7086511102776
1271,734921,0.7225,205.28637245352766,1.982,16709.777213471814
1272,734921,1.7295,8040.902429374741,1.8335000000000001,8958.052922779476
1273,734921,0.3395,80.11878605129444,0.3715,35.21696549415069
1274,734921,0.767,701.1750417761724,0.4995,222.84428482551635
1275,734921,1.078,66.99154359335469,0.3135,17.70395552535166
1276,734921,0.8225,60.85891512409495,0.3535,36.51592264655766
1277,734921,0.5185,291.27878068191865,0.5650000000000001,221.162281832507
1278,734921,0.40650000000000003,86.44298683316384,0.488,451.7062287563295
1279,734921,0.4665,509.8051272425687,0.6505,118.63644256993321
1280,734921,1.2055,1049.3590037927506,0.7325,463.85117663918777
1281,734921,0.467,1053.7213173128198,0.539,82.32173146158546
1282,734921,0.603,41.22818149482727,0.9245,12502.5027693252
1283,734921,0.368,42.724556366638794,0.42,14.726327357981978
1284,734921,0.8,2293.892225194696,0.8905000000000001,5321.478488640617
1285,734921,1.931,42909.37499471127,0.6065,1159.7767680044865
1286,734921,0.6285000000000001,108.45914495498015,0.739,14.335061659013393
1287,734921,0.485,44.77150566489992,0.4565,291.85842594613064
1288,734921,0.6905,518.4668685588925,0.8685,6067.735022764046
1289,734921,1.155,280.44502389257667,1.2855,4315350.423013224
1290,734921,1.1460000000000001,948.4448861215009,0.587,68.237221737217
1291,734921,0.3525,24.422938700388535,0.352,286.07579111426435
1292,734921,0.2505,74.72340865306239,0.8160000000000001,257.89192768884476
1293,734921,0.396,17.63363597284927,0.308,30.753391821895708
1294,734921,1.3625,9239.125653507394,0.5205,47.919287955698515
1295,734921,0.4285,22.015257706361762,0.437,82.78308772533816
1296,734921,0.17200000000000001,23.067015096597085,0.5315,1306.5009382889743
1297,734921,0.792,47.323793837261306,1.096,54.42888158837655
1298,734921,0.454,229.62860716472585,0.23750000000000002,137.10054055099545
1299,734921,0.5895,3110.1931371381515,0.618,37873.83205217013
1300,734921,1.208,879.0774773707949,0.6435,1509.1172352170918
1301,734921,1.0815000000000001,155.03361335515504,0.6085,140.07801887734948
1302,734921,1.081,44.12409739957253,1.314,835.9243951523124
1303,734921,0.4605,70.00251062939246,0.774,759.9235807032715
1304,734921,0.7375,172.45613999396394,0.9845,38.39266403176178
1305,734921,0.971,77.50414010081033,0.5385,336.94291828257104
1306,734921,0.4975,138.01534796751386,0.4855,1843.3427816007456
1307,734921,0.778,156.05595678333964,0.1715,127.76450250154083
1308,734921,0.3175,15.075872573928372,1.156,36188.21613882844
1309,734921,0.859,487.87457956072734,0.184,15.06554461844375
1310,734921,0.369,1094.2338513407974,0.367,46.67620388167457
1311,734921,0.723,2115.1171222336548,0.302,182.2671092835535
1312,734921,0.424,135.4567251830093,0.34650000000000003,34.661003781960375
1313,734921,0.934,9.564895443033414,0.3935,7.655676153227098
1314,734921,0.7695,456.7279106259071,0.5665,391.99298539008765
1315,734921,0.3205,49.786066408139334,1.1615,8504.342265677304
1316,734921,0.3875,76.04929553943435,0.33,88.2483837893537
1317,734921,0.3865,160.8222039505117,0.47350000000000003,40.25155123708792
1318,734921,0.777,59.58725574784,0.9375,29271.467609004365
1319,734921,1.2115,2132.4483224503115,0.3405,33.48010331845013
1320,734921,0.602,1121.782667873811,0.854,24.681907230586173
1321,734921,0.9895,814.2872266292354,0.5055000000000001,66.0794624310065
1322,734921,0.597,29.095807292528747,1.512,816.3394708258036
1323,734921,0.483,41.76848759165309,0.8220000000000001,302.56527692905956
1324,734921,0.4615,78.52109768020235,0.51,65.52705615200095
1325,734921,0.992,66.63354715430127,0.4635,29.10135520623432
1326,734921,0.40850000000000003,552.9435674577101,0.725,62.30909741493561
1327,734921,0.3085,34.92952765701487,1.36,10263.479916012215
1328,734921,0.5285,18.405899405699692,0.502,275.5274285292042
1329,734921,0.8815000000000001,2257.9030844148574,1.1755,151.75873685502185
1330,734921,0.6205,79.44358876147182,0.6395000000000001,25331.86356072341
1331,734921,0.7195,576.2703569210062,0.961,758.4337644847361
1332,734921,0.364,105.49119763111263,0.513,10.813834870600012
1333,734921,1.2725,2389.3437452321587,0.44,193.07316709819645
1334,734921,0.553,67.2530818716404,0.7325,1868.9120989995183
1335,734921,0.9480000000000001,2188.549642490885,0.452,101.46298015245122
1336,734921,0.441,62.828632619531845,0.933,8737.693832707633
1337,734921,1.4795,21898.246005813475,1.028,1911.7379668966735
1338,734921,0.47700000000000004,841.4399826538016,0.757,1763.6901819777138
1339,734921,0.4875,182.40945250249445,1.12,1522808.208565347
1340,734921,0.782,881.5503362762065,0.361,41.79814494715284
1341,734921,1.724,1376.5622759500427,0.6,56.001350154325756
1342,734921,0.418,556.1261719319289,0.402,280.5315065328636
1343,734921,1.3545,568.4280398216594,0.963,70883.07110658982
1344,734921,0.383,13.292525744233776,0.8325,36.871719384262185
1345,734921,1.3135000000000001,47420.32884304512,0.6995,150.64050440506986
1346,734921,0.29,32.20448201459026,0.724,68.52425328688837
1347,734921,1.596,15819.794381915339,0.602,37.73031846327263
1348,734921,0.6900000000000001,1265.2034296955094,0.7475,1048.2722453753277
1349,734921,0.926,321.0437764961199,0.404,184.1960687372066
1350,734921,0.87,57264.39731845732,0.977,42.49724931395355
1351,734921,0.776,1549.8815833046478,0.6970000000000001,72.53231289790709
1352,734921,0.5775,86.8837996512222,0.4545,12848.215186180694
1353,734921,1.0745,210.80714392520932,0.41400000000000003,18.23526352636705
1354,734921,0.517,100.27805380706475,0.35050000000000003,17.432125929700288
1355,734921,0.268,25.84026720057939,0.3985,76.34302056878107
1356,734921,1.469,135640.55703733242,0.729,22.29442508664142
1357,734921,0.5305,494.79002819661895,0.5375,363.674504329839
1358,734921,0.187,21.70054872740144,0.539,89.83618356479441
1359,734921,0.712,68.45704916553274,0.7075,97.58927289403019
1360,734921,0.546,64.81555840049424,0.683,1313.5968515068926
1361,734921,0.5265,89.57644655250489,0.8885000000000001,237.10118077132216
1362,734921,0.2545,57.80767283599216,0.7705,29.45419159410191
1363,734921,0.856,643.904473474625,0.6215,101.68577964375883
1364,734921,0.836,3843.923540657687,0.749,204.89758466492705
1365,734921,0.7065,376.5024407093669,0.927,19.47608207969204
1366,734921,0.707,714.4824770062764,0.3805,22.69523966400881
1367,734921,1.0155,28989.62855717982,0.46,33.62205386485706
1368,734921,0.882,404.8175472481457,0.4225,191.3517605166898
1369,734921,0.8345,297.4737307788009,0.6125,23.058387722797363
1370,734921,0.355,22.06159377525079,0.399,10.723456250533278
1371,734921,0.6565,11.750497870735035,0.5720000000000001,31.357994512143343
1372,734921,0.3895,10.583996581725417,0.6025,112.62483685620327
1373,734921,0.589,1453.6615289277076,0.592,228.29997216018296
1374,734921,0.491,204.58227952753649,1.0195,1234.9915476542037
1375,734921,2.023,257891.75475928353,0.731,825.1510786857569
1376,734921,0.7215,1026.6074926271194,0.7195,39.45789946275679
1377,734921,0.4885,327.23250596143595,0.315,72.63576581520137
1378,734921,0.4955,440.43180744291226,0.5565,65.58348691349053
1379,734921,0.5295,440.34961194238446,0.317,69.7014160192213
1380,734921,0.3845,220.7376293548774,0.2605,41.92542510300339
1381,734921,0.2,12.546247708123447,0.4615,32.93618362377059
1382,734921,1.3465,96.71380977712465,0.5985,45.952587376125784
1383,734921,0.29,34.574628125171806,0.5690000000000001,84.49849225900094
1384,734921,0.4325,148.54384331882198,0.8695,609.836989792688
1385,734921,0.264,24.427055587768095,0.626,141.36317709183598
1386,734921,1.099,13967.464261546764,0.47150000000000003,181.9116541090446
1387,734921,0.548,87.910194884692,1.225,19628.970457880303
1388,734921,0.559,37.55464860637906,1.1885000000000001,702.8750803649066
1389,734921,0.312,412.5174777827373,0.706,46.59893506820302
1390,734921,0.5405,90.22102729513774,0.9400000000000001,85.56484980586454
1391,734921,0.8695,22581.941626123633,0.5765,124.30171575317084
1392,734921,0.7435,951.0351080030651,0.386,36.96493099301487
1393,734921,0.388,19.3017427040085,1.2695,10702.899827113004
1394,734921,0.5680000000000001,1124.2780468225267,1.093,141.0043847890912
1395,734921,0.645,77.88201118356548,0.6735,148.5827254290804
1396,734921,0.8935000000000001,5928.0758945547195,0.4815,31.266735391726932
1397,734921,0.6255000000000001,543.4225614467637,0.40700000000000003,6384.383929472081
1398,734921,0.989,1380.6356887871611,0.884,19812.285609773426
1399,734921,0.382,62.92258930332663,0.3695,139.16697479417715
1400,734921,0.2735,64.43222897209702,0.356,16.93476894175615
1401,734921,0.4675,64.3632555759958,0.524,961.2342792003413
1402,734921,0.806,479.4238089464619,0.41150000000000003,3044.393516380439
1403,734921,1.21,1419.0519599583356,0.3165,52.03318315833179
1404,734921,0.4355,8.418213725680445,1.0595,51.88653103290727
1405,734921,0.422,110.34399245112766,0.47450000000000003,9253.5776100287
1406,734921,0.743,2038.712322621149,0.3275,65.26986606624459
1407,734921,0.317,383.7794644764257,0.933,114.12880777042174
1408,734921,0.316,33.985959076225704,0.532,258.0671002361072
1409,734921,0.3015,99.7034932099984,0.7625000000000001,96.2917293345094
1410,734921,0.5465,102.68504582658713,0.559,1134.8199824473186
1411,734921,0.884,63.42183008108155,0.41300000000000003,373.4609259020882
1412,734921,0.562,377.43944892025394,1.0715000000000001,41.3656469236767
1413,734921,0.834,48.07885760038317,0.6445,137.19396871391692
1414,734921,0.8695,413.06120342576764,0.526,194.66086281004394
1415,734921,1.2885,6860.910419565557,0.378,83.88635563731627
1416,734921,0.925,3036.1198698172207,0.6930000000000001,79.8130849311615
1417,734921,0.3955,151.67241035396137,0.3145,34.60552808809835
1418,734921,0.7115,34.73560862869434,0.6990000000000001,42.32094513061905
1419,734921,0.4235,197.564820412619,0.295,34.29831889796739
1420,734921,0.535,732.1258405044092,0.3965,17.634579181659415
1421,734921,0.2955,64.25409358054155,1.7215,46.48255772087547
1422,734921,0.3215,32.568373626293535,0.4165,69.43648243052135
1423,734921,0.5175,43.837869003725444,0.4805,516.3322420928365
1424,734921,1.11,23615.108551565347,0.54,41.92865731966966
1425,734921,1.4815,358.1622498230601,0.9420000000000001,483.31958487795873
1426,734921,0.7595000000000001,290.48998567123147,0.7475,238.69154943730663
1427,734921,0.427,89.61483401028684,0.7675000000000001,311.7644271492328
1428,734921,0.35150000000000003,213.92884875029264,0.391,51.09210968493545
1429,734921,0.4865,19.60652299511215,0.7215,47.84306432900627
1430,734921,0.41550000000000004,112.02199109322444,0.434,34.0916558856917
1431,734921,0.327,23.16989675929702,0.445,64.04158370586752
1432,734921,0.4335,35.90609101106353,0.335,64.99702129564093
1433,734921,1.484,253.1349170667688,0.4665,33.050365166090465
1434,734921,0.47050000000000003,30.91744657523487,0.47250000000000003,12.176955512035873
1435,734921,0.3195,35.84119830379845,0.418,517.7827777491301
1436,734921,0.971,19968.352221530484,0.307,50.774595920453095
1437,734921,1.984,3742.656837111455,0.5335,65.19506624638565
1438,734921,1.842,26615.04250024923,0.765,14737.645293776344
1439,734921,0.307,33.786872227659735,0.9705,15227.380215842066
1440,734921,0.323,8.62157811800388,0.622,92.43959322488621
1441,734921,0.365,12.467731628299726,0.33,19.961462341644243
1442,734921,0.294,17.817365888431542,1.2305,437.0783971086734
1443,734921,0.9500000000000001,132.4491123312506,1.0655000000000001,806.9204951995667
1444,734921,0.636,672.9034204336385,0.638,388.44096474827404
1445,734921,0.9400000000000001,531.31360591573,0.6815,51.81393618434227
1446,734921,0.4805,139.65998567181836,0.4225,571.5521446965657
1447,734921,0.5115000000000001,102.92180013661374,0.999,127.70585451700218
1448,734921,1.869,4572.46663423314,0.371,7.966212586617421
1449,734921,0.5555,1382.8583513928531,0.5135,151.72521519369798
1450,734921,0.456,15.429537950424905,0.6465,355.80317359968143
1451,734921,0.8735,40.27932474886908,0.41200000000000003,18.393097243422684
1452,734921,0.6900000000000001,1092.1560223794397,0.684,100.72363925730022
1453,734921,0.47400000000000003,12.825550488842394,0.624,743.3932504624079
1454,734921,0.47300000000000003,52.444710983517,0.4435,34.06575529130451
1455,734921,1.5785,1979.8481285478892,0.6645,696.9189828881688
1456,734921,0.422,22.07617896766696,0.6455,84.21781002980221
1457,734921,0.9005,60.59282429275325,0.8105,355.6588327704644
1458,734921,0.457,81.23115709824707,0.716,1206.6022264576131
1459,734921,0.637,39.72703030873239,0.275,35.11972514393438
1460,734921,0.289,19.594739506341412,1.0135,2435437.8794559375
1461,734921,0.3785,35.6835770076368,0.5015000000000001,520.057929299283
1462,734921,0.577,51.69759421113315,0.417,14.74528271533869
1463,734921,0.505,14.668854684070833,1.6575,10131.118375440827
1464,734921,0.71,941.3266091534138,1.2675,140.9220444896804
1465,734921,0.9540000000000001,10355.853584084743,0.5975,36446.44995882528
1466,734921,1.335,21219.64473361578,0.835,7453.207239508433
1467,734921,0.3225,37.22852487027193,0.4265,45.0165766848945
1468,734921,0.52,151.27694762227287,0.4435,17.51039429203547
1469,734921,0.769,19.30412173948668,0.5895,314.97590953897554
1470,734921,0.5435,228.99204688102938,0.7010000000000001,293.64483508599744
1471,734921,1.3125,2945.362091192294,0.485,110.10998767235274
1472,734921,1.147,120.61874629205691,0.34550000000000003,642.6079170409989
1473,734921,0.881,213352.02126578082,1.3375000000000001,680.1756297472325
1474,734921,1.1465,420.3329764158748,0.6255000000000001,9.186720846620467
1475,734921,0.6145,58.03755785024933,0.7545000000000001,619.8256806048956
1476,734921,0.549,191.8032588683407,0.387,54.518297788247736
1477,734921,0.2475,11.27963779409497,0.685,444.1493445015527
1478,734921,0.5315,47.31627506321508,0.2925,38.027969371125835
1479,734921,0.6515,3273.011905563997,0.4625,31.64399347396678
1480,734921,0.5295,98.57220885432989,0.2195,595.9919988762375
1481,734921,0.6715,99.62482103244466,0.6875,218.6548431161896
1482,734921,0.3765,18.330944981851466,0.5185,410.6607466801481
1483,734921,0.598,179.5216745671893,0.329,152.0551198214412
1484,734921,0.7275,605.8404811394629,0.5195,145.51505126482462
1485,734921,2.169,5190084.142611613,1.0150000000000001,194.59718970801507
1486,734921,0.202,16.968122813432085,0.652,371.22995302319487
1487,734921,0.3755,36.39035450445992,0.5785,234.36540598674432
1488,734921,0.3135,13.083315441526166,0.745,1615.0240403004568
1489,734921,2.234,139258.53158170366,1.006,257.1237716808263
1490,734921,0.9405,43.35169276073092,0.5760000000000001,132.50397761793596
1491,734921,0.796,392.2118347934821,0.5265,23.51192398709197
1492,734921,0.372,18.404078870207215,0.55,94.23903450130886
1493,734921,0.622,43.44256002668529,0.232,208.75489301263198
1494,734921,0.7245,4533.537354737885,0.5685,1475.8952584211245
1495,734921,0.1915,12.405911354738032,0.503,87.49178427239647
1496,734921,0.4245,189.91766068433358,0.3095,14.204153192222984
1497,734921,0.23600000000000002,71.28371317779921,0.5365,110.106245149632
1498,734921,0.5885,77.74706708419627,0.587,55.62969529033184
1499,734921,0.324,38.54455585018363,0.8365,387.0773255245365
1500,734921,0.9430000000000001,6226.140228093004,0.6955,380.2331390948216
1501,734921,0.8375,83.90288238110041,0.47950000000000004,46.12871356711114
1502,734921,0.295,61.92069300579457,1.1365,8217.509102377722
1503,734921,0.704,797.6586713662756,0.7095,307.03360443351335
1504,734921,0.37,334.5265207771058,0.5805,98.33309070813495
1505,734921,0.41100000000000003,67.13398943627283,0.28550000000000003,147.7541021551652
1506,734921,0.36,92.15327639313556,0.447,320.735245000649
1507,734921,1.2015,2153.8472895926307,0.6735,220.97113752369373
1508,734921,0.506,81.47073176988492,0.4415,3246.0428771425813
1509,734921,0.6875,366.99750491994166,0.5115000000000001,213.3759995498422
1510,734921,0.491,58.95508758195084,0.316,408.2849592423554
1511,734921,0.37,164.79269768268932,0.7075,28.851617142200418
1512,734921,0.3435,79.82725530095175,0.8155,4322.140687081789
1513,734921,1.8345,448.751082819385,0.3395,52.14863749384461
1514,734921,0.453,71.80723475134825,0.4635,16120.488997745864
1515,734921,0.7855,281.89425771131897,1.385,2157.438611769113
1516,734921,1.035,1744.3228078601694,0.6455,7370.158011272419
1517,734921,0.858,289.7430418913781,0.342,125.0419032715825
1518,734921,0.41100000000000003,257.85593154975544,0.324,27.180195185935702
1519,734921,1.4060000000000001,64658.97686283782,0.3725,127.69213635520006
1520,734921,0.443,28.339283068285432,1.0,3779.5278993586276
1521,734921,0.451,51.33365160255373,0.585,13.449999296459213
1522,734921,0.4985,235.20025277678548,1.1400000000000001,50.706838489893926
1523,734921,1.6085,465.62136078170187,0.34700000000000003,223.75928564069864
1524,734921,0.34,43.41883518317553,0.4935,6.8506235205865185
1525,734921,0.527,36.24988976101049,1.19,764.5852190701952
1526,734921,1.108,81.99430033958603,0.47350000000000003,18.217609561638007
1527,734921,0.6365000000000001,122.70225385483297,0.8975,2902.6155866602985
1528,734921,0.35150000000000003,155.3201713189965,0.6155,260.2446065975671
1529,734921,0.527,585.5352472835021,0.6950000000000001,265.40379701006697
1530,734921,0.8605,2067.6789007054253,0.875,398.8505815130704
1531,734921,0.78,457.35000238097217,0.3825,42.84482237822806
1532,734921,0.535,88.95845793836607,0.253,57.828426544137464
1533,734921,1.351,636.6240545599442,0.421,1857.2975582923605
1534,734921,1.0845,277.0024833900898,1.6175,37835.63602579458
1535,734921,0.7055,510.9577054465743,0.3605,433.2898327854649
1536,734921,0.5815,1219.0297302430765,0.5375,137.95523199520142
1537,734921,0.6395000000000001,98832.23023591014,0.26,75.87099262718537
1538,734921,0.8645,116.63425037984733,0.5655,22.67478928811617
1539,734921,0.4595,22.90675030074336,0.666,832.5667774813448
1540,734921,0.6065,81.39242861471497,1.1495,195.1859201836524
1541,734921,0.2575,33.051405604640415,0.5595,113.88321229434456
1542,734921,0.7995,2655.171711623148,1.7985,53.14593519832066
1543,734921,0.2215,35.08704228018923,0.518,39.890043151806076
1544,734921,0.219,23.20213385238559,0.4975,62.25904765745339
1545,734921,0.464,20.91842003642424,0.6970000000000001,2184.9950219500306
1546,734921,0.5655,24.865760274625842,0.334,317.30816101387984
1547,734921,1.5595,6982.514210319509,0.834,1025.4782814475136
1548,734921,1.689,15837.968275318544,0.308,87.63759490729979
1549,734921,1.26,272.38354723394036,0.4185,77.22797033149959
1550,734921,0.2405,66.0484412925466,0.72,1552.6915047755083
1551,734921,0.217,71.02916972389202,0.8290000000000001,314.32577505588245
1552,734921,0.8635,763.0199706755326,1.012,9176665.233505568
1553,734921,0.28450000000000003,44.82304792706064,0.328,1518.2043678453585
1554,734921,0.7405,6038.599813639671,0.7725,426.7444265514452
1555,734921,0.5035000000000001,40.35295649073245,0.5585,389.23839989590283
1556,734921,0.6985,612.0318967793343,0.47150000000000003,100.50776313101466
1557,734921,0.482,26.404286945960177,0.296,18.02515675637786
1558,734921,0.4015,518.437007657691,0.7145,273.3982862105154
1559,734921,0.7275,679.4841467951471,0.34900000000000003,1012.9487364401778
1560,734921,0.7235,102.34133947909439,1.2375,245.24531773756704
1561,734921,0.8160000000000001,120.88253339487139,0.545,107.18096039874587
1562,734921,1.2585,298.10213538160485,0.5355,17.63701437560521
1563,734921,0.382,28.090592946989993,0.502,33.70864530865135
1564,734921,1.7995,16510.138038539983,0.335,10.944471859075273
1565,734921,0.9605,9990.15298045309,1.04,2437.926684143032
1566,734921,0.9095,322.3142595793988,1.18,1002.1535505181766
1567,734921,0.9145,1889.152314928349,0.4575,14.181217980544245
1568,734921,0.467,464.18850853714406,0.497,136.26530928516644
1569,734921,0.7465,744.3423603710177,0.28450000000000003,11.006379140262048
1570,734921,0.399,32.412494704680526,0.5305,99.17109929735756
1571,734921,0.28500000000000003,33.92192971383331,0.7695,734.1611543757379
1572,734921,0.984,1186.8748796018592,0.9895,2546.3289368564097
1573,734921,0.2515,66.26449872411271,1.26,2485.8046671687084
1574,734921,1.203,839.0367658557066,0.8455,4793.32078947861
1575,734921,,,0.7095,65.43347571232056
1576,734921,0.8985,2379.638006366874,0.4575,55.29447315467853
1577,734921,0.6615,95.21989455164413,0.577,28.195974532512317
1578,734921,0.597,353.48484336609283,0.8125,6143.251767936076
1579,734921,1.687,38897.21051055709,0.47900000000000004,932.1621635479125
1580,734921,1.579,663.9241964076801,0.5835,6791.7615323466
1581,734921,0.5245,842.0557514523838,1.024,1859.3661393703362
1582,734921,0.6535,163.83327547488736,1.292,175.57302192796823
1583,734921,0.6375000000000001,158.09527486470648,0.5165,23.1797160306131
1584,734921,0.386,25.13597739537641,0.3565,19.58595211640516
1585,734921,0.6235,57.491097424497454,0.369,4917.023257760132
1586,734921,0.843,317.3931771673328,0.6805,12.682402023639881
1587,734921,0.6925,3591.57783083039,0.482,24.503958406144083
1588,734921,0.6275000000000001,29.451005345785774,0.5045000000000001,14.047544684900835
1589,734921,1.746,42168.25506032087,0.7995,7936.111323566889
1590,734921,0.8845000000000001,358.58224609953936,0.8055,100.8028978075501
1591,734921,1.2795,17996.88180355884,0.6105,73.8988967017918
1592,734921,0.7025,168.09720359520236,0.6465,101.60647009745453
1593,734921,0.925,3636.1884517549133,0.5640000000000001,883.9513416145423
1594,734921,1.0155,91.4582399248284,0.6980000000000001,474.6568902205933
1595,734921,1.189,176792.65751050203,0.729,2331.040178794163
1596,734921,0.6175,339.4187851967645,0.34800000000000003,12.19061408254799
1597,734921,2.5925000000000002,136528.17005507395,0.148,78.5509710049307
1598,734921,0.373,26.48383627320754,0.47750000000000004,2582.201581549748
1599,734921,0.9105,13228.309265629734,0.644,601.4130935935881
1600,734921,0.191,54.34858840708038,0.8160000000000001,19.748963508449616
1601,734921,0.5305,749.2766795507902,0.5965,43.82041864562536
1602,734921,1.4015,2321.9865862087204,0.7175,1419.8470078516668
1603,734921,0.7305,272.26968833326185,0.835,3813.663161278615
1604,734921,0.8105,16046.406130885018,0.861,671.5508835586658
1605,734921,0.8165,211.37339604624069,0.522,48.93804482839056
1606,734921,0.536,260.7240571005582,0.7245,1575.4973747430051
1607,734921,0.227,13.783005888838746,0.6085,168.31672651116867
1608,734921,0.6685,278.64321103523366,0.4635,86.59905172606119
1609,734921,0.6095,1178.0393052240945,0.2425,10.044196770326238
1610,734921,0.401,114.09309893007513,0.4685,19.581657674908698
1611,734921,0.297,56.889206426910285,0.3865,337.443664444445
1612,734921,0.7015,346.08688601353606,0.605,522.3535107622371
1613,734921,0.627,132.1054310278008,1.161,781.0197407058956
1614,734921,0.343,43.67211186173569,0.668,990.6859764223627
1615,734921,0.5710000000000001,16.141620198651133,0.49,18.69290253502917
1616,734921,0.42,513.4908706108907,0.453,44.126119396569884
1617,734921,0.674,27.167786524183587,0.4545,944.5757323321625
1618,734921,0.495,138.93166827825706,0.6605,128.70013261203448
1619,734921,1.051,3526.2071048798052,0.159,11.097491518956287
1620,734921,0.745,183.68251613921012,0.5855,543.9570849656883
1621,734921,0.557,180.0370627124803,0.4475,196.21421105951765
1622,734921,0.20750000000000002,9.305039457238571,0.5875,333.9835319049111
1623,734921,0.607,314.1929460509744,0.8545,85.41770637968698
1624,734921,0.6675,536.9832081821181,0.85,1146.541264256799
1625,734921,0.6905,170.1498411040251,0.464,129.59335610885557
1626,734921,0.7105,69486.26967965456,1.0945,1393.3892249786743
1627,734921,0.7165,38.996056390679605,0.40800000000000003,159.74923658211063
1628,734921,0.427,32.599957498505674,0.525,548.8074758621364
1629,734921,2.8685,42992497.36294498,0.496,333.746624291156
1630,734921,0.234,62.04699560131535,0.5795,15.051978284534236
1631,734921,0.49,17.03013329841778,0.3655,189.4843332364839
1632,734921,0.979,125.44575445496,0.672,96.96589313584178
1633,734921,0.5415,165.30171444077098,0.6165,866.027926505278
1634,734921,0.7035,103.19129751019493,0.7985,168.2983567444065
1635,734921,0.3735,21.62364242640437,0.28150000000000003,112.75914597968925
1636,734921,0.3845,145.0067355425768,0.3925,60.004909650257844
1637,734921,0.583,1358.6875129490995,0.3625,1906.9418914732091
1638,734921,0.2575,319.9462356981242,0.1535,17.94508352483211
1639,734921,0.608,261.9615287820799,0.4905,23.04887877631605
1640,734921,0.8765000000000001,820.7598666058824,1.9905,188.91200833146354
1641,734921,0.432,174.2702532400122,0.41100000000000003,89.8451472302958
1642,734921,0.6455,130.71286281205275,0.7395,13308.679745798023
1643,734921,0.904,798.7904781980155,0.4035,227.8419631347602
1644,734921,2.382,140778.66111344934,0.586,7457.812774978265
1645,734921,1.0025,149.5782629924348,0.6165,102.34462376388935
1646,734921,0.996,164.3071453697076,0.8415,58.43865818241013
1647,734921,2.1395,1221.6953843052409,0.436,108.74343241098235
1648,734921,2.187,303776.54611090524,0.34400000000000003,21.318218420785275
1649,734921,0.32,15.947802065214535,0.5745,1560.951013238344
1650,734921,0.6970000000000001,1416.8028541907497,0.58,78.98940318703738
1651,734921,0.295,49.01546022899616,0.9125,2506.640839179791
1652,734921,0.7185,212.20980684811622,0.47000000000000003,18.98536455359234
1653,734921,1.25,211.23282667349247,0.577,10.82837714536025
1654,734921,0.5865,3219.6765122233496,0.394,68.79434780905913
1655,734921,0.28250000000000003,25.230327716652493,0.6295000000000001,55.606701266060234
1656,734921,0.8625,119.97356943115298,0.547,518.1427584789546
1657,734921,1.1225,89.62154687865305,0.543,118.05834157289489
1658,734921,0.6465,49.0896433456237,1.165,3635.3059069749393
1659,734921,0.462,194.59221790676142,0.387,67.05290289874289
1660,734921,0.261,37.6618913453472,0.7975,545.8630892211459
1661,734921,0.9,262.18715820013495,0.44,517.6747726819256
1662,734921,0.1215,18.265992195612508,0.2595,18.784249330897424
1663,734921,0.5935,150.94063169330028,0.8445,45.96548974626023
1664,734921,0.5065000000000001,212.73293405188628,0.652,21.861157215846895
1665,734921,2.1925,3840142.0516320122,0.391,93.96966765901273
1666,734921,0.7765,3052.0042728119424,0.5115000000000001,186.2045149137082
1667,734921,0.248,38.507577804749566,0.7175,543.9592276887632
1668,734921,0.3405,43.850943707311686,0.3025,5.455352409442882
1669,734921,0.514,19.28569012623452,0.2945,66.74759732991872
1670,734921,0.20600000000000002,39.09045349943664,1.313,7937.816866547757
1671,734921,1.122,25701.771515692264,0.429,18104.948579700475
1672,734921,0.4435,11.34717364260601,0.245,27.378492203000743
1673,734921,0.853,649.895872129231,0.20750000000000002,40.632767611867216
1674,734921,0.8240000000000001,1626.3017884527196,0.5455,612.0766742324764
1675,734921,0.623,451.65550673332996,0.321,11.378839524898337
1676,734921,0.6865,156.04703280749592,0.7355,22.3256781348974
1677,734921,0.8180000000000001,380.38524945420716,0.4375,416.396139241502
1678,734921,0.3075,31.198842734418147,0.6885,59483.18675982324
1679,734921,0.501,503.9614651166389,0.578,185.60689529016784
1680,734921,1.437,4954.75603409134,0.5045000000000001,29.24498372270621
1681,734921,0.7955,225.273119805792,0.604,943.7862373174885
1682,734921,0.614,138.6190014855572,0.3955,96.00210562226202
1683,734921,0.794,1173.2494089370352,0.363,30.005548893375927
1684,734921,0.2445,84.74348892308562,0.4815,3050.77107677329
1685,734921,1.623,841.7860338627466,0.304,67.09658001169582
1686,734921,0.5785,62.06362034497309,0.752,444.3058794549185
1687,734921,1.042,2067.538886302183,1.151,80.87652417180387
1688,734921,1.5075,116412.44094542607,0.607,31.64557531608123
1689,734921,0.489,251.93138074429885,1.2730000000000001,178.37685507575688
1690,734921,1.2,14712.62821931271,0.807,1528.4311908580712
1691,734921,1.1785,3378.501428081956,0.3135,21.50088114203734
1692,734921,1.6725,789707.0169127091,0.49,39.7516120080016
1693,734921,1.014,1450.7967973053433,0.4605,354.50218717010847
1694,734921,0.912,3464.049983682738,0.867,402.82993528921276
1695,734921,1.5070000000000001,100.6281801097738,0.5345,290.8161528482505
1696,734921,0.3395,30.613816452282055,0.886,360.26886839995035
1697,734921,0.7805,197.07817426366535,0.6960000000000001,213.46362798694224
1698,734921,1.768,39281.81763480561,0.2525,19.525596102218852
1699,734921,0.462,66.43227907699476,0.28350000000000003,16.323157687831884
1700,734921,0.1955,30.454455973529363,0.6325000000000001,37.86994688410109
1701,734921,0.719,173.5221324607007,0.495,196.72965281063054
1702,734921,1.292,238.85642961740564,0.704,6654.341490529414
1703,734921,1.0865,280.42636753059764,0.40650000000000003,15.469949218921366
1704,734921,1.383,1631.8966010364484,0.3595,45.87490317650563
1705,734921,1.0975,32573.22229101261,0.458,75.41007763527159
1706,734921,0.43,31.879241426398025,0.3245,29.44599773403058
1707,734921,1.4225,36788.56690433855,0.4585,17.833951624396004
1708,734921,0.804,3169.409903139172,0.4875,258.2871179470115
1709,734921,1.1715,74.61644868094227,0.6995,23.599813122427328
1710,734921,0.4165,65.47581574289238,0.489,99.96744113693076
1711,734921,0.7825,387.3542384342444,1.1345,73.51547421711463
1712,734921,0.87,456.3398710633375,0.2895,32.94006379399872
1713,734921,0.99,16227.75730972466,1.164,142.31056819213225
1714,734921,0.5710000000000001,97.36850863740769,0.29,32.72263318894594
1715,734921,0.4675,209.88524177758123,0.8245,84.54797688749235
1716,734921,0.8945000000000001,30.420018244744995,0.684,4174.587525299913
1717,734921,1.0795000000000001,1114.6112024211857,0.467,43.028586695089
1718,734921,0.4655,24.163368199140063,0.5925,196.84919045513203
1719,734921,0.2645,34.003736914562346,0.378,110.09450472300426
1720,734921,0.3775,255.9030891549848,0.8425,295.71107313538215
1721,734921,0.28600000000000003,62.54808910860837,0.5975,1249.9256800397968
1722,734921,1.0005,1470.7192539775112,0.313,35.34043739883085
1723,734921,0.527,46.05884968621547,0.7645000000000001,2498.605803731499
1724,734921,0.784,1114.640864612686,0.612,25.001210541396336
1725,734921,0.5205,363.92233985458955,1.058,137433.4272866566
1726,734921,0.294,181.00917216555612,0.5925,3216.9533883444574
1727,734921,0.793,36.28933848750667,0.611,387.48179743744674
1728,734921,1.1260000000000001,4363.857238642134,0.6875,17.55050362048635
1729,734921,0.23900000000000002,26.870341095396288,0.9510000000000001,4354.5146281264815
1730,734921,0.6305000000000001,154.70906904512455,0.187,12.811111836683434
1731,734921,0.742,160.0266099966137,0.3885,167.1130368165226
1732,734921,0.3895,52.72914065114539,0.7685,58.071082459432695
1733,734921,0.535,626.3546183184193,0.23,157.0634994640691
1734,734921,1.135,736.6624548756524,0.4365,53.521480032467736
1735,734921,2.3255,34999.11810425738,0.8230000000000001,44.98199162605582
1736,734921,0.3755,65.48193277596117,0.5095000000000001,1451.9517666145923
1737,734921,0.397,44.657963408484584,0.6785,147.9390664062389
1738,734921,0.4485,20.04817058183301,0.2165,38.16045333306909
1739,734921,0.7195,4895.259322943983,0.9325,821.6454392227585
1740,734921,1.0385,9440.069208586403,0.557,12.00331652818
1741,734921,0.447,75.41348193869214,0.1925,146.4287957158203
1742,734921,0.6575,59.32314216270122,0.678,88.64177938049936
1743,734921,0.8415,24.244168559431856,0.40850000000000003,23.86878013862672
1744,734921,0.382,53.39384940710654,0.2895,99.17374906328392
1745,734921,0.633,95.84851322834342,0.452,269.06135433851347
1746,734921,2.4775,91117.19793133972,0.3755,212.3272090062784
1747,734921,0.668,434.8500691628795,1.0875000000000001,135.66092851923938
1748,734921,0.768,234.75822481652804,0.419,499.9453690249261
1749,734921,0.27,26.864155983360078,0.8130000000000001,545.3901715445193
1750,734921,0.538,696.0790370556264,0.525,71.41129547749165
1751,734921,1.685,2968.311167909125,0.809,1077.8027435338347
1752,734921,0.5535,245.79113189788407,0.796,87.33896315084267
1753,734921,1.401,93083.16397524887,0.5085000000000001,59.77324834433386
1754,734921,0.812,2865.463110913714,0.3545,60.74335916104185
1755,734921,1.1705,652.6477883652788,0.578,80.99350826080673
1756,734921,0.4565,54.76148743494475,0.162,22.765649429577394
1757,734921,0.3265,396.984638267558,0.7025,18533.23434748306
1758,734921,0.34700000000000003,253.12830060761468,0.3275,56.83700663450593
1759,734921,0.3115,24.92467740894784,0.555,836.6317534818254
1760,734921,0.9255,761.3261652006864,0.339,17.172017346501704
1761,734921,0.7535000000000001,290.80192442348755,0.8395,1373.0792846405386
1762,734921,0.34450000000000003,14.467006226473602,0.303,27.31338335935685
1763,734921,0.4685,108.79832542931167,0.77,110.77491110092531
1764,734921,0.805,152.20932878110227,0.7635000000000001,325.43019668215493
1765,734921,0.7525000000000001,1239.6802371418526,0.663,458.26555353554846
1766,734921,0.774,770.5889690431613,1.3685,113.23777609731802
1767,734921,0.3265,27.314173251794145,0.6005,126.1169183585697
1768,734921,0.731,55.82507809041241,0.5835,1258.34802656466
1769,734921,1.911,3666.2279361184465,1.143,61.44055091039326
1770,734921,0.328,294.003193674002,0.496,755.2720744642821
1771,734921,2.1305,467526.1766362333,1.272,7054.2588433308665
1772,734921,0.3145,81.89675643313235,0.3945,13.59797210276049
1773,734921,0.892,2879.7002840872956,0.277,19.17416773456901
1774,734921,0.465,1525.2954941855617,0.5585,81.99080284602633
1775,734921,0.3025,34.54736714174061,0.732,72.62110600938055
1776,734921,0.3415,30.226718742251688,0.5995,93.1142717357428
1777,734921,0.1655,5.087582167454144,0.5915,144.81772221356067
1778,734921,0.34950000000000003,29.925016771672702,0.3995,91.99387413952435
1779,734921,0.834,110.1716875891237,0.2015,7.418651323626552
1780,734921,1.838,112756.73192191876,0.5615,12.460792476278934
1781,734921,0.8245,156.14726618008868,1.147,86229.75193518582
1782,734921,0.1835,21.3337913963464,0.749,489.24234211296874
1783,734921,1.145,13948.63124976567,0.594,117.6039077143592
1784,734921,0.2465,9.354861289185099,0.4515,11.191808536565947
1785,734921,0.423,34.89360210233217,0.3235,38.03671308098105
1786,734921,0.7575000000000001,447.3077238004795,0.627,12314.902029936793
1787,734921,0.776,470.97488971542185,0.5645,124.73272809809545
1788,734921,0.4405,63.51359567103759,0.4595,43.73681372685714
1789,734921,0.668,313.13972749442786,0.3265,37.917831067906405
1790,734921,0.301,163.73381108008425,0.649,47.30721921218227
1791,734921,0.435,54.858842576866756,0.4975,453.57065002226915
1792,734921,0.218,27.2781355572142,0.502,220.8140012510891
1793,734921,0.3215,7.577387891564711,0.464,417.48350996423096
1794,734921,0.3575,649.2181007796049,0.5125,49.44867467048329
1795,734921,0.4255,17.35182158906756,0.9175,64.12896036009971
1796,734921,0.8815000000000001,109.73554175391197,0.7585000000000001,231.85611199395268
1797,734921,0.34950000000000003,137.97695964766675,0.3695,72.3085239750883
1798,734921,0.2675,32.11412695184423,0.8165,354.55714545997
1799,734921,0.7865,131.2372200827559,0.4055,136.19283578487327
1800,734921,0.378,64.814377346353,0.8165,354.6944865909251
1801,734921,0.992,102.44361995042122,0.518,60.764308628154154
1802,734921,0.528,350.23623989338915,0.41050000000000003,20.10311059207609
1803,734921,0.496,37.0864896778999,0.261,246.77461532049787
1804,734921,0.5275,1147.1934874033313,0.71,46.72908492291179
1805,734921,0.9265,254.07262171398884,0.4675,259.6873979951344
1806,734921,1.1605,5569.376079041776,0.4645,38.323525016846325
1807,734921,0.23900000000000002,85.28527203837746,0.5745,43.16328551072241
1808,734921,1.592,4862.919492056294,0.652,143.41384596862218
1809,734921,0.607,43.27431179359503,0.3385,95.23527510825761
1810,734921,0.6905,80.81265173939488,0.745,152.3472348516526
1811,734921,0.40950000000000003,110.04404306341164,0.369,56.6115854990251
1812,734921,1.2275,3478.5765630859055,0.5905,323.3949908100321
1813,734921,0.26,19.751319920729056,0.56,1416.1231106850441
1814,734921,0.319,16.32887213073994,0.398,55.66982187152278
1815,734921,0.5285,264.9351199146168,0.28400000000000003,16.48651894397094
1816,734921,0.3345,57.36607811878176,1.206,109.28142874041328
1817,734921,0.4435,45.01987763520664,0.28500000000000003,19.275065120712345
1818,734921,1.2605,962.5473330151586,0.9825,934.8978925342965
1819,734921,0.6035,7151.4697929958975,0.4255,61.98903763956569
1820,734921,0.921,359.74301553591084,1.2025000000000001,811.838184973818
1821,734921,0.307,27.85343444395294,0.5855,34714.48057054466
1822,734921,0.662,188.93972745801776,0.513,175.98871173524367
1823,734921,0.669,301.0195036437829,0.47200000000000003,1371.833499817046
1824,734921,1.202,1109.6791900497603,0.9575,99.51587234578271
1825,734921,0.5335,35.48742018918025,0.5075000000000001,35.340608766509376
1826,734921,0.20600000000000002,20.145214737153584,0.301,36.598133785470154
1827,734921,0.666,16934.701616854396,1.4765,1173890.3205619142
1828,734921,1.43,505523.42661751225,0.756,51.82126317876035
1829,734921,0.9955,756.7521222986571,0.6025,82.96307683897271
1830,734921,1.6785,3720.4829413413886,0.256,37.21358416036804
1831,734921,0.9385,9655.546074154185,0.99,49100.81395239306
1832,734921,0.40950000000000003,30.583757169978565,0.17300000000000001,10.457067339862338
1833,734921,0.301,60.313789390718085,0.454,221.90703369961918
1834,734921,0.4185,416.25071102069,0.76,125.80548120594112
1835,734921,0.41300000000000003,265.24483428021625,0.738,2818.344125736864
1836,734921,0.434,736.2624321551305,0.5165,4052.248455004065
1837,734921,0.4635,109.34819101610357,0.848,1151.5876528213785
1838,734921,0.358,125.47967395884342,1.1935,493.8099801088726
1839,734921,0.3965,330.5092439230133,0.8045,124.87961384984249
1840,734921,0.3145,31.606212431831,0.5665,543.552458479924
1841,734921,0.463,34.521519261059844,1.2455,164421.9414295814
1842,734921,0.5485,95.53776144715488,0.962,50695.78012022175
1843,734921,0.724,107.67266063667365,1.1405,5276.028757367224
1844,734921,2.5300000000000002,17912.60771199351,0.431,28.85066687204172
1845,734921,1.0755000000000001,2104.017509342268,0.23550000000000001,21.268901378790282
1846,734921,1.3900000000000001,7097.678918478881,0.78,502.60975754650093
1847,734921,0.4585,158.72535354695944,0.4345,1485.1982333480676
1848,734921,0.2595,48.841304585407755,0.657,203.21496284546328
1849,734921,0.5595,613.4893975905193,0.441,468.2579940901504
1850,734921,0.643,399.59747024175914,0.38,91.32706643299852
1851,734921,0.9435,106.9087783221455,0.746,1710.1631828368781
1852,734921,1.1635,3258.2602527351423,0.4655,100.50624951644211
1853,734921,0.34650000000000003,8.351347778399065,0.589,668.4102497139129
1854,734921,0.8405,2130.940763169627,0.6095,222.7617333996516
1855,734921,0.46950000000000003,101.77134220196142,0.8295,346.76724286511916
1856,734921,0.7485,59.75355063396144,0.9235,143.2920992547959
1857,734921,0.5065000000000001,20.788610568016562,0.335,38.42234491179565
1858,734921,2.19,32934.0961017847,0.316,44.005101981657816
1859,734921,0.452,190.84075003693633,0.47400000000000003,24.993138786527645
1860,734921,0.4385,98.90723628085614,0.3645,30.377524818244233
1861,734921,0.7215,2489.274869987304,0.6875,51.18647780026627
1862,734921,0.605,61.56106007024073,0.5625,25.232939650011616
1863,734921,0.913,1992.6246080133744,0.499,175.51730867727272
1864,734921,0.4425,63.69001558552544,0.6955,229.32432418787684
1865,734921,0.34450000000000003,132.05114720446497,0.5730000000000001,28.36132691806359
1866,734921,0.6275000000000001,53.716593452275276,0.8655,1888.060070026438
1867,734921,0.5335,79.36054215273157,0.727,88.39398325204729
1868,734921,1.6505,5461.370678511038,0.317,158.1864569624926
1869,734921,0.67,679.7266444799737,0.229,48.563653685376366
1870,734921,0.47300000000000003,31.347980144403856,0.5855,84.52295167627908
1871,734921,0.3145,31.267577768243136,0.8275,32.8358613742638
1872,734921,0.648,27.59312335112003,0.2215,42.10677350715921
1873,734921,0.47300000000000003,75.9766016748399,0.6325000000000001,43.151542221962906
1874,734921,0.6055,134.48158594807487,0.863,185.6146969192834
1875,734921,1.3920000000000001,2537.3426709881574,0.6185,37.146840037497185
1876,734921,0.1985,86.87358255554197,0.684,77.66126563849663
1877,734921,1.0715000000000001,35813.40248135152,0.531,679.1335931286026
1878,734921,0.5305,457.58108813154917,0.723,151075.09992936612
1879,734921,0.313,13.561679315301172,0.6990000000000001,193.84847067306328
1880,734921,0.2645,9.607925748844067,0.335,50.380662016432154
1881,734921,0.505,130.51167583286613,1.6185,96.41063345838373
1882,734921,1.04,5950.865300080433,0.47000000000000003,80.68290027882664
1883,734921,0.843,7662.027821223776,0.7215,7884.025883901231
1884,734921,0.926,95.78737880927058,0.5965,395.1601455882585
1885,734921,0.47200000000000003,91.7557781156834,1.472,7068.993439049991
1886,734921,0.454,137.11957123015415,0.964,54.648397042585565
1887,734921,0.27,52.63807563538662,0.364,28.690603282001735
1888,734921,1.4705000000000001,1745.8380349795652,1.188,3330.180850615937
1889,734921,0.934,2957.179920297968,0.766,3441.0852125656615
1890,734921,0.5525,181.64571382979517,0.59,249.49763836597876
1891,734921,0.331,12.371733333520467,0.2115,22.114053613787718
1892,734921,0.388,42.608018429401604,0.3135,12.877700170735062
1893,734921,0.47700000000000004,170.5303957011495,0.8735,29382.871400550004
1894,734921,0.7555000000000001,2366.249091510942,0.499,49.09730087472292
1895,734921,0.178,5.537237114530385,0.39,11.698148255079344
1896,734921,1.192,90.1327745573706,0.768,737.2868972760635
1897,734921,0.8615,1145.1169021997405,0.4,28.97402931060481
1898,734921,0.539,55.22181224211693,0.657,18.685907871556417
1899,734921,1.9525000000000001,354271.0037586496,0.424,88.34692259368735
1900,734921,0.438,93.6570990218227,0.47550000000000003,135.65929960482342
1901,734921,0.385,26.142522760334952,0.2895,40.060569244923585
1902,734921,1.1815,51922.68010802016,0.5305,761.8408500950143
1903,734921,0.36,189.908920682608,0.5385,356.5349339301677
1904,734921,0.988,1140.8084107959662,0.8365,545.5020269736474
1905,734921,0.5065000000000001,30.99416584918733,0.41300000000000003,173.9473174359481
1906,734921,0.629,451.9979415777785,0.484,58.43258075640615
1907,734921,0.72,170.3236499737377,0.4845,25.33470909337065
1908,734921,1.6535,89389.39343576104,0.5335,11.073028312017241
1909,734921,0.5075000000000001,109.28239008422948,0.6485,18633.480690763514
1910,734921,0.291,41.852939773612945,1.0225,70.14350997511514
1911,734921,0.335,55.405153935528304,0.425,4855.49946151246
1912,734921,0.4665,57.515334190183204,0.989,149.61694698220813
1913,734921,1.3625,821.5786849211776,0.3915,28.953749356189807
1914,734921,1.0705,79.5611066830228,1.547,784.9614164593289
1915,734921,0.5660000000000001,42.66976455216197,0.606,33.304287317912134
1916,734921,0.505,57.00582248614755,0.6955,332.8112762084063
1917,734921,0.46900000000000003,36.21076791252857,0.591,44.50648302369003
1918,734921,0.7525000000000001,188.22490419141664,0.6445,348.97574500012985
1919,734921,0.4475,1455.5022940078716,0.755,1485.632484767185
1920,734921,0.7675000000000001,1205.4450141080247,1.27,42245.127593638565
1921,734921,0.9460000000000001,4143.03474323484,0.5165,51.760152304263976
1922,734921,0.8045,92.16635755526586,0.4325,97.4864926428306
1923,734921,0.301,12.57032896251106,0.7965,103.28106136549424
1924,734921,0.3925,59.2316764343758,0.4,234.3579571079533
1925,734921,0.228,9.774383443162538,0.5605,56.40522677940631
1926,734921,0.578,1470.2652281385942,0.398,1413.6006179988578
1927,734921,0.289,18.160311064344395,0.523,43.73742061497059
1928,734921,0.365,27.776759483287794,0.517,33.098366057685475
1929,734921,0.488,26.23320831990586,0.34950000000000003,37.40855364063361
1930,734921,0.8335,140.80389519194802,0.215,24.80226474193039
1931,734921,0.3295,17.179440630058146,0.5105000000000001,394.05576484273047
1932,734921,0.4395,28.99664927368147,1.047,211.52435309182292
1933,734921,0.603,540.9489095344284,0.3975,374.0627741287759
1934,734921,0.426,8.693580883180784,0.6545,552.7367762063325
1935,734921,1.7435,78644.31383931958,0.5405,41.976642474190065
1936,734921,1.029,3829.172397969018,0.47550000000000003,20.176759107229724
1937,734921,0.7735,417.9006091957244,0.525,43.78001247308549
1938,734921,0.705,3070.0243320155646,0.498,204772.9449460887
1939,734921,0.29,103.57978575044774,0.847,60.50425704468411
1940,734921,0.4455,50.115139591116204,0.373,21.361383448661485
1941,734921,0.9225,64.02672666175945,0.724,473.5238612322481
1942,734921,0.191,37.293212399864025,0.5670000000000001,248.80994823607648
1943,734921,2.2925,903855.4622587989,0.671,112.63608843441983
1944,734921,1.141,687.3549872884298,0.612,8.174898398925393
1945,734921,1.0535,948.1704054628724,0.7495,73.38207240605044
1946,734921,0.533,42.33051260975713,0.456,88.11861283807313
1947,734921,0.47100000000000003,69.46332228553588,0.5335,18.83545144474178
1948,734921,0.28350000000000003,19.124508245390263,0.75,489.4700839132461
1949,734921,0.46,35.59213796910096,0.28150000000000003,43.1273990860262
1950,734921,0.3195,196.9726044437016,0.6205,185.8084336820523
1951,734921,1.0745,2013.4785974241656,0.485,291.04198950688857
1952,734921,0.2895,138.01095256586282,1.2665,13250.804207002293
1953,734921,0.2175,43.20219291061502,0.4435,76.95303858719718
1954,734921,0.8130000000000001,360.9878615032738,0.539,86.7185813277353
1955,734921,0.35150000000000003,98.99596837383191,0.9765,250.09042510837904
1956,734921,0.704,25.534875618835592,0.382,98.77813053182277
1957,734921,0.6725,649.8083036841687,0.4895,177.30964223179723
1958,734921,0.34950000000000003,116.9776523844403,0.9455,260.85994965506217
1959,734921,2.323,230581.05874640835,0.5135,63.2351776849789
1960,734921,0.2785,10.767378467390001,0.192,12.670433662698626
1961,734921,0.7635000000000001,56.503273840054504,0.887,194.9129203472847
1962,734921,0.9065,665.3626893353928,0.8935000000000001,527.8016437385947
1963,734921,0.726,11.092326378925673,0.504,1479.8790810448324
1964,734921,0.9575,194.97413431627874,0.502,11.798870588363407
1965,734921,1.627,7589.409041251837,0.4605,37.42252044249396
1966,734921,0.7925,110.44990731578058,0.401,235.80385107854391
1967,734921,0.8455,895.2382097825578,0.3645,15.93472757213898
1968,734921,0.3565,130.1276175584942,0.7715,1343.5626279710623
1969,734921,0.9045,101.63215166375595,0.761,85.04716796707392
1970,734921,0.5165,121.3490802873459,0.4975,44.687977693508195
1971,734921,0.395,107.400331881051,0.8725,11.944414119184891
1972,734921,0.2795,46.85324185172519,1.32,1196.5861538888562
1973,734921,0.7745,269.6526343025464,0.20550000000000002,23.77340499700748
1974,734921,0.5545,253.30014034696578,0.464,17.958991925377262
1975,734921,0.9985,247.40190010670557,0.9475,66519.573675605
1976,734921,0.9025,1039.56133147976,0.462,1760.147092119909
1977,734921,0.442,35.7021346707332,0.6475,249.97045680401462
1978,734921,0.7115,154.87066963201275,0.7155,20.47090933820988
1979,734921,0.6565,16.312585450133238,1.1300000000000001,904465.6446063841
1980,734921,0.794,57.063903459529776,0.307,1845.1583687715145
1981,734921,0.326,48.18405380877991,0.34500000000000003,194.5101583813536
1982,734921,0.747,424.5862885366493,0.5675,23.405967702478677
1983,734921,0.3785,101.73101175453694,0.8535,93.8345058732502
1984,734921,0.298,48.85146635342469,0.4465,1254.6684355441591
1985,734921,0.5135,426.2766729686748,1.0135,56.061828050243626
1986,734921,1.2275,537.1484499095003,0.6930000000000001,760.6621814428287
1987,734921,0.293,55.94463729098525,0.5365,38.69896321812489
1988,734921,0.544,32.325209815189936,0.5995,14.219908400427672
1989,734921,0.6865,55.145347509151065,0.4505,26.153306454209638
1990,734921,0.289,12.220056071273962,0.6995,40.588526559376575
1991,734921,0.305,30.629480958729907,0.462,274.56958962913365
1992,734921,0.6475,99.10475719318383,0.862,2090.647708698591
1993,734921,1.5965,1803.8271562292812,0.9155,30315091.479879495
1994,734921,1.0015,180.44147510738313,0.316,13.684832910037583
1995,734921,0.4885,204.34393752349968,0.7915,23.946931534728847
1996,734921,1.6595,24136.361120994792,0.46900000000000003,116.9331042387598
1997,734921,1.722,938.1884829022988,0.548,38.963977014198484
1998,734921,0.3245,30.28527127591478,0.5505,81.52472362804677
1999,734921,0.7065,46.13554851061034,0.767,1291.4488598318612
2000,734921,1.037,104.59560270506255,0.5705,56.62860693154045
2001,734921,0.8150000000000001,91.31470783675044,0.712,3543.332320205787
2002,734921,0.406,31.175839679432432,0.4655,29.920563860172972
2003,734921,0.5195,37.86648736628658,0.6845,157.61326797216762
2004,734921,0.434,42.66249978910544,0.49,78.06088095325637
2005,734921,0.397,5.5138363655633515,0.5335,1516.426354459119
2006,734921,0.41000000000000003,17.904631483103454,1.5165,94574.20683323876
2007,734921,0.516,115.27109334174712,0.809,1076.4702346318973
2008,734921,0.8675,132.7094842389769,0.4995,136.46136446745842
2009,734921,0.3825,115.11781281378818,0.384,77.01668593636121
2010,734921,0.5680000000000001,79.4706006186946,0.8205,41.73592215022638
2011,734921,0.325,33.998916210539925,0.34,20.136223254873975
2012,734921,0.338,26.96828843170278,0.5655,4453.450518255938
2013,734921,0.3245,35.36918497308846,0.3685,16.621725950893552
2014,734921,1.0865,4983.554874342094,1.1305,1660.679799759996
2015,734921,0.5185,29.357752956506108,0.5025000000000001,48.718658328910585
2016,734921,0.294,43.46098735350257,0.5710000000000001,63.8676301277881
2017,734921,0.651,344.82548709881235,0.5505,207.83694107598168
2018,734921,1.1055,237.2325710826673,0.516,11.892347032335168
2019,734921,0.5435,11.31501799363471,0.444,120.59454002816173
2020,734921,0.6915,31.733410349945522,0.3745,30.365078356656177
2021,734921,0.65,171.14022692306548,0.8635,21.580713340719296
2022,734921,0.399,34.84370345763303,1.099,53.99939545261481
2023,734921,1.966,69791.04128641581,0.376,38.09994416610695
2024,734921,0.812,291.6855462699858,0.5855,5.549181211060218
2025,734921,0.71,674.0722116164095,0.319,106.35272059583521
2026,734921,0.4465,83.02164047835436,0.34700000000000003,144.85105917721066
2027,734921,0.622,13.394204174611298,0.4335,2042.2132575622672
2028,734921,0.401,94.07123062513257,1.2675,2330.369083353884
2029,734921,0.7465,229.79171271937776,0.3435,284.96869348068736
2030,734921,0.3715,455.1078333913467,0.8885000000000001,42.51671301184501
2031,734921,0.9885,49.699754786915626,0.20700000000000002,13.16267365287293
2032,734921,0.523,100.30828675346655,0.6435,396.2356862359195
2033,734921,1.413,11649.776023402794,0.515,2022.7568400589182
2034,734921,0.9575,118.0400846664745,0.273,34.15956992244799
2035,734921,0.463,31.06404629628965,0.595,18.43697399203746
2036,734921,0.4205,862.8992522872346,0.584,77.17356454485378
2037,734921,0.965,147.19200529130424,0.733,1508.3649852800572
2038,734921,0.6515,517.9233547721282,0.3065,38.84196634149788
2039,734921,0.732,200.45112112824057,0.3985,147.2947136698008
2040,734921,0.23500000000000001,15.362516802904507,0.8985,514.8344030553111
2041,734921,0.451,10.222981465067592,0.547,127.79838572650435
2042,734921,1.2235,131.94009787921024,0.6935,57.33308257674725
2043,734921,0.34450000000000003,28.63615155559452,1.2145000000000001,139.75283435774887
2044,734921,0.8240000000000001,42.489012191121546,1.2025000000000001,14709.368845715662
2045,734921,0.354,14.474993678289183,0.435,195.35904611941433
2046,734921,0.2595,41.636601063179015,0.88,432.7863702223176
2047,734921,0.6085,18.990305947965865,0.526,82.53009357005448
2048,734921,0.4375,50.52575291709183,0.6635,341.3506228787752
2049,734921,0.495,79.69023021398863,0.5690000000000001,112.44498425066959
2050,734921,0.74,126.66388415091977,0.47200000000000003,49.176147601038515
2051,734921,0.2245,28.716460516448088,0.8825000000000001,52.12117931367196
2052,734921,1.399,1613.977818495114,0.4405,1457.7000234222357
2053,734921,1.062,150.37759489811106,0.8605,106.4893082452385
2054,734921,0.47850000000000004,226.95508176944605,0.9275,255.74203721483997
2055,734921,0.3055,13.499874993020272,0.634,6978.238836362405
2056,734921,0.647,354.1937250551221,0.708,417.96668538702716
2057,734921,0.765,869.9453056632985,0.759,212.02014783653152
2058,734921,0.7985,180.33138239346022,0.5595,644.5130998359367
2059,734921,0.3305,19.865036019413395,0.4525,165.26571947526946
2060,734921,0.7335,1774.2456505648588,0.8270000000000001,327.40021049513985
2061,734921,0.8395,581.1504714988586,0.158,9.889411394733582
2062,734921,0.47750000000000004,42.83706027683873,1.1460000000000001,89782.11906998786
2063,734921,0.535,112.54018456289486,0.423,13.657538766162384
2064,734921,0.77,3543.299068999885,0.426,158.94842233001688
2065,734921,0.6585,78.46448924584205,0.713,1594.2739197915103
2066,734921,0.639,1666.6847493886971,0.445,17.28624581776388
2067,734921,0.6545,107.31680862478751,0.381,155.9151165367624
2068,734921,0.3945,126.78829871688234,0.34700000000000003,30.81741612432494
2069,734921,1.7405,6906.638487418784,0.683,3420.1947813033244
2070,734921,0.9665,87690.43947601745,0.435,52.88517027724486
2071,734921,0.646,1683.5544396310693,1.1005,7457.135369000966
2072,734921,0.6595,38.02432904085449,0.523,33.29581382548861
2073,734921,0.406,272.72459560331447,0.484,232.0542457753155
2074,734921,0.5685,56.26673470349636,0.966,68.7803830530233
2075,734921,0.681,40.96256296096983,0.51,87.73910489421417
2076,734921,0.4955,259.6504390841658,0.4165,95.24988098438648
2077,734921,0.5475,59.466052222499044,0.7785,236.95997805558434
2078,734921,0.384,21.851024300377787,0.379,6961.701718428988
2079,734921,0.343,27.696402985093663,0.314,40.99814835538871
2080,734921,0.3335,18.54483804406689,0.59,388.889151847556
2081,734921,0.776,16759.314252365773,0.91,46.26323894868342
2082,734921,0.8335,353.5921238880559,1.342,31958.32910465838
2083,734921,0.684,68.69591156508952,0.5645,171.989647625111
2084,734921,0.621,16.39644764833801,0.517,51.88217865218391
2085,734921,0.448,1938.5324050060194,0.795,3009.5300543460608
2086,734921,0.8170000000000001,632.539002188773,0.528,947.4553213472893
2087,734921,0.429,2643.8192203724234,1.048,352.8230541518763
2088,734921,0.28750000000000003,23.06432541970946,1.6335,3701.000964737571
2089,734921,1.6600000000000001,520169.0292825536,0.536,220.30459850261806
2090,734921,0.291,32.94999430840846,0.581,918.2690567687362
2091,734921,0.405,39.59660400980375,1.2325,341.1881714694508
2092,734921,0.2805,6.935231725231261,0.34950000000000003,54.61764854382427
2093,734921,0.6135,3545.1986119291737,1.476,70.95201388102674
2094,734921,0.846,779.0818661544454,0.3695,6.798275507880223
2095,734921,0.637,135.38373392469208,0.367,137.01566305165662
2096,734921,0.4495,263.35925718865127,0.8140000000000001,137.2360831082091
2097,734921,0.2445,9.424379049026435,0.52,99.5463222690731
2098,734921,0.5265,86.06724318173747,0.611,222.2637880253701
2099,734921,0.5755,52.43858225995702,0.534,15.280103160301241
2100,734921,1.096,66603.09486216203,0.5375,24.13187779239906
2101,734921,0.548,16.46101755058669,1.524,68378.19411205834
2102,734921,0.6405,27.446871748304506,0.51,340.8379869041723
2103,734921,0.5415,57.72323282408686,0.2985,313.8706627773816
2104,734921,0.8445,2251.403249453241,0.4205,296.48787955374166
2105,734921,1.645,94243.32526766811,1.1095,273.88477227664345
2106,734921,0.8105,4645.15277445851,0.5845,1768.0899982897417
2107,734921,1.0695000000000001,3391.193891173944,0.6385000000000001,36.19528293032265
2108,734921,0.3065,15.736045357025928,1.3885,10369.280474318439
2109,734921,1.264,3568.369395635745,0.275,32.93802573292993
2110,734921,0.363,153.33520545892014,0.76,1196.847347114816
2111,734921,0.4655,2778.362088215595,0.8320000000000001,345.7201863305224
2112,734921,2.1235,862.799461117438,0.46900000000000003,71.28005024589714
2113,734921,0.9805,220.82729570611218,0.482,34.56558778249881
2114,734921,1.1735,18627.96865697111,0.359,112.01637836906966
2115,734921,0.792,2026.8110356672612,1.111,6210.2817121449325
2116,734921,0.76,115.06393439327519,0.5475,148.20594808037225
2117,734921,1.137,187.40455859699273,0.532,556.2637674239079
2118,734921,0.494,37.97176334349953,0.281,39.25440799409903
2119,734921,1.1480000000000001,1769.8737240915973,1.1195,37.45220620514445
2120,734921,1.5005,2151.8873333657134,0.3535,1591.9529512042905
2121,734921,0.59,907.069210748883,0.363,71.0451189164415
2122,734921,0.7655000000000001,313.39593428575705,1.4805,18.88765132895847
2123,734921,0.305,30.334051478034603,0.3345,63.72297263753033
2124,734921,0.41500000000000004,103.27186088721564,0.3635,17.864579370049537
2125,734921,0.6890000000000001,84.58138900502448,0.8495,31.930021754331552
2126,734921,0.536,553.4273924525969,0.6595,272.94746372456376
2127,734921,1.286,7022.344316925004,0.28600000000000003,42.9059463184193
2128,734921,0.294,615.7435808124446,0.162,26.933651585769056
2129,734921,0.6695,1449.5393883708152,0.395,293.38575594646306
2130,734921,0.337,41.414549772778386,0.723,140.33995387104483
2131,734921,0.7655000000000001,61.691135601440735,0.1955,39.815151738466675
2132,734921,0.386,39.812860607521785,0.6465,28.449998428438384
2133,734921,0.8455,46.67746276634928,1.3475,340.01391973084566
2134,734921,0.7235,624.0016478320139,0.7075,851.6044838109538
2135,734921,0.278,24.55322021835434,0.654,128.99811667755603
2136,734921,0.36,62.86404850359933,0.6945,122.80309744670296
2137,734921,0.4305,64.23431723429708,0.6145,1590.7237165162278
2138,734921,0.23950000000000002,46.27560824053075,0.47650000000000003,108.09574769517523
2139,734921,2.016,5797.467021168677,0.488,1445.3721520035635
2140,734921,0.7975,61.26595507464489,0.6915,161.02549796091995
2141,734921,0.3385,180.07965452232835,0.7495,1477.7683089492712
2142,734921,2.685,13418.31752741331,1.0075,225.6410460233662
2143,734921,0.613,147.41210816260366,0.5795,64.14150859341677
2144,734921,0.297,39.08632204645842,0.8475,239.79494466599198
2145,734921,0.452,10.556068705519547,0.806,67.76524084695546
2146,734921,0.267,30.40344772837026,0.552,143.25906364939314
2147,734921,0.153,7.47019014407323,0.7145,31.662492444622067
2148,734921,0.3195,13.183279910939019,0.7035,80.42810551451244
2149,734921,1.0525,1649.1052459058835,0.9420000000000001,1027.9518931199311
2150,734921,0.6265000000000001,88.17691182428605,0.676,53.91511589488474
2151,734921,0.434,37.04271337416039,0.47350000000000003,76.03503181295045
2152,734921,0.75,603.1076933824651,0.494,2934.6702878610276
2153,734921,0.5095000000000001,3968.471387712275,0.41450000000000004,57.74726296075399
2154,734921,0.8785000000000001,125.16573688536116,0.421,73.88389556402203
2155,734921,0.4025,70.94866700916971,0.8405,603.6140607692364
2156,734921,0.31,128.3609525092119,0.5595,16.422467951638737
2157,734921,0.3,35.0929554127285,0.7245,5299.558277139895
2158,734921,1.0265,30774.060076189126,1.0585,36906.25772311596
2159,734921,0.554,178.73906232211598,0.7535000000000001,47.44687920885648
2160,734921,0.4015,189.5100547510596,0.418,84.15907816528231
2161,734921,0.7335,656.5491071757829,0.8115,69.8253308384375
2162,734921,0.6235,84.67664435048077,0.3395,48.46081164775352
2163,734921,0.65,32.178924989163626,0.4615,499.4266113316109
2164,734921,0.4445,146.8369710539287,0.53,857.8100742307528
2165,734921,0.98,12330.525757610447,0.755,919.3994642464855
2166,734921,0.403,60.60251202147514,0.5735,179.28706947085735
2167,734921,0.187,6.53677587587547,0.192,19.531884448949896
2168,734921,0.7975,68.3218803195532,0.41000000000000003,200.67168086476352
2169,734921,0.8985,58.08393573985582,0.763,468.2218979073074
2170,734921,0.9855,86.4504607472472,0.9470000000000001,459.30082861974654
2171,734921,0.4,129.15381787736044,0.46950000000000003,51.722803853946935
2172,734921,0.5005000000000001,685.7430572753077,0.4055,68.67297827531787
2173,734921,0.838,42.576298262219424,0.3425,12.949262567158803
2174,734921,0.3375,36.662036712387774,0.592,55.12319511529502
2175,734921,1.336,1191.5609510536863,0.3655,33.2114858313044
2176,734921,0.551,1246.5384628003812,0.914,159.14015488182932
2177,734921,0.5435,23.40143251497829,0.334,87.51946229843212
2178,734921,0.368,408.1268029800231,0.3755,163.6716368150301
2179,734921,0.402,126.80061420363795,0.582,29.01035457269175
2180,734921,0.6445,302.6589894900674,1.395,50031414.753114626
2181,734921,0.4435,631.5207816338116,0.9135,13588.837769743455
2182,734921,0.2595,14.833081622590477,0.9035,455.8134286944381
2183,734921,0.766,103.8529821809715,0.3425,57.44187164435619
2184,734921,0.28300000000000003,185.1903934850662,0.6950000000000001,346.74367005930094
2185,734921,0.41150000000000003,134.59813017175736,0.308,98.72545639047613
2186,734921,0.418,49.75227182337488,0.584,555.4133771084446
2187,734921,1.0255,1500.3507701079827,0.64,3065.6580531432346
2188,734921,0.524,97.31551855620945,1.1,6.918902860768681
2189,734921,0.6395000000000001,13.986369337762975,0.5735,40.2115740047783
2190,734921,1.44,2328.975536155485,1.5665,90248.98839977488
2191,734921,0.296,10.770937484976676,0.248,26.288413264824836
2192,734921,0.5515,33.90482993153254,0.4225,147.8011833049661
2193,734921,0.5845,51.79901374867042,0.3945,35.48028337103271
2194,734921,0.532,28.924234456580272,0.3725,155.76640707470492
2195,734921,0.4485,24.581832770034957,0.7425,114.966438736575
2196,734921,0.388,592.0495897742676,1.2505,1074.761725084492
2197,734921,0.5405,74.73015844829844,0.663,1168.8707326064257
2198,734921,0.978,136.0082872300494,1.318,345.81165874390683
2199,734921,0.386,8.758149924438381,0.536,10.222627770931537
2200,734921,0.536,74.12410848168022,1.0170000000000001,1233.5077708081492
2201,734921,0.291,12.900712367545825,0.6,6467.007725872953
2202,734921,0.9655,77.30488354590092,0.3195,106.91722771579998
2203,734921,0.8255,343.72149755823324,0.5605,8834.236666940702
2204,734921,0.6950000000000001,946.6760429858718,1.0070000000000001,232.25629055416064
2205,734921,0.811,2436.658903355036,0.7385,37.93966605754636
2206,734921,0.538,434.7126996115871,0.2315,31.471623699150033
2207,734921,0.387,24.795531038135284,0.644,946.4788141551224
2208,734921,1.158,76.96086927975462,0.459,18.488998310752837
2209,734921,0.35150000000000003,183.06674870852316,1.1460000000000001,3479.7526085355353
2210,734921,1.1075,209.89599310864253,0.5045000000000001,1291.1554411614359
2211,734921,0.3605,263.1415379087182,0.43,30.01917702974418
2212,734921,0.23500000000000001,11.18006997438666,1.5405,124.84400656274762
2213,734921,0.6235,40.43150604091898,0.4835,20.362788431273497
2214,734921,0.2905,58.27796355040133,0.2625,27.09543423030663
2215,734921,1.4000000000000001,5689.0975934318385,0.8130000000000001,3366.181767758728
2216,734921,0.329,17.960618271881135,0.5065000000000001,18.637139000586647
2217,734921,0.418,20.169422104203296,0.3535,25.39118173964999
2218,734921,0.3155,104.33771749464785,0.3315,47.38993049211842
2219,734921,0.1995,6.496047859454087,1.1065,89.06850919067247
2220,734921,0.41100000000000003,23.012851729372116,0.557,132.2982981398677
2221,734921,1.5110000000000001,10740.606304213165,1.189,18311.81132806015
2222,734921,1.079,26295.548372535523,0.6245,1167.6339330503085
2223,734921,2.2165,4466380.730780895,0.6970000000000001,1580.8833917681288
2224,734921,0.624,43.167302303453,0.6865,91.50806537831934
2225,734921,0.465,29.12294052734357,0.9385,5368.938856243202
2226,734921,0.6315000000000001,60.26469614142322,0.3645,87.50768112685772
2227,734921,0.7835,60.43195752128642,0.7945,961.4610565332341
2228,734921,0.791,494.3738893472281,0.358,20.76114801826257
2229,734921,0.3825,121.83526473384374,0.4615,30.521999104820612
2230,734921,1.6895,2707.9233859428514,0.737,3211.149791671588
2231,734921,0.2335,25.52774116126559,0.1665,10.440042929667305
2232,734921,0.7195,8191.271785741018,0.3145,23.419687239449402
2233,734921,2.37,40813.90711069583,1.0155,34.75997433944994
2234,734921,0.341,75.0201647340482,0.5955,29.586842425106592
2235,734921,1.0525,286.9639682055014,0.642,43.281637296483446
2236,734921,1.0075,10599.390900951308,0.3125,134.4302894696184
2237,734921,0.7000000000000001,855.3368613781225,0.5685,91.1767110159243
2238,734921,0.394,64.4321392947517,0.5095000000000001,60.83745625930661
2239,734921,0.545,73.11999380500806,1.6345,4218.524949610681
2240,734921,0.7010000000000001,989.668521523751,0.2965,35.12565833805939
2241,734921,0.295,17.61280228924137,0.585,740.396649626947
2242,734921,0.6785,689.2261000741044,0.587,190.1717719681165
2243,734921,1.0925,114599.25878626083,0.7105,576.702585344755
2244,734921,0.7475,319.4372379069732,0.632,90.33539177304671
2245,734921,0.5405,87.13157253424963,0.8535,22696.884464038387
2246,734921,0.5700000000000001,527.8711378730309,0.9375,236.8444418254208
2247,734921,1.7275,28373.601167388377,0.6035,325.2514349600159
2248,734921,1.408,32866.66414382635,0.3765,402.1585944281773
2249,734921,0.423,85.92026819450454,1.1525,2365.473553413874
2250,734921,0.465,79.63581425104958,0.3895,51.09434523998847
2251,734921,0.331,10.760321928907846,0.8905000000000001,48.194726048604366
2252,734921,0.457,392.9859092713705,0.3575,348.31749255931163
2253,734921,0.451,78.82522691716976,0.378,736.6961416887157
2254,734921,0.585,437.7540141969524,0.6735,5713.774634082459
2255,734921,0.5205,133.85827442265563,0.5325,993.997045918109
2256,734921,0.4045,271.4485368694043,0.5235,198.57483390250727
2257,734921,0.276,23.00305846605683,1.0190000000000001,2662.5858812157617
2258,734921,1.0745,252.58743735053187,0.5740000000000001,2235.87776809467
2259,734921,0.35150000000000003,10.425951615137866,0.9335,177.12398446323402
2260,734921,0.322,57.067035302050485,0.632,556.2491603562
2261,734921,0.358,25.40442385005926,0.6815,43.185998566704065
2262,734921,0.685,958.0309198738864,0.5760000000000001,1420.65874198544
2263,734921,0.2405,32.93862114880759,0.848,483.5112111490597
2264,734921,0.746,37.76290065696898,0.4395,10.280285731004659
2265,734921,0.1685,15.345226357624552,0.664,38.8760221841927
2266,734921,0.7565000000000001,7022.46524003465,0.3325,18.976676850659796
2267,734921,0.7535000000000001,154.35978578535835,0.722,1319.6519642440933
2268,734921,0.3785,24.266499572771046,0.3925,237.3570873484816
2269,734921,0.4395,2033.229427666483,1.094,20.45597421883326
2270,734921,0.255,15.014386099275024,0.17,24.78590678286088
2271,734921,0.663,430.93621751788936,0.739,175.03169925634054
2272,734921,0.6165,22.288981962346714,1.3165,25638.24572094635
2273,734921,0.8565,103.1481325076631,0.637,110.6290545203744
2274,734921,1.808,1093488.128101722,0.2675,814.5648789884269
2275,734921,0.395,142.34047783071117,0.293,25.852685126827375
2276,734921,0.457,392.4808764634593,1.921,129.21001305857294
2277,734921,0.7865,4493.61252938355,0.8075,27.483933351619786
2278,734921,0.9635,92.10594242350565,0.5095000000000001,20.364013612020027
2279,734921,1.2265,258.2557629805329,0.658,48.97498378612806
2280,734921,0.2335,25.48788459382991,0.4215,49.143263813743836
2281,734921,0.1685,19.218595683030706,0.586,101.67540298799247
2282,734921,0.34800000000000003,158.75494300775455,0.2105,68.71371468321067
2283,734921,0.599,137.67227426734289,0.807,24684.773082344742
2284,734921,2.751,4092238.81079309,0.5335,155.31781822506267
2285,734921,0.502,72.48341714861053,0.5035000000000001,115.52946637762807
2286,734921,0.387,62.36341902692342,0.9995,20.56810260787023
2287,734921,0.376,70.46224860491874,0.4805,254.36633697661338
2288,734921,0.8805000000000001,36.29297407498545,0.372,14.139146567254768
2289,734921,0.6335000000000001,318.05356145966795,0.661,1179.449177908621
2290,734921,0.1555,12.475669634678896,0.47000000000000003,22.8666472833515
2291,734921,0.64,3507.000997210212,1.044,48.19771279926813
2292,734921,0.5105000000000001,169.00412444834143,0.5405,73.52955206921337
2293,734921,1.6685,6841.920916856139,0.373,13.201489886308922
2294,734921,0.2175,26.32150573062501,0.335,51.55902041137927
2295,734921,1.4255,2228.91076007092,0.3305,40.80945916741981
2296,734921,0.374,193.27899795648932,0.422,111.32219742289114
2297,734921,0.8595,241.55045567508805,0.49,221.9234615225933
2298,734921,0.44,128.55674445626954,0.728,63.222111442477505
2299,734921,1.7135,12099.7281030043,0.639,465.8895394141402
2300,734921,0.9715,116.57424996466973,1.336,23.214637584133367
2301,734921,0.5145,127.11362265732637,0.7175,275.3264604302145
2302,734921,0.488,11.933620011586429,1.581,4341.772375428332
2303,734921,0.452,89.80492066719879,1.5185,376.7595239733224
2304,734921,1.0475,377.8117842808796,0.355,1810.3804817667756
2305,734921,0.6665,751.3894949217145,0.582,1154.0559458922778
2306,734921,1.4805,51446.80137001348,0.4215,29.947657071681093
2307,734921,0.47150000000000003,30.93386040884569,1.0175,509.53333455640797
2308,734921,0.3615,15.61215775579575,1.075,4237.915250217676
2309,734921,0.609,124.5489559979537,0.399,10.460499309856756
2310,734921,1.2075,482.02898274592906,0.20350000000000001,27.94774436602016
2311,734921,0.873,12535.053251519137,0.5795,25.68244510351573
2312,734921,0.1975,34.34855335566212,0.6815,102.28598107012263
2313,734921,0.8,220.33545515322697,0.298,17.81385324689426
2314,734921,0.3705,10.253294835640137,0.4995,375.86579949311624
2315,734921,1.17,21437.56432349431,0.708,126.82946921845353
2316,734921,0.6135,74.94163315125569,1.23,239.38240339178054
2317,734921,0.3225,16.73720687101275,0.46950000000000003,135.51232141737555
2318,734921,0.538,117.45500866050148,1.1725,145.8151930939029
2319,734921,1.8880000000000001,78629.71492615099,1.085,29.303963864834593
2320,734921,0.5385,97.83324564825097,0.5075000000000001,141.82936980189788
2321,734921,0.367,39.930948313567214,0.3245,25.63803111925821
2322,734921,0.927,2437.311943729333,0.5465,176.27650195275842
2323,734921,0.47750000000000004,49.38630307738577,0.448,10.3970821016723
2324,734921,1.5605,447035.71393651224,0.8935000000000001,1618.8558540190936
2325,734921,0.338,60.159512255128284,0.2915,1344.2098286494545
2326,734921,1.0315,303.91042656633846,0.47250000000000003,51.93995277607469
2327,734921,0.264,18.276852751243187,0.253,26.42082920329908
2328,734921,0.9145,1607.3249670871112,0.397,20.86741742156617
2329,734921,0.682,2581.820958684589,0.4945,94.55861963146404
2330,734921,0.396,68.94117053676398,0.7015,20.69503021348473
2331,734921,0.47400000000000003,51.59430801118541,0.7425,1627.6342149119537
2332,734921,1.6025,3617.422326409173,0.391,75.34239092520258
2333,734921,0.6705,803.7156084864222,0.374,43.88724305816216
2334,734921,1.315,279.88350472110744,0.5305,68.94521309843525
2335,734921,3.4010000000000002,695582.9104928346,0.452,18.31581106442175
2336,734921,0.6795,34.482283365567646,0.679,537.9278012154931
2337,734921,1.3880000000000001,501.1528076654329,0.5815,35.74996892087082
2338,734921,1.368,25053.35763363914,0.3185,14.891646270770753
2339,734921,0.674,1124.6443384673487,0.512,148.27282106979345
2340,734921,0.6815,385.32691086012983,0.9075,484.3210639967768
2341,734921,0.7305,47.65261574881108,0.5835,112.37009136210153
2342,734921,0.782,15.786940831772919,0.5365,59.34823682286851
2343,734921,0.2775,79.52441340336347,0.4455,172.6158887424751
2344,734921,1.05,3157.1347452218224,0.982,1471.486609875713
2345,734921,0.516,80.75759701050616,0.6555,1340.331477974144
2346,734921,0.598,423.04110170110863,0.233,72.42226538535053
2347,734921,0.5655,34.67404964774735,0.223,30.596293805457954
2348,734921,0.6335000000000001,501.1749676015721,0.652,61.811123297329
2349,734921,0.401,24.957011232045975,0.7030000000000001,156.75804548052133
2350,734921,0.5765,227.2709552937674,0.811,3105.6702216497333
2351,734921,0.712,98.20626012604207,0.9480000000000001,99.29376576688469
2352,734921,0.2405,34.9830616154159,0.7115,861.8845769149211
2353,734921,0.3055,238.78048530714864,0.4595,23.69775697917076
2354,734921,1.55,10123.682615116486,0.8230000000000001,657.1372079480873
2355,734921,0.6015,64.14468500838483,0.928,154405.45059318407
2356,734921,0.1925,28.662397017393566,0.6875,453.9653334003864
2357,734921,0.6725,198.32170693140367,0.5640000000000001,56.545239525017706
2358,734921,0.5235,5159.292548082498,0.3295,19.774066552065996
2359,734921,0.11850000000000001,30.083641996001592,0.4035,24.78533698743245
2360,734921,0.637,10.931138530893575,0.20500000000000002,20.87812150785149
2361,734921,0.7595000000000001,901.9657557682759,0.4865,123.76059274477394
2362,734921,0.534,70.13845065403214,0.5465,228.77101877107552
2363,734921,0.764,359.35380641052615,0.599,998.1968446936086
2364,734921,0.4995,20.91301900817848,0.721,1726.4796462084362
2365,734921,0.5135,25.433674748751308,0.764,259.4687902957797
2366,734921,0.5005000000000001,220.43346542178259,0.40900000000000003,321.74577934558107
2367,734921,0.3315,81.8892778417901,0.67,24.718349078382342
2368,734921,0.549,108.13682391420733,0.812,131.44841938647602
2369,734921,0.767,126.5910842773034,0.432,162.33621446418184
2370,734921,1.5795000000000001,13728.18027373539,0.4225,15.865788425921197
2371,734921,0.56,72.7614576842737,0.6950000000000001,740.0048830103385
2372,734921,0.2325,31.175451138928015,0.4375,82.79079571147894
2373,734921,1.4485000000000001,1597.249842366476,2.6265,4164.508184174352
2374,734921,0.7185,22.729181335541675,0.28450000000000003,24.00806400480844
2375,734921,1.3585,1845.472882343453,0.3075,18.27420096800813
2376,734921,0.594,25.43099451949306,0.526,446.2216154957378
2377,734921,0.47700000000000004,287.55527156791567,0.436,115.06063250467426
2378,734921,0.303,229.4515748976341,0.5985,42.499479532215084
2379,734921,0.3715,135.2213079803772,0.2145,5.2817923511572955
2380,734921,1.076,833.4756370753252,1.061,1579.4482476068565
2381,734921,0.363,131.6188206421444,0.47300000000000003,45.32194800973952
2382,734921,0.624,255.27516555697383,0.3675,3038.64813853468
2383,734921,0.607,937.459195275626,0.429,923.6801905684439
2384,734921,1.205,1463.4111444415169,0.3925,13.512487727032983
2385,734921,0.631,230.68950980201504,0.28700000000000003,97.06589887346475
2386,734921,0.47050000000000003,144.55806232058896,0.632,129.26201271980526
2387,734921,0.47100000000000003,54.86512085151625,1.099,30.567139875134416
2388,734921,0.7645000000000001,76.42932065645168,0.616,141.02643069674247
2389,734921,0.321,38.60128001738841,0.7015,47.27465181763356
2390,734921,1.526,865659.8455832879,1.139,105.38977182965671
2391,734921,0.1375,9.722429259097403,0.548,924.8275128390756
2392,734921,1.304,424.3344332658005,0.4555,63.140636450469444
2393,734921,0.8765000000000001,586.4796535660954,0.846,39.95159766441514
2394,734921,1.2725,13252.298731846366,0.6335000000000001,5042.5827618672765
2395,734921,0.6655,93.60430074208179,0.4255,142.88225394718202
2396,734921,0.47950000000000004,50.95810022659588,0.3115,72.41915695808835
2397,734921,0.421,206.59743403739594,0.5575,830.8651456563564
2398,734921,0.833,36141.46166936791,0.5195,262.26923669674085
2399,734921,0.1995,69.5284997508417,0.9495,154.0385576972574
2400,734921,0.3695,107.64615970720712,0.424,13.404404578538589
2401,734921,1.0805,757.2639665434781,0.4545,33.89193308436013
2402,734921,0.9485,1946.014605437976,0.6455,1815.9712522522004
2403,734921,0.8905000000000001,2326.1010293854306,0.7545000000000001,541.8671497820183
2404,734921,0.837,64.93859595145189,0.5605,175.73912214335505
2405,734921,0.852,830.7877915643527,0.6745,5283.557190753092
2406,734921,0.4235,122.06723760945083,1.0625,936.6088449145915
2407,734921,0.4685,165.28337558438227,0.444,114.7147625852533
2408,734921,0.8175,3542.749695887824,1.2610000000000001,6219.340864488881
2409,734921,0.2955,26.70125313882082,0.6035,5734.702717651012
2410,734921,0.7145,1390.1654898604202,0.6995,1202.884189318856
2411,734921,0.2975,14.102275788807999,0.508,49.54544253071666
2412,734921,0.3595,12.166060165064872,1.341,748.4879896608114
2413,734921,0.507,35.42299413935958,0.2245,12.221577059491553
2414,734921,0.17400000000000002,16.167043659107954,0.4575,13.95142370756519
2415,734921,0.454,33.080209900838476,0.622,50.306429040866824
2416,734921,0.3275,15.747329636235863,0.677,36.84935501960042
2417,734921,0.9,1386.6415788485294,0.47350000000000003,149.6481524287427
2418,734921,0.4545,132.56969171430285,0.8310000000000001,319.9626017775803
2419,734921,0.5745,669.4657509614813,0.974,8912.626407926291
2420,734921,0.481,48.51087649400769,0.8745,50.3514007526403
2421,734921,0.7155,1068.7256918717424,0.9430000000000001,462.96455466376267
2422,734921,0.5305,11.097067004360476,0.225,36.66757511137724
2423,734921,1.18,145.57104789236286,0.385,14.422847244452614
2424,734921,0.679,70.74559054841617,0.54,2145.14682756253
2425,734921,0.49,159.4721575432214,0.7965,81.15524115841104
2426,734921,0.9905,3437.9793625417524,0.5655,7397.94288303028
2427,734921,1.1055,449.5715023508167,0.5585,357.7431937660073
2428,734921,0.5815,296.84739794340015,0.609,72.94373741473315
2429,734921,0.438,343.38850900613943,1.429,734.3013814885329
2430,734921,0.6950000000000001,201.3038154717709,0.47350000000000003,118.26379310927774
2431,734921,0.74,349.770760469709,0.6185,66.00606305519011
2432,734921,0.2885,85.79112032823605,1.457,23311.931920672287
2433,734921,0.685,4162.840489242624,0.5285,71.22346695746127
2434,734921,0.7665000000000001,421.5169972344303,1.227,2115.075530106643
2435,734921,0.7575000000000001,69.47148695618448,0.303,4933.226496376125
2436,734921,0.615,494.9738308282022,1.6735,18319.837354563762
2437,734921,0.2745,21.669446630281218,0.6865,31.266490713622453
2438,734921,0.54,98.68665588573074,0.3595,992.19690108008
2439,734921,0.638,368.1983588998677,0.6515,373.56748281336826
2440,734921,0.1685,15.163736313937573,0.40800000000000003,81.39148516726858
2441,734921,0.8355,119.77566868595243,0.5635,1215.9450699950496
2442,734921,0.604,477.82141728300064,0.6645,281.5163393294492
2443,734921,0.5630000000000001,38.853943200444434,0.7605000000000001,62.95946050722584
2444,734921,1.0125,279.3160379421959,0.738,40.41954677339902
2445,734921,0.8085,640.4114615122406,0.5035000000000001,50.83815231068485
2446,734921,0.983,20709.25275915874,0.623,189.60497395263596
2447,734921,0.4365,141.39664028032303,0.7485,100.79307305083894
2448,734921,0.402,25.279316913784992,0.41000000000000003,218.13980865267493
2449,734921,0.526,1845.7296224752474,0.40800000000000003,113.25163322711099
2450,734921,1.713,250.6911511658163,0.3785,42.71427580890653
2451,734921,0.35100000000000003,75.16696246018347,1.2365,9597.274737350308
2452,734921,1.2795,212.6523579353822,0.461,116.5385499184852
2453,734921,0.983,481.11469375787726,0.263,45.660022216633855
2454,734921,0.6265000000000001,304.46179333541875,0.4955,298.08443723192613
2455,734921,1.4935,4926.7972562557525,0.5485,75.10286860723666
2456,734921,0.9785,842.1916139105789,0.9455,76.11277137345034
2457,734921,0.723,199.05534371838817,0.549,25.67525009267091
2458,734921,0.455,15.270907122669767,1.0170000000000001,123.22365687140392
2459,734921,0.23500000000000001,39.67676935615327,0.607,133.53021757475238
2460,734921,0.2755,13.341542268474216,0.5,594.78049613057
2461,734921,0.8645,8730.860854999493,0.35000000000000003,70.87379177548792
2462,734921,0.592,243.98569468926877,0.5565,394.8607755940399
2463,734921,0.2725,25.00231772091846,0.539,19.601827348299576
2464,734921,0.34900000000000003,55.60756953964099,0.392,17.17372219308232
2465,734921,0.6545,161.4916984327698,0.461,149.91777541361614
2466,734921,0.3765,175.2416220516879,0.4205,830.8092399406858
2467,734921,0.761,183.30170751596634,0.318,18.945379852932923
2468,734921,1.296,35.45658407955573,0.5195,16.432912397871487
2469,734921,1.192,14899.13486643355,0.7525000000000001,121.62382866914614
2470,734921,0.437,71.2148026777106,0.245,20.707829512749424
2471,734921,1.072,287.966162379156,0.4035,109.89132659210864
2472,734921,0.461,17.24060203277619,0.303,48.88376591223424
2473,734921,0.1615,19.807088572865137,0.453,49.326849316526655
2474,734921,0.6165,48.90612190178068,0.3725,76.86633376991354
2475,734921,0.861,104081.08580488793,0.45,35.32191993082055
2476,734921,0.34500000000000003,51.38428614548374,0.488,993.7373272581085
2477,734921,0.499,24.11605408527895,0.679,214.71834254971967
2478,734921,0.371,147.53027651812005,0.166,11.87467973776338
2479,734921,0.47750000000000004,15.401087714226366,0.737,7653.8503081002145
2480,734921,0.325,6.783249254898479,0.5015000000000001,59.651923439671265
2481,734921,0.4195,166.921169661323,0.3695,21.298342352086443
2482,734921,1.8595,801.3071884936653,0.4325,293.8236553551418
2483,734921,0.621,4487.129924345508,0.9410000000000001,44.10469737802563
2484,734921,0.4325,41.12079370586848,0.648,899.2072260136508
2485,734921,0.665,641.3022733677451,0.29,16.58524339511246
2486,734921,0.5720000000000001,34.8146249681444,0.2945,34.57997007107951
2487,734921,0.5885,52.137586414441294,0.7925,111.57535481375639
2488,734921,0.6995,246.02434572910698,1.3185,355209.88834145805
2489,734921,0.721,625.8853492298401,0.223,22.585743068762774
2490,734921,0.47100000000000003,39.92035755914572,1.612,1215.0965738092375
2491,734921,0.5720000000000001,57.67642945342914,0.4395,56.837948068469935
2492,734921,0.791,143.69135296102914,0.3755,157.97092845197332
2493,734921,0.719,125.1917641435838,0.272,93.72549684058382
2494,734921,0.2705,185.27291165895952,0.794,180.15558590212686
2495,734921,1.066,88.87706674756792,0.491,32.03838074247838
2496,734921,0.1445,12.170936094328814,0.9725,109.43924010958321
2497,734921,0.321,31.393010744013523,0.9325,7.729758561940896
2498,734921,1.106,257.9004808264616,0.427,18.24730941373628
2499,734921,0.751,1326.1828754025537,0.5385,270.0112944431428
2500,734921,0.5730000000000001,77.0148560921303,0.7805,183.25143631520498
2501,734921,0.176,7.822554983971894,0.545,43.923586934133645
2502,734921,0.7935,187.7049173291452,0.336,37.91776453255856
2503,734921,0.93,18.794116079962805,0.2255,93.47032292804285
2504,734921,0.5335,298.8351451230411,0.271,154.59402628439537
2505,734921,2.0675,14485.254622253697,0.582,1377.385409202475
2506,734921,0.358,35.40585123434345,0.523,94.09911472373142
2507,734921,1.2795,241.211204157975,1.0475,124.6596712610552
2508,734921,0.5345,913.1646895170477,0.4325,563.9919339838425
2509,734921,0.3055,32.27835028160092,1.28,1838.8199477229489
2510,734921,0.456,45.20770737020358,0.466,200.94184107774072
2511,734921,0.7335,1363.6331843463504,0.4365,341.7184420580108
2512,734921,0.4355,106.67571844162602,0.2945,119.73511159036468
2513,734921,0.2805,30.50232681983765,0.252,72.47025708325562
2514,734921,0.391,408.32613911422766,0.7265,396140.0893953624
2515,734921,0.843,280.0967608634811,0.48,23.230991966211246
2516,734921,0.9480000000000001,14.943310167127603,0.656,281.9457959399317
2517,734921,0.7445,156.16980478813085,0.326,57.51728501781224
2518,734921,0.3385,51.38901726306684,0.7135,27.275355305428597
2519,734921,0.6905,39.1783497458614,0.776,67.75539347555386
2520,734921,1.2115,865.8800098549314,0.532,17.922574149671306
2521,734921,0.35050000000000003,11.83975936185465,0.7415,2762.7638947823093
2522,734921,0.4,33.14116641071277,0.4525,489.32439734014304
2523,734921,0.3355,16.3113388466371,1.0575,686.4975579998312
2524,734921,1.2815,10466.05484105794,0.6675,36.51553600370319
2525,734921,0.602,411.73062075571016,0.7615000000000001,87.84322624084207
2526,734921,0.234,8.650751515750004,0.5935,54.01125075866064
2527,734921,0.8300000000000001,822.0507494763998,0.536,101.35863904270343
2528,734921,0.1535,7.328170079657913,0.9540000000000001,2543.4106115171603
2529,734921,1.415,198.6953819863234,0.6525,36.31148154992429
2530,734921,0.5335,117.62076219921681,0.6285000000000001,1212.581275206125
2531,734921,2.2455,2480.8056785709896,0.505,76.58568058854114
2532,734921,0.7565000000000001,140.71465117268176,0.918,3707.398162221396
2533,734921,0.457,26.28933084988731,0.5365,12284.420020549678
2534,734921,0.5605,11.488542264428148,0.3275,32.18501892981487
2535,734921,1.044,246.11707492030752,0.5185,393.57686785467314
2536,734921,1.5525,17681.802345812164,0.224,21.222538311278946
2537,734921,0.3825,139.3831679506034,0.7095,188.06125362156249
2538,734921,1.3215000000000001,5095.619659085487,0.9055,486.5933963987885
2539,734921,2.724,81079.39632231047,0.7555000000000001,683.7512539082412
2540,734921,1.027,63.252141528445186,0.547,29.746746928732087
2541,734921,0.33,27.275034863435927,0.836,357.8125384226007
2542,734921,1.0835000000000001,113.0093017312347,0.342,480.63456143808554
2543,734921,1.3755,549.0723666330855,0.8445,188.53125467662818
2544,734921,0.851,288.6893635614,1.1835,12287.591707643067
2545,734921,0.9095,52.21386128422721,0.584,101.90169741177944
2546,734921,0.295,82.16008603498584,0.528,40.35772179596356
2547,734921,0.3425,228.44082694608161,0.8875000000000001,48.47072305090709
2548,734921,0.874,374.4489163457251,1.493,32.50713921027207
2549,734921,0.9045,104.40003830735499,0.458,2554.677007933822
2550,734921,0.6890000000000001,88.96724405757763,0.27,16.879435402501386
2551,734921,0.657,59.080808503779444,0.4875,96.53578782586489
2552,734921,0.34900000000000003,66.79136917737252,0.6065,3970.8926408269017
2553,734921,0.459,345.3432564238265,0.2935,184.67152818739402
2554,734921,1.112,92.49272741470149,0.4575,24.981732745294973
2555,734921,0.712,327.4936891762658,0.634,51.88603278318346
2556,734921,0.5415,30.430837238104807,0.8405,44.535000305721304
2557,734921,1.9365,140528.25705931327,0.5595,452.4484638083066
2558,734921,0.928,1384.7005647324656,0.589,721.8941694145726
2559,734921,0.5375,91.87898711200914,0.607,611.3713922300024
2560,734921,1.341,19587.31506914803,0.423,146.93366631809062
2561,734921,0.6305000000000001,106.93072127313422,0.47350000000000003,35.787526496582394
2562,734921,0.23,18.864117728500847,0.9345,4378.246628824863
2563,734921,0.638,42.34006234126256,0.3425,159.9983779241716
2564,734921,0.709,183.3173639044374,0.20750000000000002,56.721474315376796
2565,734921,0.383,36.2259623058335,0.4965,42.06088793646458
2566,734921,0.339,109.43299488052074,1.361,353.1610950410575
2567,734921,1.434,54918.839293578916,1.1460000000000001,33894.457240102514
2568,734921,0.357,44.0618405101202,0.402,453.70892300585996
2569,734921,1.0075,380.01272506765457,0.9245,4836.3868076764
2570,734921,0.5315,71.57706170919747,0.988,4747.492739472557
2571,734921,0.454,95.856132905789,0.165,62.83634594825673
2572,734921,0.291,41.112350398524136,0.61,2667.9248404635987
2573,734921,0.398,34.090288835845215,0.498,50.975452915127974
2574,734921,0.393,17.421205973676585,0.28450000000000003,34.69577462982498
2575,734921,1.079,55057.29984526825,0.47350000000000003,94.50622427891575
2576,734921,0.3135,123.01639586084262,0.506,74.2029747581848
2577,734921,2.317,4726.489813314495,0.8375,461316.90493686264
2578,734921,0.468,36.71137609031682,0.862,25.495336003228765
2579,734921,0.339,7.3389100699588035,0.559,689.8069676171522
2580,734921,0.34600000000000003,32.75483401143952,1.1865,528.0268543803162
2581,734921,0.555,250.5009622048623,0.3225,29.78050080231249
2582,734921,0.3185,24.89094056696689,0.4385,191.8615603241042
2583,734921,0.792,58.575502226036285,0.6900000000000001,113.85959291319975
2584,734921,1.8575,21400.01632911872,0.882,21.43981207848054
2585,734921,2.2195,67541.52234381896,0.798,3584.8112935870486
2586,734921,0.4285,44.306580731054815,0.647,479.9581685584831
2587,734921,1.566,225939.80792009144,1.1825,859.6704729328884
2588,734921,1.342,1020.392722937112,0.267,28.620343004895414
2589,734921,0.502,424.93868586827335,0.515,93.0837218885873
2590,734921,0.5385,43.8628634983875,1.821,416.4100165777965
2591,734921,1.0575,95.19190410463841,0.661,186.40471897179694
2592,734921,0.684,234.9166681618645,0.7000000000000001,1194.2918733778695
2593,734921,0.47050000000000003,58.996330028237715,2.05,2623854.3916885983
2594,734921,0.4425,35.35098845856291,0.3775,238.42456957873915
2595,734921,0.9695,246.27133305889515,0.9425,11124.732401349542
2596,734921,1.327,55.83233890173782,0.8785000000000001,76.66435712348978
2597,734921,0.374,14.891960085674503,0.554,192.19534074116322
2598,734921,0.3275,27.667239933452194,0.381,149.06252533929202
2599,734921,0.6755,99.06178081543722,0.47300000000000003,54.26755419185827
2600,734921,0.922,197.01922631063584,0.34650000000000003,23.97382168881525
2601,734921,0.4565,130.83843456316086,0.3865,41.83723894429558
2602,734921,0.3935,310.68670610960345,0.47900000000000004,56.74723222191543
2603,734921,1.2235,1197.5280787716206,0.35150000000000003,253.35308923105475
2604,734921,1.3685,3560.1441067732426,0.6855,2187.037612913601
2605,734921,0.5035000000000001,24.465641344491047,0.849,97.5724000904355
2606,734921,0.4475,11.681765797868959,0.5815,248.89536068482795
2607,734921,0.417,183.59744167632022,1.3415000000000001,976000.7502128216
2608,734921,1.4295,45157.821176790916,0.558,52.39210436118874
2609,734921,1.6065,25643.53091780474,0.5765,564.4895181400155
2610,734921,0.2325,49.41109507461744,0.6575,432.8120472599344
2611,734921,0.6565,62.34939689728625,0.4865,23.68775881138613
2612,734921,0.227,10.650084880274521,0.629,225.97510460572042
2613,734921,0.524,656.702460984623,0.2465,27.32018661305955
2614,734921,0.4595,183.53687859996674,0.7035,233.29996349142465
2615,734921,0.641,9.841088354753559,0.935,1449.1261796534193
2616,734921,0.8235,5628.625675104247,0.4435,34.339194325974965
2617,734921,0.4345,81.83771733981821,0.9335,241.9176988549542
2618,734921,0.2975,13.566172063055093,0.3375,23.997182378710626
2619,734921,0.356,21.316346067184938,0.47600000000000003,133.73703695975706
2620,734921,0.6725,49.41523370622581,0.5705,159.85269221887566
2621,734921,0.73,172.7110763823748,0.9495,354.6752124086746
2622,734921,0.363,34.64450174958185,0.525,63.007159982157546
2623,734921,0.5630000000000001,501.3931717228679,0.5655,78.21012552820925
2624,734921,3.3685,104410.46828009545,0.41150000000000003,43.253923827598264
2625,734921,0.7395,96.7207647775802,0.5085000000000001,84.83336030204106
2626,734921,0.534,75.22756483490072,0.229,18.898071948216348
2627,734921,0.4405,60.6683275330985,0.227,129.20578894911299
2628,734921,1.025,2081.0842213383035,0.5105000000000001,16.847260368287287
2629,734921,0.9535,422.4531594749206,0.3025,29.50200361529818
2630,734921,0.5305,50.1270805308416,1.36,8222.13250932263
2631,734921,0.6980000000000001,228.23260854283572,0.47600000000000003,17.97576941410407
2632,734921,0.658,9976.546207915202,0.655,295.8960100750658
2633,734921,0.45,70.36680504587198,0.8280000000000001,132066.8957019072
2634,734921,0.9065,199.546656331596,0.447,192.0459161652952
2635,734921,1.6925000000000001,4035.937350566508,1.2585,423.6342923161226
2636,734921,0.4325,28.00290561273447,0.5285,119.9795650853256
2637,734921,0.738,162.44124438636806,0.3355,236.2738294856477
2638,734921,0.898,156.38420145581182,0.8395,238.29957690674843
2639,734921,0.639,18.157257241656314,0.8835000000000001,4541.057142536164
2640,734921,0.3755,24.72334692918861,0.6735,184.72652706545975
2641,734921,0.7095,2423.2385342376,0.2775,31.953305294675353
2642,734921,0.973,1253.3457248939135,0.647,47.850038485696594
2643,734921,0.529,148.74690941373743,0.47650000000000003,190.86203413296099
2644,734921,0.3235,71.72524021769729,0.6125,405.1215450651699
2645,734921,1.074,70.77500284440994,1.0575,1437211.0135657885
2646,734921,0.511,30.3020121753459,0.5175,1029.2731625239662
2647,734921,1.565,4988.487196749706,0.3245,23.25808224803975
2648,734921,0.646,599.0870978864652,0.2495,11.205409699772371
2649,734921,0.8145,105.37268495408401,0.4895,699.5218200587192
2650,734921,0.5660000000000001,39.38066707121639,0.8525,18.91128839263543
2651,734921,1.0465,514.1627325529822,0.363,88.74714131393384
2652,734921,0.2965,87.54457301776999,0.196,20.26591763527868
2653,734921,0.4615,22.219705847217032,0.4385,158.70316793940142
2654,734921,0.3095,109.17703780857198,0.405,650.1415386137058
2655,734921,0.6960000000000001,29.475950717349903,0.6185,31.806627322493185
2656,734921,0.7925,54.38401555467198,0.6725,102.66065943680555
2657,734921,1.0090000000000001,13061.83602222112,0.9735,4840.206414842444
2658,734921,0.672,324.78874544555765,0.326,62.49908499159801
2659,734921,1.228,80.03507857325177,0.8635,1715.416245602872
2660,734921,0.895,253.38450376952068,1.5310000000000001,783.0082564253406
2661,734921,2.301,11467.609529597763,0.5515,166.2081920871706
2662,734921,0.224,6.7076047133276475,0.5015000000000001,149.5718238171101
2663,734921,0.3375,137.06501390578845,0.393,16.06961234804785
2664,734921,0.447,620.0097986639537,1.2215,2008.551255561966
2665,734921,0.583,299.17130134294234,0.306,40.32575074771156
2666,734921,0.5505,65.75337044241815,0.748,37.09745095155522
2667,734921,0.599,150.94986670137803,0.738,5800.548397909011
2668,734921,2.858,35336698.64431012,0.8155,3972.8244867950616
2669,734921,0.933,41776.901207007984,0.23650000000000002,42.832541188074984
2670,734921,0.4555,52.58322071486468,0.7835,1590.9863268143777
2671,734921,0.96,238.40618465906564,0.5605,529.4705808820123
2672,734921,0.3735,18.422207590656214,1.002,274.57591065319826
2673,734921,0.6685,128.34820376582286,0.77,202.54616626899684
2674,734921,1.643,162.69686765336104,1.6835,98.8463713438759
2675,734921,0.466,2591.056212385914,0.5565,67.605869732655
2676,734921,0.449,150.82793481088697,0.6455,199.63101615570386
2677,734921,0.5845,77.61327869998412,1.0435,26.811148589766994
2678,734921,0.639,121.97724445510138,0.4195,705.1041248763129
2679,734921,0.7975,1635.2631759670555,0.8155,893.3990461553949
2680,734921,0.4475,185.2480543594408,0.9935,46994.033866247984
2681,734921,0.585,15.195337406793522,0.274,16.134570869798573
2682,734921,0.333,246.5700901178091,0.597,48.09480875241072
2683,734921,0.3155,24.80515245884406,0.312,637.5934130355414
2684,734921,0.5965,283.9452313657897,0.64,3291.9198745016056
2685,734921,0.7385,989.9547266651424,0.2785,12.286582390327203
2686,734921,1.0915,1049.519756861626,0.537,34.72830536029995
2687,734921,0.713,1017.6147077785495,0.54,946.8561351980833
2688,734921,0.8160000000000001,341.9671738123244,0.496,447.71526653818734
2689,734921,0.744,104.64729773872986,1.5045,28462.46749221937
2690,734921,0.2995,20.734206966972497,0.6685,148.29310561572333
2691,734921,0.6675,108.18097289254395,0.9165,16310.995416665259
2692,734921,0.396,43.8892079434834,0.23500000000000001,32.391071806094615
2693,734921,0.28300000000000003,11.196234157709444,0.4895,1040.6144249143804
2694,734921,2.311,1527.2721393384172,0.5640000000000001,16.838884095931146
2695,734921,0.159,19.194011478390774,0.6960000000000001,38.22909644716434
2696,734921,0.436,63.302859809312466,0.5945,23.119847273849906
2697,734921,0.382,24.27196692732834,0.661,82.67189079000175
2698,734921,0.8885000000000001,1853.2141766285065,0.902,13.996258191718074
2699,734921,0.41000000000000003,124.35519576071434,0.9845,2246.0516888372726
2700,734921,0.197,16.82132277189632,0.6695,97.26201801878939
2701,734921,1.1460000000000001,1971.3028461932865,0.385,230.51265715869027
2702,734921,0.3905,19.82624220382663,0.8180000000000001,290.1416893486006
2703,734921,0.74,663.5402224375703,0.796,56.720146995827825
2704,734921,0.47650000000000003,132.4892079199846,0.509,151.67701489416544
2705,734921,0.3365,13.021294814138214,0.2415,16.49023468915628
2706,734921,0.3535,158.57848281638658,0.483,78.14909163846522
2707,734921,0.45,233.08501661199873,0.765,6811.330961564899
2708,734921,0.633,13.033448031405557,0.637,93415.9890886409
2709,734921,0.4905,377.2525682086877,0.3865,25.964142761752715
2710,734921,0.304,118.57754239505972,0.6165,55.71231453007599
2711,734921,0.635,67.10759740067512,0.368,24.214573796794173
2712,734921,0.9115,44977.79910976435,0.4615,143.4265452183177
2713,734921,0.377,167.84471570770597,0.5695,1424.1375709478466
2714,734921,0.404,17.882965528722494,0.594,21.286462442424316
2715,734921,0.659,103.74706241125818,0.28600000000000003,31.24585472752613
2716,734921,0.4055,20.377293845089493,0.5025000000000001,222.57391780897026
2717,734921,0.41400000000000003,193.20151596948668,0.579,14.721311773749465
2718,734921,0.752,358.9400877208915,0.7655000000000001,222.4158968951135
2719,734921,1.353,7108.7649003507295,0.483,82.17011142336386
2720,734921,0.217,15.018995397177964,0.6585,37.527013749194275
2721,734921,0.4045,44.26077644099981,0.8085,113662.75607654151
2722,734921,0.5305,243.2267969348671,0.47900000000000004,119.49335576749344
2723,734921,0.595,135.60357405644484,0.5415,907.893629598389
2724,734921,0.434,54.81366355999201,0.586,42.5555262917712
2725,734921,1.145,252.3695384655658,0.808,323.2453853656695
2726,734921,0.7675000000000001,498.1156722125076,0.337,131.8841304056424
2727,734921,0.769,595.4504608474763,0.3255,67.19383821612323
2728,734921,0.215,40.313431635766634,1.0885,32217.348822131145
2729,734921,0.6565,180.10944184385457,0.23750000000000002,18.223423641798956
2730,734921,0.252,86.76553365285463,0.4805,12079.480694208294
2731,734921,0.733,1860.2438111831716,0.4895,524.6491514251766
2732,734921,0.5685,248.43015081556467,0.5665,66.53038695884489
2733,734921,0.3195,19.831260143354825,0.25,112.5661234154481
2734,734921,0.7475,150.46519517398738,0.639,1738.0000426052572
2735,734921,0.41100000000000003,85.3762732065898,0.9405,196358.3770732671
2736,734921,0.8300000000000001,123.95967320561637,0.579,118.70714330235808
2737,734921,0.732,98.4557325494682,0.9315,7598.434655464405
2738,734921,0.8240000000000001,1319.8567736133093,0.4895,268.6164843773719
2739,734921,0.5205,29.539470027055504,0.765,1820.9063593565481
2740,734921,0.418,40.20745178555818,0.734,173.21596723427606
2741,734921,0.306,80.30741126950453,0.535,69.71867758302483
2742,734921,0.4575,22.921883811307413,0.527,901.5041842467641
2743,734921,1.224,508.79842181421856,0.5715,1341.6206060496659
2744,734921,0.168,65.09314172142629,0.624,53.088382570770506
2745,734921,0.402,61.20073464234607,0.2725,32.59134467685128
2746,734921,0.40900000000000003,61.26113297566796,0.3295,62.33108884327662
2747,734921,0.7045,2160.090497880096,0.8865000000000001,127.13284285558551
2748,734921,0.889,222.17116472165395,0.997,323340.2761608383
2749,734921,0.758,190.18791776375804,0.577,37.3259512829405
2750,734921,0.4045,78.25902474343735,0.8355,780.9546671269057
2751,734921,0.531,50.169244757846116,0.3865,8.299330153004531
2752,734921,0.4665,213.43360810070058,0.614,166.5053571427193
2753,734921,0.51,17.71057382508118,1.383,2282.169515795738
2754,734921,0.583,883.0188700098275,0.4975,215.5639842827773
2755,734921,0.8335,400.0428236552391,0.559,54.2912518737781
2756,734921,0.833,797.3631015838604,0.543,316.5310532526078
2757,734921,0.51,47.99759659587843,0.41550000000000004,108.83304332363569
2758,734921,0.63,437.94165197511234,1.1945000000000001,751721.0232090794
2759,734921,0.846,675.4308173592456,0.7685,392.07624106253473
2760,734921,1.0125,416.16014535039363,0.5735,642.3453331861703
2761,734921,0.3025,20.60825116091711,0.8265,34.25486129402637
2762,734921,0.6065,2577.3915808420797,0.6625,323.9261860036968
2763,734921,0.9005,689.1340005867739,0.7735,47.306779618359315
2764,734921,0.5125,200.40782490886218,0.379,2306.204281604719
2765,734921,0.3535,73.47650698960528,0.447,247.1956908689088
2766,734921,0.3375,11.99786974172997,0.8265,638.4610188645895
2767,734921,0.4295,49.04275791707381,0.454,1068.5304372431483
2768,734921,1.2325,569.5092605624241,0.582,49.16811437113321
2769,734921,0.20800000000000002,59.61618711833688,0.8585,137.63187506253834
2770,734921,0.2895,18.70324234179847,0.373,20.14218372908234
2771,734921,0.5630000000000001,734.4316560833062,1.7405,4415.327838398159
2772,734921,0.20350000000000001,10.677663608915633,0.544,813.232041287375
2773,734921,1.7205000000000001,10203.921197380712,0.41050000000000003,50.922708665658085
2774,734921,1.303,113578.7930424935,0.535,109476.72072624495
2775,734921,0.7355,291.31502160641173,0.7055,1136.4966782927838
2776,734921,0.2975,53.544670354237326,0.551,509.5689403922214
2777,734921,1.35,27872.782970920547,0.5690000000000001,50.288077711213894
2778,734921,0.398,57.288834011885974,0.5485,1326.2733117820474
2779,734921,2.039,7652779.334180327,0.5595,37.96397400569467
2780,734921,0.8190000000000001,1463.4613691411766,0.682,120.67091891997438
2781,734921,0.2795,23.537123803071857,2.1375,51443.47516568219
2782,734921,1.2825,26456.7453829119,0.6405,2468.5659533776598
2783,734921,0.779,2947.604123708592,0.259,24.604788720357146
2784,734921,0.6375000000000001,13.15015141745329,0.9265,86.42347675489773
2785,734921,0.5335,301.82039814610596,1.004,1123.1122632453603
2786,734921,0.3745,81.38755407201359,0.4415,29.521088541526527
2787,734921,1.286,5412.70446232885,0.249,34.555710380050336
2788,734921,0.523,30.31806660150569,1.3355000000000001,2282732598.3518558
2789,734921,0.72,3011.9946097899856,0.4395,20.831144868343834
2790,734921,1.2590000000000001,1762.7781824748379,0.3915,6.800228565374207
2791,734921,0.619,34.0204666165299,1.2515,79.46534945357023
2792,734921,0.6980000000000001,151.3278548962808,0.614,6797.836978338788
2793,734921,0.669,788.0786902096263,0.856,37.5215523747685
2794,734921,0.648,1534.4899523090112,0.781,327.5743493537639
2795,734921,0.487,101.49679050398132,0.3855,281.071685852181
2796,734921,0.443,29.647863029803933,0.8105,493.47432856850253
2797,734921,0.2885,46.2469518715427,0.6990000000000001,30.10533995807542
2798,734921,0.722,48.29779081410695,0.7565000000000001,46.89217046736
2799,734921,0.9725,417.10769995153294,0.4245,31.665133270919423
2800,734921,1.3475,160.31645742770738,0.619,1414.5623882391906
2801,734921,1.1935,77678.01003694888,1.0835000000000001,383.47912678736617
2802,734921,0.5915,223.55634491893403,0.6205,4354.868630218352
2803,734921,0.2415,21.830082386577722,0.389,6.743159574874464
2804,734921,0.5905,170.23298321742448,0.8385,29.304575601050097
2805,734921,0.337,360.4520789089689,0.5700000000000001,2685.859544606724
2806,734921,1.096,642.462139321469,0.607,145.1531307294228
2807,734921,0.7665000000000001,1456.4959507830492,0.7735,30.558708010101945
2808,734921,0.651,1152.0346298245718,0.5975,93.89519432905537
2809,734921,0.637,260.68133626992187,0.8445,357.9232681618541
2810,734921,0.456,326.3916937281421,0.541,114.60911616327381
2811,734921,1.6585,19128.034832136073,0.3705,13.829696264376178
2812,734921,0.3045,97.3338213493074,0.767,594.4617811326737
2813,734921,1.5350000000000001,4934.181601684487,0.4335,38.196242239075865
2814,734921,0.41050000000000003,248.28750894857365,0.5715,294.30883915023264
2815,734921,0.7845,178.86859375452298,1.2555,574169.2399195889
2816,734921,0.40650000000000003,62.43920662051974,0.3715,58.102070140536554
2817,734921,0.28250000000000003,82.2964436917983,0.2535,53.06575851972024
2818,734921,0.505,77.50974817729933,0.34500000000000003,24.348889882272285
2819,734921,0.891,66.75137889335963,0.369,31.326133166587738
2820,734921,0.4265,51.368439892562606,0.34700000000000003,191.94883859160097
2821,734921,0.7625000000000001,1514.966439616889,0.517,28.045141169883546
2822,734921,0.465,27.824292241804475,0.41600000000000004,18.663650449228342
2823,734921,0.534,262.9087830532656,0.8445,189.97589521962036
2824,734921,0.525,8.899050296884443,0.1885,11.613066656554533
2825,734921,0.632,1684.106682020047,0.486,85.80101487239625
2826,734921,0.3845,27.380814715206807,0.6345000000000001,60.75580737621709
2827,734921,0.467,46.549679167094595,0.918,4896.477209085499
2828,734921,2.024,11569.207985366205,0.2915,28.25750631181967
2829,734921,0.23550000000000001,39.925891428328434,0.506,47.98494457810405
2830,734921,0.3535,23.029941952506256,0.7325,147.43128089692203
2831,734921,0.9520000000000001,259.12800693970365,0.986,24.54357010889656
2832,734921,0.41250000000000003,243.2896964225751,0.5885,804.9935933658921
2833,734921,0.711,541.8407091755216,0.721,2376.5519555664614
2834,734921,1.2835,1706.5091547632405,1.1225,4148.6738071616255
2835,734921,0.501,39.93034361958683,0.423,26.970422589312186
2836,734921,1.661,1327.4876284835782,1.076,2025.8685029414446
2837,734921,0.23550000000000001,225.52546110226646,0.3735,967.7684068195123
2838,734921,0.4435,76.61873458052904,1.105,384.2230545882954
2839,734921,3.427,12642.858313938072,0.6675,1419.4729265688582
2840,734921,0.4545,101.86976017212001,0.7495,27.6534083748021
2841,734921,0.357,25.499224278844036,0.243,155.80520798308564
2842,734921,0.5305,73.50628481623684,0.431,15.796818312301935
2843,734921,0.6605,150.82905370362278,0.6505,1036.7004775043893
2844,734921,0.3965,168.57692106913632,0.806,12735.12834716133
2845,734921,0.3035,132.11751407186384,0.795,151.66562431404466
2846,734921,0.1675,57.35266670915563,0.4935,192.56181148925683
2847,734921,0.8455,1041.382823017801,0.7915,21197877.087162808
2848,734921,0.4855,22.575952137641845,0.6835,15.975124984185936
2849,734921,0.9425,1613.0424139233094,0.365,57.35960579265414
2850,734921,1.5815000000000001,48130.510753308794,0.8915000000000001,7.921413118457711
2851,734921,0.96,1069.5705278253708,0.41350000000000003,454.1133961383959
2852,734921,0.806,110.22977782072411,1.092,2287.7709112144485
2853,734921,0.324,35.06200268476754,0.871,620.83586456194
2854,734921,0.47400000000000003,147.59500820005857,0.291,82.13000711858884
2855,734921,1.1305,127.8514577558464,0.6,519.0302887013256
2856,734921,0.3605,193.8054120863372,0.936,1576.1215359517298
2857,734921,0.506,71.89057901126272,0.47300000000000003,43019.74862630744
2858,734921,0.2405,39.01836730398421,1.1565,1313.269945374455
2859,734921,1.5305,49.47915480852878,0.7030000000000001,13.88935662961416
2860,734921,0.4185,43.9710267558682,0.359,362.9405964790267
2861,734921,0.428,110.16457068638651,0.324,70.27819233054997
2862,734921,0.722,287.77760808577284,0.4045,83.8637534530313
2863,734921,0.4965,120.77896528877268,0.7505000000000001,19.63466898530791
2864,734921,0.8160000000000001,29.71670515728286,0.6235,63.91372050682515
2865,734921,0.3315,13.70275987270555,0.442,143.007598522795
2866,734921,0.2765,299.93253514899965,0.3415,751.7082281008928
2867,734921,0.424,30.98288311889542,0.5125,245.82357437129588
2868,734921,0.19,8.762631749305868,0.7745,1767.078243739534
2869,734921,0.657,80.96550502244729,0.2415,126.30055374793261
2870,734921,1.2955,140.6330994060539,1.4125,655.1877111830329
2871,734921,0.196,9.338391431184045,0.4405,42.593814757666756
2872,734921,0.47300000000000003,323.7742058219749,0.9345,9745.537514376061
2873,734921,0.2135,31.233520853002233,0.911,543.6785615417373
2874,734921,0.276,38.9646966866178,0.5125,70.86512535256541
2875,734921,1.842,2655.4355413544954,0.755,2716.6823807692645
2876,734921,1.0465,2513.816865003838,0.186,69.12702556483636
2877,734921,0.8585,1578.0553501676225,0.481,25.43602440370461
2878,734921,1.3825,6032.923741340017,0.9685,51.88784968786589
2879,734921,0.8355,214.1062964261217,1.228,273.1754865750627
2880,734921,0.243,24.20451291522708,1.036,54512.17650532154
2881,734921,0.4585,20.205049602298413,0.5725,18.04741322888024
2882,734921,0.5730000000000001,32.156420142572216,0.299,273.2830550856242
2883,734921,0.5685,501.5786141523865,0.8525,413990.85672438575
2884,734921,0.8675,1450.4853920564024,0.418,159.8415239263063
2885,734921,0.2645,54.3187258323374,0.8945000000000001,429.6375059814116
2886,734921,0.6135,55.05043022026009,0.762,55.12619449811639
2887,734921,0.428,256.3671544312134,0.85,34.57317577167356
2888,734921,0.3185,7.262115104847745,1.585,406.31865234309896
2889,734921,1.1205,211.04345657814298,0.367,17.441462505851657
2890,734921,0.907,506.8472257482545,0.768,51.57949389162759
2891,734921,0.7045,256.4613012926101,0.3165,12.1836559295867
2892,734921,0.3855,64.76455138388127,0.656,396.06404032775464
2893,734921,0.124,10.406903280223991,0.424,137.90396451877533
2894,734921,1.3625,6350.776404725992,0.518,68.25063159010983
2895,734921,1.298,447.2878212394769,0.329,72.59077967759518
2896,734921,0.654,6537.533151557065,0.965,1808.3695045718937
2897,734921,0.762,10439.005706662994,0.599,732.0245285181371
2898,734921,0.6275000000000001,93.57436186399504,0.9430000000000001,52.71200509275154
2899,734921,0.281,110.70558731612753,0.432,129.79629526550312
2900,734921,0.342,24.700036165765688,0.445,36.617598797809
2901,734921,0.3255,56.33394734280905,0.2515,9.244803078667465
2902,734921,0.844,234.56747943212073,0.673,671.4846694598275
2903,734921,1.0155,4992.714066532851,0.226,60.442744757541156
2904,734921,0.923,1658.4385314425404,0.533,1531.68072066821
2905,734921,0.6425,323.2717226327231,0.402,105.625844743006
2906,734921,1.6135,610731.3307121405,0.3235,93.96392906096736
2907,734921,0.3365,430.44792865370067,0.496,9.714687677797553
2908,734921,2.349,273939.1135303281,0.6745,7387.5581171121685
2909,734921,0.8275,37.62557862188098,0.616,2165.6688542804914
2910,734921,0.784,81.97964713773874,0.192,632.9239578197447
2911,734921,0.782,117.79410343580241,0.7085,5.541529862018106
2912,734921,0.8135,553.0426824844089,0.1995,61.26249572950698
2913,734921,0.534,35.995400922836595,0.6795,23.714823705773014
2914,734921,0.331,98.25642434966908,0.812,474.7884278224853
2915,734921,0.34,13.380502426307569,0.3095,26.24305704764683
2916,734921,1.153,6267.389174740333,0.484,3929.6207526620187
2917,734921,1.799,132.9749884734104,0.613,50.36416747163051
2918,734921,0.644,465.90570445627037,0.5505,228.1899598660237
2919,734921,0.3795,38.23306044793864,0.67,57.656472957741364
2920,734921,0.3215,142.74065388155418,0.6975,44.42993859576294
2921,734921,0.5375,23.61883133235027,0.499,3324.604136181677
2922,734921,1.5045,19224.47667480474,0.582,23.17486773920154
2923,734921,0.3325,114.30522885955686,0.4425,18.578729634873913
2924,734921,0.418,37.48544683589136,0.421,64.66463694160487
2925,734921,0.41250000000000003,251.1357825696823,0.8515,386.7821518345224
2926,734921,0.705,41.4778099850853,1.202,3802.586900622435
2927,734921,0.4265,31.880268378765685,0.6335000000000001,324.3046195806341
2928,734921,0.3735,36.29131186487867,0.47600000000000003,11.690444187591531
2929,734921,0.637,440.6800135137264,1.073,238.42673001869693
2930,734921,0.48,229.68176551053745,0.917,3582.9366818257477
2931,734921,0.3405,60.22801566810106,0.5025000000000001,566.5199466881406
2932,734921,0.649,1581.8176703906472,0.5670000000000001,133.7719424062557
2933,734921,1.2045000000000001,2530.5741631437563,1.75,2343.3657810394902
2934,734921,0.5765,255.76817155913346,0.444,1032.4117730384555
2935,734921,1.244,4343.61995749373,0.878,185.7690275051738
2936,734921,0.666,64.83360843302916,0.4655,43.85807047372164
2937,734921,1.054,7889.709789768133,0.9915,18125.42978285589
2938,734921,0.5675,3095.9495569697333,0.8155,82.31237209509605
2939,734921,0.4575,1280.4439755855583,0.998,89.41703793139548
2940,734921,0.9185,1545.7554528428761,0.577,121.50454201751964
2941,734921,0.35100000000000003,16.372120544365057,0.4595,3438.3985358545347
2942,734921,0.179,22.68786749765716,0.343,18.886626361785602
2943,734921,0.161,16.390502667024183,0.454,13.629271758774777
2944,734921,0.769,4514.558591321686,0.395,1318.509877747759
2945,734921,0.764,87.83571042800222,0.359,21.7132165836401
2946,734921,1.083,504.88383315736024,0.9825,1079.2466754133784
2947,734921,0.7305,184.6644488095862,0.542,82.14267161842545
2948,734921,0.139,12.53805698478395,0.6880000000000001,129.20019544463977
2949,734921,0.58,82.971171004823,1.5745,250204.35698462906
2950,734921,0.539,145.52856245540147,0.4925,31.93977637515907
2951,734921,0.221,20.92871934193084,0.453,117.7260284355344
2952,734921,1.2225,321.88044415168105,0.428,53.271609239320775
2953,734921,0.5465,23.44035518835569,1.1440000000000001,90.44558072872297
2954,734921,0.748,159.52058766384957,0.735,660.376013659082
2955,734921,1.116,1059.2693714474417,0.442,717.300883636873
2956,734921,0.8055,147.08471062172822,0.3915,277.1008279056174
2957,734921,0.712,576.5480977821491,0.781,155.03875503935376
2958,734921,0.197,8.583518982895658,0.581,879.5837511527907
2959,734921,0.6055,152.00609459429097,0.4235,101.4224778058183
2960,734921,0.622,45.836707030663035,0.3155,42.644145712859135
2961,734921,0.4415,65.20062799724667,0.40650000000000003,38.68795128504472
2962,734921,0.47700000000000004,70.22083820958763,0.6865,565.7340145428922
2963,734921,0.259,21.769141340645163,0.8255,30.642178881758955
2964,734921,0.7735,34.937180530759065,0.6845,464.79663896840196
2965,734921,0.302,168.42668323196995,0.745,7344.337836746263
2966,734921,0.6795,46.35044424200883,0.4455,41.485178937766335
2967,734921,1.1205,83.25170039258711,0.9285,200073.8559295217
2968,734921,0.861,219.75948533616554,0.4345,22.602663787652276
2969,734921,0.396,31.084741317864857,0.5585,384.9319697799258
2970,734921,0.203,188.38493730744472,0.491,1552.171316325957
2971,734921,0.464,67.57521995120293,0.8165,1198.8489601865933
2972,734921,0.4675,37.493960348224945,0.4995,785.8278414511256
2973,734921,1.734,17307.111523361054,0.265,13.048330162554096
2974,734921,0.7595000000000001,1001.7759150680123,1.3345,788.6805519928655
2975,734921,0.6895,123.29592511058627,0.3585,23.742790763262263
2976,734921,0.215,47.683042935185334,0.581,203.47031685863348
2977,734921,0.2735,27.242567350596815,0.6635,236.73598425368186
2978,734921,0.5055000000000001,16.511275322226844,0.4375,29.95844269185373
2979,734921,0.8165,9.711716438123336,0.2475,28.184807298840198
2980,734921,1.83,687.5893558473061,1.1440000000000001,1351.697001012826
2981,734921,0.671,1649.135003460874,1.087,28313.528091008306
2982,734921,0.2785,65.51447479176232,0.3025,258.47610708316887
2983,734921,0.1275,10.853460258491596,0.6315000000000001,915.9106763124665
2984,734921,0.6940000000000001,251.67550783083922,0.556,12.916693768314913
2985,734921,0.2245,31.41766672908992,0.7385,40.77390682864812
2986,734921,0.449,359.08999326513594,0.5695,388.2932720371247
2987,734921,0.726,187.44151525593873,0.591,372.88929937776595
2988,734921,0.3425,42.20478910807816,0.7065,86.28628789700849
2989,734921,0.59,23.272204045442404,0.926,38.526965556126996
2990,734921,0.3995,20.26363815429587,0.781,91.94286424848431
2991,734921,0.765,76.11363790506118,1.0585,1687.5963787759947
2992,734921,0.5065000000000001,3257.7038431975534,2.3815,22656.0919557277
2993,734921,0.332,64.47871529872434,0.5845,346.4036653824902
2994,734921,1.1915,28066.226125675774,0.333,112.10307941946694
2995,734921,0.3725,50.20295993860511,0.602,1750.3134728776577
2996,734921,0.47000000000000003,40.431790809342715,0.644,103.43352336644156
2997,734921,0.5125,42.65368642920198,0.2025,46.53007330101264
2998,734921,0.4965,54.2711347259711,1.012,89.37888414772868
2999,734921,0.4865,208.41905344253266,0.6,978.2079778208357
3000,734921,0.71,324.08902273917533,0.834,20.92019821544407
3001,734921,0.3115,250.14658213435874,0.579,1071.339789861748
3002,734921,0.5445,687.1429500672916,0.5285,134.37026132324053
3003,734921,0.8725,2104.122718575559,0.546,79.35436586985621
3004,734921,0.562,263.70618457570134,0.3345,129.82431466571805
3005,734921,0.836,199.65342643682737,0.5795,100.85888541754379
3006,734921,1.21,2862.076405291678,0.2745,14.301714295474515
3007,734921,1.1935,373995.33626330027,1.0815000000000001,12821.498383908132
3008,734921,0.4415,37.32642708480593,0.4015,102.41029019693364
3009,734921,0.2945,45.250312091244126,0.3285,8.465177423621391
3010,734921,2.571,248144.13943475438,0.64,95.91081547472044
3011,734921,1.1765,1942.2987747420289,0.427,38.092790467857704
3012,734921,0.5585,152.95257548686686,0.8150000000000001,790.8388960285337
3013,734921,1.122,3868.5466081056097,0.8035,414755.2202024099
3014,734921,0.4025,1533.249650817591,0.4375,11.947791754937164
3015,734921,0.2095,20.527034848577866,0.3845,41.08952846997169
3016,734921,0.881,4165.417229181972,0.5875,46590.54062298564
3017,734921,0.7445,47.95759818684772,0.894,114.85493687218406
3018,734921,0.7375,49.99652479124633,0.4055,171.97792121948135
3019,734921,0.308,40.92064638799389,0.5755,96.2566744082989
3020,734921,0.6920000000000001,2627.123429939529,1.5835000000000001,77.85943649788625
3021,734921,0.7715,560.2585734348169,0.468,245.4690605633407
3022,734921,0.2695,114.86882301255176,0.96,73.93189632786572
3023,734921,0.2015,41.953849732657616,0.659,96.32209162078098
3024,734921,0.47850000000000004,69.98289024264233,0.5675,818.3856597489923
3025,734921,0.6465,155.03103016643277,0.488,19.514870323835154
3026,734921,0.41300000000000003,12.135569106422928,0.7005,31.733993265667504
3027,734921,1.0005,181.80970880904385,0.3945,30.185077017190746
3028,734921,0.404,348.60204903040517,0.9245,76.49422940767059
3029,734921,0.3635,22.94627422565945,0.295,132.91596530571687
3030,734921,0.1485,11.562760502009686,0.7445,2582.466103995705
3031,734921,0.369,8.733674956093703,0.404,5433.432335434443
3032,734921,0.6980000000000001,205.6563258905791,0.6035,160.86742149655296
3033,734921,0.914,2729.3493382934776,0.5515,382.96420686715334
3034,734921,0.234,17.903731612622085,0.6215,149.41108806572103
3035,734921,0.5,31.236991584529125,0.4205,47.860106416592686
3036,734921,1.188,1160.5378313141505,0.1925,11.156744545502173
3037,734921,0.627,69.50153837119642,1.3285,5519.650949726338
3038,734921,1.086,278.48096234433905,0.678,1713.4233316228283
3039,734921,0.8015,330.7750214607104,0.32,77.90040104296409
3040,734921,1.5685,953898.176665516,1.2365,146.75622362767484
3041,734921,0.6565,16.849940551563627,0.485,407.6313294433139
3042,734921,0.9095,3334.6314282435233,0.8695,5386.565918199017
3043,734921,0.644,1179.268170525183,0.5725,135.66776198866555
3044,734921,0.9905,382.49255681938826,0.5915,1353.8252573346651
3045,734921,1.1115,3667.856155243096,0.7135,4742.845407399685
3046,734921,0.306,30.09025678439925,0.5195,1688.5885894077107
3047,734921,0.495,121.37808262334855,0.387,212.9961605185831
3048,734921,1.383,12854.327584757873,0.3905,66.35281859544813
3049,734921,0.365,32.35314072279008,0.28800000000000003,25.883866853130378
3050,734921,0.716,2498.786269605005,0.619,730.5069051726715
3051,734921,0.23950000000000002,63.71927474480866,0.96,76.13964016559109
3052,734921,0.926,2844.422412725008,0.259,34.536991507932406
3053,734921,0.5575,40.13006655336404,0.364,410.3131241288661
3054,734921,2.956,626904.7641206868,0.406,50.63902399931444
3055,734921,0.772,69.70169951316075,0.982,244.6501330175375
3056,734921,0.341,16.945215765380073,0.793,22.776139046666753
3057,734921,0.4025,20.28554146936306,0.7175,29.7884617906038
3058,734921,0.625,13.216197128464293,0.25,77.92912757249621
3059,734921,0.34800000000000003,10.572926473357839,0.303,15.100729023260808
3060,734921,0.4965,96.84176314541695,0.396,158.64256411986636
3061,734921,0.578,110.87926371055367,0.4815,624.1745396049253
3062,734921,1.424,111.82544117030935,0.88,99.19140221440419
3063,734921,3.0585,56899997.816356964,0.2785,20.326543918771456
3064,734921,0.232,10.571748189632501,0.85,1382.912098757536
3065,734921,0.3265,310.8582167115637,0.657,52.420150862618826
3066,734921,0.481,1283.338966833846,0.5805,45.341288314702055
3067,734921,0.2165,16.839763133483793,0.7495,3006.0475680255863
3068,734921,0.8320000000000001,96.19106828010521,0.4225,131.0408980805983
3069,734921,0.7545000000000001,1144.482883664017,0.639,11.540826539200959
3070,734921,0.6425,376.4645445662474,0.23500000000000001,8.678769475231997
3071,734921,0.40850000000000003,125.45294509369432,0.332,12.95694911690998
3072,734921,0.583,221.5204337347515,0.5645,207.72478994765595
3073,734921,0.396,29.063348747270233,0.9580000000000001,1010.2627353054972
3074,734921,0.599,30.067458662957648,0.441,43.62996456574094
3075,734921,0.34700000000000003,11.366104615662051,0.3005,396.8062426631325
3076,734921,0.2775,10.149742509989595,0.338,54.077311816260945
3077,734921,0.4945,104.56228130321689,0.508,1374.9291093319787
3078,734921,0.299,318.42278230934187,0.5700000000000001,92.05394718890963
3079,734921,0.5670000000000001,98.43867311487321,0.363,106.1287765568514
3080,734921,0.498,46.01566283705787,0.5555,1146.0556553333063
3081,734921,1.839,10041.08886974715,0.28450000000000003,19.447949572058327
3082,734921,0.6525,269.87145613677905,0.673,173.48393512094898
3083,734921,0.4585,55.055900932826084,0.2615,262.4378554508924
3084,734921,0.6105,127.90373215128018,0.6565,124.12147439287918
3085,734921,0.4425,243.07369811470855,0.4385,73.62672366314335
3086,734921,0.5885,2301.3624180980764,0.9265,11636.737537499881
3087,734921,0.397,87.65310627369267,0.443,42.52991334894476
3088,734921,0.624,99.9400004264605,0.5740000000000001,1961.428221380437
3089,734921,0.387,6.930885864401418,0.3925,19.722832929295215
3090,734921,2.892,20534.423984636298,0.458,41.162947922775224
3091,734921,0.5085000000000001,29.616257907771203,0.533,180.32112204625574
3092,734921,0.8190000000000001,1430.5088461090784,0.3015,52.73581679525708
3093,734921,0.184,22.484950260897683,0.41550000000000004,52.28824684722054
3094,734921,0.389,65.02587813492832,0.47550000000000003,69.33480065330431
3095,734921,0.6435,11387.026524674375,0.5035000000000001,101.43818192045471
3096,734921,0.8715,36.18819014123907,0.582,24.677969142469568
3097,734921,1.0225,188.94935585685425,0.6925,102.89558566914513
3098,734921,0.4605,194.7277203008584,1.2795,110888.23930397182
3099,734921,0.266,92.99978920573446,0.468,116512.55573606044
3100,734921,0.31,76.77077216969462,1.141,608.4204483911835
3101,734921,0.495,39.233666049140055,0.3145,935.38055261045
3102,734921,0.3995,41.626462721540335,0.429,82.05562450764675
3103,734921,0.262,113.79491776360504,0.587,43.08435031296848
3104,734921,0.29,71.91327318696413,0.422,99.51143650205104
3105,734921,1.739,21156.289348481936,0.47700000000000004,458.3989823704532
3106,734921,0.791,86.97005234484487,0.4675,27.763438725746287
3107,734921,0.278,21.019050518710667,0.7455,126.47876730381452
3108,734921,1.6155,1177.6178604031888,0.4485,625.5681766927913
3109,734921,2.013,115297.2977291958,1.0745,1091.303388213257
3110,734921,0.373,14.802985659859974,0.6305000000000001,38.79222258606872
3111,734921,0.754,46.100351841966436,0.2885,23.656699829183438
3112,734921,0.389,66.73900617868259,0.483,49.047040793415135
3113,734921,0.5095000000000001,1962.9277857933107,0.2925,93.1741058412158
3114,734921,0.98,759.8294122906482,0.6915,1464.90056095562
3115,734921,0.4235,26.352306246590377,0.20800000000000002,6.112062084243559
3116,734921,2.476,80301.3259591,1.0355,37.26807437766127
3117,734921,0.8975,1034.8562318211339,0.461,162.89469451829453
3118,734921,0.655,53.56229493521404,0.7755,177.43926229898247
3119,734921,0.3745,87.50521782113252,0.7205,79.04817566852775
3120,734921,0.507,1153.1548382102844,0.4485,131.77458789419848
3121,734921,0.3175,27.72490523598326,1.012,830.682716714694
3122,734921,0.3765,24.014191270160858,0.597,49.60283777589492
3123,734921,0.6065,168.88754694802063,0.234,306.9492115228396
3124,734921,0.554,375.59200653843425,0.392,52.164202064550885
3125,734921,1.248,118.21154392726784,0.20800000000000002,68.64772175836504
3126,734921,0.447,27.375350574382427,0.905,6135.379213234019
3127,734921,0.4645,733.9079845949059,0.9535,24.532216890955034
3128,734921,0.6445,1178.7960114333105,0.41200000000000003,16.510939991703527
3129,734921,0.8260000000000001,764.4894481216594,0.509,898.5882957965496
3130,734921,0.3945,274.2640422808243,0.769,2191.926292353863
3131,734921,0.4535,80.21517301111022,1.9015,26635.59956726146
3132,734921,0.41350000000000003,106.15673563330792,0.389,36.90248984357234
3133,734921,0.7365,259.39033907359345,0.296,54.208978526635384
3134,734921,0.913,2032.855099182548,0.34500000000000003,234.7297170144086
3135,734921,0.8745,578.1490754003655,0.4185,36.95016234839588
3136,734921,0.7085,94.97138529233668,0.7865,1018.6907853195834
3137,734921,0.606,175.21921395800402,0.7985,8467.631674734817
3138,734921,0.719,8815.547895275105,0.712,37880.409646737455
3139,734921,0.53,328.1482093349441,0.844,64.50695642034813
3140,734921,0.541,115.68751609658679,0.5730000000000001,43.86309159889078
3141,734921,0.6555,923.1605327485653,0.5700000000000001,48.9275587008911
3142,734921,0.738,69.17141951798774,1.643,446996.3786195601
3143,734921,0.3985,116.12352738013752,0.5205,42.34464462662466
3144,734921,0.833,88.24159496982378,0.774,119.96047852942868
3145,734921,0.291,516.8921560232703,0.4345,48.55098321853529
3146,734921,0.2485,21.04807641162703,1.0435,887.3378824636749
3147,734921,0.3135,11.06844554875304,0.5475,1668.4030936717022
3148,734921,1.101,2737.306619252507,0.548,2834.810963545207
3149,734921,0.374,113.53283973642968,0.9505,17.212230350360144
3150,734921,1.0885,2557.02989451411,0.5515,97.65776351165071
3151,734921,0.8955000000000001,4707.786945294412,0.41350000000000003,25.739241990797105
3152,734921,0.41200000000000003,47.54418940163447,0.5715,412.1375145088802
3153,734921,0.47600000000000003,252.05960500890677,0.34,103.32501386219776
3154,734921,0.7505000000000001,85.15657675683268,0.6865,3323.2821756818867
3155,734921,0.418,65.71942888621466,0.5125,168.2919424628317
3156,734921,0.384,79.8224046494219,0.291,115.2335418182239
3157,734921,0.843,693.9098408779648,0.314,32.39872295794996
3158,734921,0.23450000000000001,19.74963902197019,1.0225,488.87600910226286
3159,734921,0.301,223.58874205277624,0.2475,44.56282414997788
3160,734921,0.243,94.00896617705163,0.27,24.415582097621087
3161,734921,1.226,8893.9657519378,0.6325000000000001,188.16101344957607
3162,734921,0.9645,499.5867672043278,0.291,23.668649671719997
3163,734921,0.247,20.04515817626224,0.737,597.0618591755192
3164,734921,0.304,48.24356886484425,0.6955,169.8926465138321
3165,734921,2.686,800797.7050247777,0.544,506.2400157838489
3166,734921,0.9530000000000001,406.68046965605,1.1865,127.18963705722078
3167,734921,1.4375,323.37836442742537,0.5785,181.70437393599443
3168,734921,0.308,92.91931082016815,0.383,18.71414626490698
3169,734921,1.1105,568.9268358493913,0.35100000000000003,464.1559505497685
3170,734921,0.23600000000000002,1190.826046571553,1.01,700.0700846280291
3171,734921,0.7345,413.83825713183654,0.5710000000000001,60.6510108283114
3172,734921,0.501,26.89738465004386,0.4885,116.83939041094757
3173,734921,0.8245,233.9168831615082,0.9305,925.5203555570782
3174,734921,0.9420000000000001,1011.3390410150369,0.3635,36.001852033670154
3175,734921,0.4875,42.349582044368745,0.43,21.354414024574673
3176,734921,0.678,1483.857414153125,0.4565,234.883659944955
3177,734921,0.925,101.86437087144883,0.305,270.0672905554581
3178,734921,0.507,40.286685757112565,0.5670000000000001,192.47890955703218
3179,734921,0.705,288.0513551834455,1.0545,1428.5308239700305
3180,734921,0.6395000000000001,203.45060370689822,0.872,15446.769501230616
3181,734921,1.022,193.7342618745847,0.3205,19.917020770006335
3182,734921,0.5885,79.52385641604478,0.4645,54.187746976867984
3183,734921,1.311,179915.88858682752,0.9400000000000001,75.21053137649555
3184,734921,0.4215,58.59145759738466,0.613,58.76564327196655
3185,734921,0.313,42.1634789677886,0.3565,13.288352781142626
3186,734921,0.446,109.77153753160057,0.5605,18736.931214678505
3187,734921,0.267,71.03111579481582,0.59,242.0066534905299
3188,734921,0.7000000000000001,52.01973432215345,0.487,454.8937591627448
3189,734921,0.47450000000000003,31.221167694296525,0.34850000000000003,37.1646508357075
3190,734921,0.1315,8.802483440961666,0.8230000000000001,599.8794858501205
3191,734921,0.5765,151.39595977887137,0.849,6224.034309271944
3192,734921,0.6930000000000001,308.42876048187765,0.4045,44.41258402273397
3193,734921,0.7225,489.3276988374869,0.3635,248.60103643806437
3194,734921,0.5855,18.01855312984464,0.5085000000000001,21.843560871530812
3195,734921,0.5710000000000001,139.273285178632,0.8605,94.56685164970347
3196,734921,0.847,237.36118207406318,0.5875,226.2671511351228
3197,734921,0.6785,1224.122661445155,0.329,192.72068472089666
3198,734921,0.7145,32.61996967507227,0.4425,1726.2410469532822
3199,734921,0.4465,27.965075663722757,0.67,682.0964358182764
3200,734921,0.671,5328.494921866363,0.666,184.35978293608133
3201,734921,0.264,82.863595471143,0.5225,47.187362881243864
3202,734921,0.679,201.55479976992618,0.7475,143.01156694761676
3203,734921,0.4465,98.4994634704426,0.7675000000000001,59.16409381453631
3204,734921,0.7095,175.78425520970453,0.342,69.9054458406181
3205,734921,0.7185,314.43255275798094,0.5255,2461.12068639962
3206,734921,0.4435,44.97993846778655,0.2495,168.06355248652915
3207,734921,0.3865,12.157747554923226,0.533,18.6666280489483
3208,734921,0.381,16.2167022992651,0.387,64.61540212497417
3209,734921,1.1,259.4880045089568,0.892,13.76857550138813
3210,734921,0.5660000000000001,511.9756804991519,0.559,21.741101618108793
3211,734921,0.3315,53.910995303109154,0.9185,169.49011153619068
3212,734921,0.222,33.011649817029955,0.505,190.44060141197366
3213,734921,0.3075,9.51030877530626,0.6035,35.55323917909045
3214,734921,0.374,33.565880592661514,0.309,62.525958458376365
3215,734921,1.3355000000000001,6559.845763666746,0.5925,147.9200426535504
3216,734921,0.9115,7910.869055099074,0.7025,76.7361386663931
3217,734921,0.5675,128.34080922746855,0.542,154.39645347720833
3218,734921,1.0210000000000001,1247.4042891579097,0.41300000000000003,36.252104052015106
3219,734921,0.8125,492.29659371052327,0.908,629.5567970893096
3220,734921,0.599,25.245621374529666,0.378,145.50685928768846
3221,734921,0.4845,229.33526251048474,0.438,155.778161450615
3222,734921,0.773,128.15540439950937,0.7535000000000001,188.00203368596172
3223,734921,0.227,38.03061344748593,0.5275,414.81604259540364
3224,734921,0.7145,638.4709324632786,1.6535,351578.90344176453
3225,734921,2.261,26308.017117640997,0.202,102.48207552630257
3226,734921,0.3825,162.68099079761706,0.325,37.46451880620422
3227,734921,0.5775,31.015537255434033,1.461,86245.30554657409
3228,734921,0.4685,18.83275732427932,0.604,11.870836284219934
3229,734921,0.4265,61.78530940484817,0.643,624.5073336343094
3230,734921,1.867,10389.952157992333,0.354,74.8923305427224
3231,734921,0.6555,148.9864656112856,0.641,120.66491579425907
3232,734921,0.431,2519.7689933624993,0.513,110.85820997837811
3233,734921,2.0565,74559.3663259109,0.4625,414.42894105299024
3234,734921,0.5215,83.12710353092899,0.259,14.85397235430032
3235,734921,0.1705,38.19186513393438,0.329,14.18302721322576
3236,734921,0.3585,102.80709962520514,1.147,1190.9720098669986
3237,734921,0.7155,341.8560298414269,0.399,289.2410571324334
3238,734921,0.588,50.39488372099527,0.2325,102.07009873976868
3239,734921,0.34600000000000003,23.676111978072452,0.7125,795.1604081613236
3240,734921,0.7255,50.251949456032996,0.604,70.24152045462024
3241,734921,0.8425,105.62576095890702,1.2185,16152.434035132279
3242,734921,0.358,174.79326150190178,0.231,10.724407147593325
3243,734921,0.3865,46.994707074816546,0.4665,41.138536959663305
3244,734921,0.3615,157.8958534258439,0.909,279.8639335434696
3245,734921,0.8160000000000001,202.78199175541636,0.3285,26.070128096438324
3246,734921,0.6415,328.6421856563258,0.3325,88.53711589544926
3247,734921,0.1705,18.62891760859187,0.809,56821.49122951474
3248,734921,1.46,100299.73553296944,0.629,57.932011435790464
3249,734921,0.718,1543.5801461745218,0.719,178.43126365074298
3250,734921,0.17300000000000001,22.653055426193646,0.343,38.3696387257121
3251,734921,0.969,1373.821631106734,1.0785,218.57613637538898
3252,734921,0.8575,3923.3350329523796,0.28400000000000003,55.407800024662606
3253,734921,0.5755,47.506879634571185,0.973,184.50966973321292
3254,734921,0.3815,31.296585942016613,0.3035,9.096333971818543
3255,734921,0.9715,1013.0639773044118,0.3355,6.5824073218159
3256,734921,0.5720000000000001,285.9966002329899,0.7745,2586.6506432410265
3257,734921,1.0070000000000001,552.0513731247979,0.4285,23.94089735811771
3258,734921,0.429,254.7458621983208,0.671,144.51228907167868
3259,734921,1.929,3929.2510311194555,0.5855,309.72388152228433
3260,734921,0.328,26.69736593906902,0.802,258.42496205128407
3261,734921,1.169,50129.502216515364,0.521,3465.7513886420556
3262,734921,0.3875,49.51078853388824,0.3555,19.99518632368139
3263,734921,0.6615,75.64691301656964,1.621,670.6294462284174
3264,734921,0.311,18.202409681466307,0.5625,3970.2594014911006
3265,734921,0.538,4969.101190518766,0.3055,7.4408783975375306
3266,734921,0.1805,8.007494629218943,0.2475,34.201898774699345
3267,734921,0.5325,20.366668998704668,0.972,1537.713081460875
3268,734921,0.197,8.045517713986508,0.635,360.0753535466211
3269,734921,0.303,17.340042945836757,0.373,8.292136726110872
3270,734921,0.6365000000000001,112.04077069703217,0.40700000000000003,60.82248750999567
3271,734921,0.338,162.10089078930062,0.643,380.02703765666394
3272,734921,0.805,546.1171710456301,0.5765,181.65506196595402
3273,734921,0.931,269.48536796090184,1.536,3301.144271973488
3274,734921,0.932,855.581016178074,0.6960000000000001,139.73430252263987
3275,734921,0.68,51.32336341798028,0.1545,49.24956071105227
3276,734921,1.0135,414.59521997754814,0.8125,54.932908576902705
3277,734921,0.5195,48.593545416508384,0.6655,28.26468305665779
3278,734921,0.7485,266.39921411641114,0.56,170.8251907225022
3279,734921,1.299,1285.9642198339905,0.444,8.937414384547163
3280,734921,0.4055,101.90866994549087,0.6255000000000001,2961.112043785956
3281,734921,0.4355,30.43363627223974,0.781,116.29479954400271
3282,734921,0.6205,55.236060253508704,0.8625,20559.753263662427
3283,734921,1.208,776.7685979232033,0.533,416.7515659176305
3284,734921,0.36,34.91432281355365,0.3615,60.3997233213034
3285,734921,0.34750000000000003,80.6394053592691,0.495,17.607040872493247
3286,734921,0.639,307.30644334148053,0.4195,788.8709107195709
3287,734921,0.614,4420.982806937011,1.8820000000000001,18423.663185764977
3288,734921,0.34400000000000003,159.1847099061344,0.28250000000000003,75.75344726792366
3289,734921,0.381,15.394832056121903,0.8555,380.6501347242029
3290,734921,0.9405,599.5466776900453,0.6675,62.18099745583463
3291,734921,0.5755,311.28570080377506,0.462,144.59233214570386
3292,734921,0.729,1245.273124257947,0.341,111.31791777887965
3293,734921,0.453,28.810782238936675,0.3695,2420.3451378031573
3294,734921,0.554,552.5166880144859,0.678,9.535657171034252
3295,734921,0.6045,228.10980508251845,0.8310000000000001,18.080045485974097
3296,734921,0.385,120.33336356586524,0.4525,145.68906188351016
3297,734921,0.507,53.62068436870464,0.403,52.45022764484381
3298,734921,2.7525,102477.02366233095,0.4255,339.75849554213755
3299,734921,0.891,993.4063230838213,0.5025000000000001,132.31885197968893
3300,734921,0.46,34.27216257015064,1.059,574.8627100374342
3301,734921,0.6095,48.09908015416272,0.641,137.74869652276354
3302,734921,0.581,90.25569423188402,0.839,1457.660658925516
3303,734921,0.5875,517.8793973669128,0.6385000000000001,273.3481046504608
3304,734921,0.586,165.04451322712578,0.7465,71.07857798919046
3305,734921,1.156,726.7619312632698,0.733,392.1633549734922
3306,734921,2.559,155394.41854949435,0.608,54.6231594960694
3307,734921,0.3115,26.388902477895705,0.47200000000000003,551.1410580876233
3308,734921,0.9440000000000001,144.80235683148345,0.7020000000000001,108.4825065186897
3309,734921,0.324,18.39218550026206,0.502,328.4282844838193
3310,734921,0.2615,39.176490816561376,0.418,437.87786145938105
3311,734921,0.797,2161.303427145479,0.3705,62.7402959499806
3312,734921,0.34900000000000003,123.84936071210119,0.793,5821.078905857583
3313,734921,0.7985,26.341253797983143,0.582,89.26286388337147
3314,734921,0.355,42.45424412809265,0.6695,60.058029320979216
3315,734921,0.508,28.39274811561691,0.551,1250.5577641478878
3316,734921,0.47750000000000004,130.9098269185193,1.559,61.266031331923884
3317,734921,1.0905,9216.230928856045,0.757,223.88294880892462
3318,734921,0.77,54.18250943704444,0.755,17360.7098523177
3319,734921,0.5785,514.2284725611748,0.436,110.29058362259723
3320,734921,0.4525,149.03743073437172,0.775,133.5372588976024
3321,734921,0.63,294.7320760517085,0.797,36.64821157543946
3322,734921,0.36,7.984498957028891,0.3285,5777.872536878078
3323,734921,0.5325,580.4427568485359,0.257,16.82492644923809
3324,734921,0.466,50.09380762299714,0.376,33.77528034146539
3325,734921,0.365,15.976492879174659,0.234,34.24497860175264
3326,734921,0.5605,23.45185889872614,0.85,38.96728272082792
3327,734921,0.3965,5.914267755115103,1.52,19684.675630216258
3328,734921,0.2975,24.859666632811493,0.4415,55.26605192284411
3329,734921,0.662,599.8622659617636,0.5145,347.8826680306615
3330,734921,1.7550000000000001,10671.235627798722,0.525,403.56735406247515
3331,734921,0.3425,99.61044747131064,0.5125,38.65165994970319
3332,734921,0.7375,933.2012558389495,0.40900000000000003,217.74229397742158
3333,734921,0.41350000000000003,144.64073453306668,0.7665000000000001,12773.014975540931
3334,734921,0.753,4900.196223582556,0.8155,16219.73125888459
3335,734921,0.3865,110.67320552670661,0.5655,47.788213929112956
3336,734921,0.3595,22.257587368841712,0.5285,23.388247915096414
3337,734921,0.7055,68.35250406342134,0.9565,5757.999142022299
3338,734921,0.878,6116.950088620853,0.7825,15.63666515932815
3339,734921,0.853,819.3965605089554,0.462,100.10264700760436
3340,734921,0.5385,54.860188708465586,0.7385,37.16993461204777
3341,734921,0.4805,54.66027900002779,0.436,17.355418820645337
3342,734921,0.736,51.01861283277676,0.6645,2347.1258087914393
3343,734921,0.6325000000000001,384.04721613781146,0.5925,663.8083313249667
3344,734921,0.907,194.54523860791338,0.616,3065.02198475953
3345,734921,0.256,25.841125851120964,0.5175,121.5785852859105
3346,734921,0.5045000000000001,46.22429352129482,0.3945,228.99499591040592
3347,734921,0.34850000000000003,42.03837166558187,0.5855,113.11680395665955
3348,734921,0.644,501.41588777012186,0.332,176.64443108017485
3349,734921,0.748,3827.1504057939733,0.789,158.3045626593899
3350,734921,0.426,94.33462982325155,0.2015,26.345432879242527
3351,734921,0.526,33.75767814395946,0.5205,58.63920758028278
3352,734921,1.0815000000000001,1075.8101939892313,0.6920000000000001,227.97815382276704
3353,734921,0.609,415.1452563777896,1.0675000000000001,32.84388374554549
3354,734921,0.2775,26.30119113812827,0.336,27.074468031550406
3355,734921,0.252,8.36623858995996,0.561,36.65311288061699
3356,734921,1.468,4043.0029861477483,0.5700000000000001,37.76721910116943
3357,734921,1.3185,150.5268056465091,0.577,789.9021588247858
3358,734921,0.249,28.788296815318343,0.5675,127.01951580022272
3359,734921,0.769,2363.5672936457086,1.0295,913.5907021016999
3360,734921,0.4165,68.74053277451061,1.199,13267.839002180097
3361,734921,1.3335000000000001,1041.5508431641033,0.4405,152.70744141108472
3362,734921,0.5355,150.12397049004826,1.0455,161.19679215052813
3363,734921,0.7135,206.81439403443804,0.28450000000000003,35.60951861072066
3364,734921,0.329,35.926838209725226,0.279,67.74418399339464
3365,734921,0.4675,106.57118021792148,0.4245,143.3058258606154
3366,734921,0.2095,16.118984781284567,0.313,23.261659830468822
3367,734921,0.4475,25.93377556347506,0.2755,19.88635508770676
3368,734921,0.781,774.698318009894,0.359,34.73617212509451
3369,734921,0.62,23.04669490238137,0.8655,19160.57660015804
3370,734921,0.7385,100.16977401269753,0.868,181.97982247810475
3371,734921,0.731,372.0283939556652,0.5385,56.19607276900011
3372,734921,0.1595,12.576420673467505,1.3615,162299.19813265282
3373,734921,0.9380000000000001,113.41031251135848,0.9420000000000001,32.15573737075959
3374,734921,0.3165,329.45686663689065,0.463,83.63788421477186
3375,734921,3.2015000000000002,291840.66897832183,0.3195,179.72008989919863
3376,734921,0.7085,930.1015884511917,0.6765,2787.510293409485
3377,734921,0.263,97.35696654545625,0.4345,24.895416342190135
3378,734921,0.722,74.10148762719417,0.868,32.422679946027245
3379,734921,0.6095,74.63817841268089,0.248,14.814713023496132
3380,734921,0.517,33.48650611326461,0.7605000000000001,2945.0773444548713
3381,734921,1.232,3413.506321644949,0.1505,21.944786130104674
3382,734921,0.47750000000000004,121.4671489897526,1.1340000000000001,29057.478102643527
3383,734921,0.6095,351.9733179658355,0.741,101.69207870486585
3384,734921,0.2545,8.662479891970467,0.28,23.280957903883028
3385,734921,0.8965,304.2243021149574,0.4805,173.98610747853527
3386,734921,0.529,254.20352936806378,0.876,381.9527814277405
3387,734921,0.674,2111.7856873960613,0.6845,7534.545082044644
3388,734921,0.2985,43.443647779494626,0.7105,167.21752531743638
3389,734921,0.6485,1369.562378751101,0.7195,200260.24247251265
3390,734921,1.6885000000000001,939.3185919762267,0.3905,37.1606476467608
3391,734921,0.605,87.12023105482749,1.0665,29.421432950160995
3392,734921,0.507,94.0774564482252,0.4375,240.3082452975277
3393,734921,1.2605,954.6894738530343,0.486,21.969323544203796
3394,734921,0.7495,2072.356425051668,0.519,72.35830376987582
3395,734921,0.6265000000000001,129.65105215727525,0.6920000000000001,34.49995741280796
3396,734921,0.8180000000000001,316.6726175789044,0.8025,690549.7156664631
3397,734921,1.1935,178.41698606066436,1.4285,168.46138064450943
3398,734921,1.088,8231.724054904378,1.0785,7760.691624905722
3399,734921,0.926,18.87824660078916,1.1515,47.41889012957161
3400,734921,0.47050000000000003,69.78774641170246,0.4425,82.4791659586882
3401,734921,0.7125,428.769907273865,0.608,187.80192002925327
3402,734921,0.8345,17904.33526386873,1.0015,1129.1288285381593
3403,734921,0.271,25.77115954245509,1.599,1397065.0340891376
3404,734921,0.9065,234.12677822300228,0.843,191.1673809656891
3405,734921,0.337,33.044078008265956,1.2645,192.00315293920195
3406,734921,0.931,308.11823377030316,0.5355,599.9474136963288
3407,734921,0.2595,98.42638151587417,0.7015,59.87368280860954
3408,734921,0.47300000000000003,51.570213358906464,0.273,280.16655926137315
3409,734921,1.216,229.7933343026042,0.4215,1483.9125856786773
3410,734921,1.2385,1863.9833452476878,0.252,121.10316473713796
3411,734921,1.8415000000000001,307.702263664125,0.62,57.41481586372067
3412,734921,0.606,18.743147163888263,0.8815000000000001,127.81765286080477
3413,734921,0.3565,93.94460752352754,0.8655,502.6793516325086
3414,734921,0.47050000000000003,20.45999976725299,0.4425,45.787340777658244
3415,734921,0.4455,15.838557658057782,0.578,41.985492567924474
3416,734921,0.8200000000000001,345.6517662907124,0.374,49.488462146149345
3417,734921,0.8335,48.506279663928325,0.589,17.38994462715813
3418,734921,0.42,29.60730696861505,0.6155,2596.1675844655947
3419,734921,0.385,200.736334573835,0.8310000000000001,44.11213762287776
3420,734921,0.258,15.553788562286734,0.6895,18.008137594957493
3421,734921,0.431,199.09371320706893,0.835,17.583954491667843
3422,734921,0.6855,63.14358295116446,0.547,12.503467133607113
3423,734921,0.5625,74.02393813008648,0.393,116.63130371717523
3424,734921,0.2745,15.21938241891725,1.5170000000000001,92657.41342451984
3425,734921,1.459,1640.0574246771969,1.3225,3742.7989498989564
3426,734921,0.461,24.492588255972553,0.4985,332.7293453688339
3427,734921,1.21,7171.995454454039,0.764,1637814.2636317846
3428,734921,0.34600000000000003,30.75181505602703,0.56,45.9207849056409
3429,734921,0.317,29.148737434249348,0.987,3028.0659798271795
3430,734921,0.5105000000000001,1264.0345874923535,1.0585,25.629521602154632
3431,734921,1.065,446.5494372246805,0.6675,75.00150145363757
3432,734921,0.47650000000000003,358.0376612288134,0.324,373.464776252819
3433,734921,0.3715,134.61025722105828,0.836,39.02403901898379
3434,734921,0.7925,782.0139192001272,1.02,406.1737215464106
3435,734921,0.3775,66.80798606423282,0.4265,24.00018561155775
3436,734921,0.3615,125.89816864276182,0.2805,65.86734318741438
3437,734921,3.206,514790.3978868999,0.6990000000000001,216.0984583571275
3438,734921,0.587,12.655748008459224,0.364,21.91571711822383
3439,734921,1.9545000000000001,1152312.4071504371,0.546,13.507635527805242
3440,734921,0.3245,1021.9581355128236,0.6665,13947.067840229369
3441,734921,1.0755000000000001,2722.4179330173624,1.2045000000000001,53.969436098434656
3442,734921,0.5815,57.15233652188226,0.28550000000000003,5.138777032765901
3443,734921,0.6315000000000001,128.66441288097803,0.40750000000000003,17.930122960238315
3444,734921,1.417,217.63155789636147,0.249,11.678290739978525
3445,734921,1.702,271.6717053808778,0.369,10.919797511257979
3446,734921,0.40900000000000003,48.48309429829168,0.534,602.2107764910426
3447,734921,1.3985,3060.775412441323,0.431,439.45585638241903
3448,734921,0.20550000000000002,17.176998471059672,0.3205,52.20564266337221
3449,734921,0.7785,44.88209182109193,0.41600000000000004,12.850273419512025
3450,734921,0.339,38.331625240185744,0.422,178.77805701842652
3451,734921,0.8885000000000001,419.42937693825564,0.523,67.53111387187278
3452,734921,0.363,23.185451458723236,0.3085,40.51608816295732
3453,734921,0.738,2882.444210781358,0.5185,268.7794930658124
3454,734921,0.7175,45.36581824637039,0.8325,1802.3043677594626
3455,734921,0.456,40.838810046819276,0.301,8.940019041228028
3456,734921,1.054,80.16190741099035,0.20750000000000002,17.165515744424532
3457,734921,0.2945,8.61906618635458,0.46900000000000003,1100.0582220108508
3458,734921,2.124,22844.765397931216,0.3395,55.734808307342036
3459,734921,0.28200000000000003,34.29223082904752,0.6075,24.793939566320763
3460,734921,0.7255,1141.2132500447397,0.3335,22.261524834336885
3461,734921,0.489,44.87917522066363,0.5585,65.52090915997289
3462,734921,0.645,111.62405975491305,1.159,54.74605158272017
3463,734921,0.3795,142.16314620468412,0.3795,71.53627896862623
3464,734921,0.4655,84.87608421493057,0.855,3645.2392447287784
3465,734921,1.849,14786.137648300766,0.2545,64.44356543429046
3466,734921,0.384,2486.5270199308125,0.4805,105.42744376777554
3467,734921,0.17400000000000002,5.672865177590653,0.217,109.83963702295299
3468,734921,0.5640000000000001,4218.649784108376,0.361,161.8092457780791
3469,734921,0.9485,3681.1231239119593,0.3085,19.48432193584981
3470,734921,0.4855,1213.2697423395555,0.7635000000000001,110315.87734102923
3471,734921,0.3885,565.2816668834513,0.389,29.950111207084124
3472,734921,0.7785,380.1648386879231,0.4405,93.92633552543765
3473,734921,0.2425,46.144518296127124,1.129,8749.703071002594
3474,734921,1.5255,23453.469791470143,0.517,97.04463091091681
3475,734921,0.589,40.541402384514306,0.8445,5011.528705198919
3476,734921,0.7175,663.8218965605588,0.5315,180.056166037426
3477,734921,0.451,155.39663585332227,0.5745,913.8371736698391
3478,734921,1.4455,3724.380147715562,0.449,39.64612532535035
3479,734921,0.577,59.65905992054288,0.4455,49.214327415229604
3480,734921,2.0035,563813.1932388524,0.7935,111.05726707744168
3481,734921,1.343,8600.844767096773,0.577,21.247032491350147
3482,734921,1.056,2557.7346634850064,0.494,278.87569404773865
3483,734921,1.052,144.16240103509924,0.2925,38.62041652071526
3484,734921,0.733,286.42677422642475,0.884,62784.39331568815
3485,734921,0.499,1366.8951013649114,0.535,55.42734933483257
3486,734921,1.149,882.5463686861619,0.482,41.99904232428046
3487,734921,0.363,50.22035889887688,1.029,109.27701735771186
3488,734921,0.178,11.087251754080548,0.562,18.081342180505214
3489,734921,1.0385,701.0615405315602,0.4215,79.26236619519054
3490,734921,1.012,78.46978164403201,0.601,14233.101047351705
3491,734921,0.7655000000000001,125.36658914365294,0.9425,397.95198037998887
3492,734921,1.3495,5109.804234164319,0.9795,214.83683432873596
3493,734921,0.246,20.557699450261577,0.4315,35.84517663286052
3494,734921,0.2225,9.326026475141205,0.708,15.042562180878472
3495,734921,0.8145,4174.888045289812,0.4015,99.74035630819581
3496,734921,0.922,674.6540570085444,0.23700000000000002,35.04489072788933
3497,734921,0.582,17.065700918333853,0.318,54.23569712076219
3498,734921,0.28350000000000003,48.50853638583838,0.38,225.46421965152754
3499,734921,0.558,230.05472601502572,1.116,31.01589062230221
3500,734921,1.0210000000000001,1045.790310710701,0.915,22729.570828705517
3501,734921,1.3905,91858.93997727291,0.3355,30.502633510010728
3502,734921,0.6725,456.0748252315806,0.467,1002.7844476098829
3503,734921,1.228,629.9445239770282,0.47950000000000004,71.83626699861165
3504,734921,0.4,52.8022629984096,0.7305,159.1805845547939
3505,734921,0.223,44.841498140676464,0.8035,73.50325727786601
3506,734921,0.359,24.319212715224808,0.5235,259.3389557816223
3507,734921,0.3435,26.92749923059442,0.5485,554.0717858215744
3508,734921,0.4285,105.94478713426494,0.321,186.1106025428703
3509,734921,0.3385,25.143976593021637,0.443,42.41382049707081
3510,734921,0.451,44.410006752209846,0.4895,24.368379011498476
3511,734921,0.545,95.16751612903417,0.5720000000000001,2027.480703248632
3512,734921,0.455,128.4564119622929,0.2315,28.490328509908803
3513,734921,0.40750000000000003,78.95394478415425,0.449,77.20219126604204
3514,734921,0.388,25.731458314204993,0.34650000000000003,61.563287831690005
3515,734921,1.847,411.2253251669793,0.7415,248.84226192874723
3516,734921,0.401,45.164528339124566,0.7635000000000001,89.21471407695428
3517,734921,1.3425,9168.769276541589,0.8200000000000001,2676.1146939663927
3518,734921,0.9525,228.55473400610762,0.376,604.9267041538988
3519,734921,0.622,573.185314894907,0.4855,49.78353553686067
3520,734921,0.4535,25.567770172881353,0.7115,364.6239752603269
3521,734921,0.77,85.90679267382767,1.0090000000000001,790.4517449992768
3522,734921,1.806,23774.04912191177,0.0905,4.692612853262057
3523,734921,0.259,41.37765533103189,0.447,35.58779295359673
3524,734921,0.3145,68.72353160225903,0.432,240.18136340930118
3525,734921,0.5165,416.1631922245401,0.5305,120.65764909827203
3526,734921,0.3085,18.24580035925787,0.374,23.098713883889214
3527,734921,0.896,2504.713682356145,0.757,33.907560328215226
3528,734921,0.9325,332.5369283266221,0.5615,16.728016328362116
3529,734921,0.5115000000000001,2054.2210571706137,0.3785,835.9601194414072
3530,734921,0.26,52.12761902799957,0.20450000000000002,43.47171261996755
3531,734921,1.2570000000000001,146.18652254353765,0.518,5391.041494865844
3532,734921,0.877,45.315782204555376,0.836,12.07396913091954
3533,734921,1.1575,455.50530350876204,0.6425,467.2646870465529
3534,734921,0.23950000000000002,22.99330629198159,0.3825,336.575495338955
3535,734921,0.636,353.3740483898279,0.47350000000000003,111.1505249414629
3536,734921,1.1340000000000001,375.9199997478367,0.7475,58.420307940802815
3537,734921,0.8445,128.38024910444634,0.4935,27.294108768127213
3538,734921,0.5555,122.29734104185141,1.151,58842.7521629653
3539,734921,0.9955,950.9574873219287,0.47750000000000004,148.92391095855314
3540,734921,0.5705,334.5848084072062,0.3185,110.03158415434565
3541,734921,0.3145,41.611695899506,0.6970000000000001,55.49575986409203
3542,734921,0.428,18.681867678889095,0.5135,1371.437888461752
3543,734921,0.906,17667.889173214764,1.077,328.75946762785657
3544,734921,0.5315,69.2324445927705,1.0585,401.8807719572745
3545,734921,0.2575,23.87676848031294,0.8230000000000001,9785.949963398425
3546,734921,1.01,163.00839256351358,0.47650000000000003,36.58146921742724
3547,734921,1.1375,53.65944507929097,0.2435,35.04233145318138
3548,734921,0.7285,394.1430283359861,0.762,11.793844161326042
3549,734921,0.3325,140.09765743892635,1.579,139.32971969832116
3550,734921,0.4055,27.491925544361276,0.6265000000000001,1481.133383096563
3551,734921,0.5365,1108.734599949975,0.7915,48.39728933303752
3552,734921,0.289,235.6005046789421,0.623,2608.674464521278
3553,734921,0.795,1656.1844589427658,1.2615,358262.0337275783
3554,734921,0.584,270.63099090527294,0.3675,24.350397758566167
3555,734921,0.8955000000000001,87.1311032327098,0.17500000000000002,26.377801052079892
3556,734921,0.888,251.454617653744,2.1845,755770.8676250097
3557,734921,0.4605,32.22049264620496,0.6725,2937.3915490141894
3558,734921,0.4375,190.6461921043468,0.2795,75.51052024159924
3559,734921,0.188,76.4844417284729,0.4835,65.72223825334902
3560,734921,1.1975,1125.8875059504,0.5205,6311.216212277893
3561,734921,0.675,2070.272741928071,0.618,270.75692426637687
3562,734921,0.29,130.5145376077911,0.656,132.9825091776872
3563,734921,0.4845,25.18060027830664,0.258,34.12015425241292
3564,734921,0.984,1622.5133238637127,0.322,32.36078214906415
3565,734921,0.3225,96.92149123763534,1.305,615.3149860214126
3566,734921,0.4055,310.7757395532936,1.7035,900.0605682926529
3567,734921,0.3145,70.07101970356291,0.47950000000000004,302.9919570128145
3568,734921,0.773,101.38953210808623,0.3615,155.85651658980512
3569,734921,0.7955,11.451898203614325,0.5755,15.337985671842024
3570,734921,0.227,22.067683875991218,0.2975,236.80177300088917
3571,734921,0.4845,57.283590753093996,0.362,108.34256041001177
3572,734921,1.9415,9163.377268095817,1.227,193926.96125692048
3573,734921,0.341,129.28424916867615,0.56,19.001151869866177
3574,734921,0.1365,10.65095069256894,0.3085,16.76510900468526
3575,734921,0.254,39.77031422773075,0.4225,378.2207340402115
3576,734921,1.188,9737.983489493152,0.7945,5785.426153248124
3577,734921,0.6145,158.0743121604356,0.28300000000000003,11.040609695130106
3578,734921,0.992,7470.485694144902,0.9490000000000001,350.4204999015972
3579,734921,0.8045,231.82298548784848,0.20450000000000002,16.202233573367025
3580,734921,2.0545,12951.6056966862,0.3405,155.3883345352432
3581,734921,0.5670000000000001,2074.343873360807,0.9500000000000001,44.71704049908891
3582,734921,0.3685,53.29066839812086,0.7475,25.0707131563349
3583,734921,1.196,14685.603608540245,0.399,20.323190582793586
3584,734921,0.323,144.82765784177815,0.5935,27.663451470599707
3585,734921,0.289,42.102744244801976,0.3955,104.02460020861709
3586,734921,0.5105000000000001,153.19371802416137,0.761,16.30232723862892
3587,734921,1.3565,531.2304135569112,0.92,392.9537418384315
3588,734921,0.497,158.35202399514134,0.441,226.326843062087
3589,734921,0.4375,52.726093728487626,1.097,629.3662179132175
3590,734921,0.355,51.53080687825975,0.523,384.2654593870043
3591,734921,1.9315,2130.3556578295947,0.2405,14.931787158652646
3592,734921,0.536,68.13145980022865,0.333,88.28174958951878
3593,734921,1.24,2509.2548437273917,0.751,140.10662094818605
3594,734921,0.308,248.57839528651186,0.632,317.51865174357965
3595,734921,0.769,37.36642716385647,0.9385,1117.9564496069138
3596,734921,0.3275,6.986852784263871,0.8885000000000001,53.434362550425526
3597,734921,0.468,216.17154258335063,0.2405,231.3590908848673
3598,734921,1.0215,1751.9010168064103,0.3675,35.532781494977215
3599,734921,0.5355,8.67371684285001,0.3385,181.18518797742345
3600,734921,0.3005,46.45209220348967,1.6320000000000001,12136.11361067011
3601,734921,0.85,4298.693717614501,0.28300000000000003,117.49534956820892
3602,734921,0.865,100.72358268953934,0.377,26.96676650465516
3603,734921,0.265,19.517685957628796,2.3265000000000002,7404161.332383655
3604,734921,0.635,11.40930593853463,0.981,693.3978295917415
3605,734921,0.2895,9.310468407019775,0.6265000000000001,99.59817210111527
3606,734921,0.3945,39.32376398543223,0.4545,74.97928026388865
3607,734921,1.216,1860.4783681877063,1.097,1454.5905353305855
3608,734921,1.006,1242.6381806375691,0.265,35.94819864512673
3609,734921,0.582,169.45126374014254,0.4315,27.735153194094444
3610,734921,0.41450000000000004,59.00075067096946,0.7725,67.2823882395994
3611,734921,0.6395000000000001,2009.9338432338966,1.0395,669587.3389490108
3612,734921,0.8295,245.4072436478727,0.4545,24.52251470752155
3613,734921,2.087,31437.99787090247,0.161,9.35447611751159
3614,734921,0.5525,799.2968956937565,0.2765,79.49059414789738
3615,734921,0.2685,23.844468286437863,1.493,85.03550514750455
3616,734921,0.3065,68.62387632871764,0.462,96.19818510537087
3617,734921,0.317,66.02184779556379,0.807,3037.676104847425
3618,734921,0.4275,75.93623623614087,0.5685,8.706941605559821
3619,734921,0.6595,253.188310769999,0.5415,1807.3533882641789
3620,734921,0.449,34.80595621415491,0.3585,21.142087277336042
3621,734921,0.721,241.09034228958419,1.228,245.72513028587454
3622,734921,2.4945,15221.826388722837,0.61,4680.12563646148
3623,734921,1.227,10185.955149530428,0.546,48.39971992234583
3624,734921,0.546,230.32482282255324,1.0115,145.71171542117165
3625,734921,0.28,52.110203837532595,0.6015,80206.74099437056
3626,734921,0.681,431.32347254469425,0.489,172.73698272310023
3627,734921,0.333,106.22571879364976,0.888,3001.0043708241897
3628,734921,0.51,136.00157728982464,0.7925,497.97464812850427
3629,734921,0.24,133.62184816946393,0.659,214.68377680477278
3630,734921,1.3980000000000001,559.8664801811735,0.4045,27.968671690478736
3631,734921,0.7595000000000001,244.99254107063487,1.215,415.17559086537557
3632,734921,0.40900000000000003,122.58898797238173,0.4625,411.46602745623386
3633,734921,0.7805,98.0146725383746,0.2285,34.10835719022505
3634,734921,0.481,40.944540858137366,1.029,2798.0295192914805
3635,734921,0.299,43.925632290218104,0.8095,923.4530990804392
3636,734921,0.3525,41.59577195596358,0.547,171.23026899286182
3637,734921,0.5785,112.44465502860244,0.4495,115.80273029241681
3638,734921,0.537,383.6880057548901,0.456,688.1402929329478
3639,734921,0.876,80.04868623264807,0.2745,45.68104121892554
3640,734921,0.982,12366.935055319933,0.4495,106.01581550585611
3641,734921,1.4235,177749.46886431187,0.677,17.9394923814554
3642,734921,0.4185,82.43964449286028,0.4835,766.9360822516868
3643,734921,0.6745,309.01648541819435,0.5655,270.45123786158126
3644,734921,0.986,5136.5398093888,0.2745,56.538173583949806
3645,734921,0.3345,92.43885544079465,0.364,58.21748932271728
3646,734921,0.907,970.626514005003,0.867,278.17057735048667
3647,734921,0.232,20.65937126000877,0.425,65.44292379472448
3648,734921,0.5885,47.222016198885,0.748,248.96710038729083
3649,734921,0.7335,39.674816023879295,0.4405,752.8399587070559
3650,734921,2.3785,14734.369292312518,0.538,26.85960375500679
3651,734921,0.543,209.696599157847,1.5785,11249.620382934827
3652,734921,0.245,25.31030298025011,0.7585000000000001,1437.49395064363
3653,734921,0.34400000000000003,43.37653260817036,1.1855,4742.882538752851
3654,734921,0.643,254.06976590903497,0.935,1624.4195901490418
3655,734921,0.386,16.5578821884611,0.331,266.135153202912
3656,734921,0.616,386.73374970469524,0.2925,47.46110097289655
3657,734921,0.524,14.046605469539898,0.2145,198.7745943360436
3658,734921,0.893,174.8080779252511,0.209,35.07227850645299
3659,734921,0.4875,80.63967817035582,0.262,120.32228249675155
3660,734921,0.5505,171.34607917291177,0.68,126.81269442322048
3661,734921,0.5075000000000001,27.656796316759674,0.6335000000000001,765.8802187339153
3662,734921,0.309,4.153041334173576,0.6805,335.98310189283416
3663,734921,0.393,69.34730864948895,0.72,502.6324915393601
3664,734921,1.672,653.2073468037404,0.4685,39.25760927243799
3665,734921,0.708,19.152117017299563,0.834,3103423.9508152306
3666,734921,0.2735,45.66765667906225,0.811,234.70625303718566
3667,734921,1.074,149029.52197159964,0.4305,158.76989421400378
3668,734921,0.5895,242.67483519487828,0.8220000000000001,173.12047464234385
3669,734921,0.219,22.71415207415044,1.2455,24877.318040212205
3670,734921,0.326,175.43990692693527,0.7655000000000001,951.7371497316714
3671,734921,0.5235,774.4868151714847,0.7545000000000001,173.28904296452708
3672,734921,0.2455,16.487960611354254,1.428,99926.24890733307
3673,734921,0.261,29.61575985346425,0.5640000000000001,53.392536598441744
3674,734921,0.5195,6.208844110549966,0.5785,10974.517413459957
3675,734921,0.4845,27.92416566889714,0.872,127.1820126989271
3676,734921,0.498,14.420526348106918,0.8035,1175.8165659711626
3677,734921,1.062,62102.63172902142,0.333,33.1346319228419
3678,734921,0.729,3171.447782640286,0.364,25.800134361848908
3679,734921,0.295,10.222874160961727,1.1025,1030.1672430897618
3680,734921,0.418,588.8842034279447,0.451,14.98517162024613
3681,734921,0.543,275.15559383588584,0.731,157.94052138726215
3682,734921,0.2205,13.034722315344192,0.3925,12.877428926667337
3683,734921,0.458,17.882386898809077,0.717,29.986592973693988
3684,734921,0.584,18.855904708551147,0.637,563.6114244411517
3685,734921,0.5365,116.22553651882747,0.247,33.15277033671083
3686,734921,0.8150000000000001,470.19813923695926,0.548,772.5037403571187
3687,734921,0.683,29.06401231176929,0.241,21.033685573057017
3688,734921,1.084,117.06223384081274,0.2925,21.251824443660933
3689,734921,0.447,184.9737864597234,1.194,62.29241984203873
3690,734921,0.418,42.31681213331068,0.893,1511.3434502661305
3691,734921,0.5305,36.56001403489692,1.397,68421.50204284166
3692,734921,1.836,22583.662757513077,0.639,89.50787004515925
3693,734921,0.34500000000000003,83.23945469654805,0.5475,90.84887908657213
3694,734921,1.112,159.00846536550617,1.3345,317.51758696516544
3695,734921,0.9095,64.84861396638735,0.553,99.00535821773339
3696,734921,1.0045,1425.467515339749,0.48,76.55886007051672
3697,734921,0.485,293.47408603786187,0.384,11.25661986408937
3698,734921,0.326,47.4566943489228,0.6165,175.69491506650684
3699,734921,0.559,17.745587562626444,0.426,167.42167315934626
3700,734921,0.3145,23.191065769490827,0.4015,138.7677750604882
3701,734921,1.8615,56489.639141218584,0.556,365.2621759871078
3702,734921,0.4945,1112.1737601753136,0.7515000000000001,2529.112016718105
3703,734921,0.5875,8244.352333975867,0.548,132.34948325171104
3704,734921,2.286,514005.8183647972,0.878,46288216.96485837
3705,734921,0.47700000000000004,61.87173777814802,0.3675,168.3225465934645
3706,734921,2.576,3056937.287749325,0.5195,30.747850060383094
3707,734921,0.7305,3987.2036745201117,0.6825,341.0599452404837
3708,734921,0.6970000000000001,213.10269733867298,0.6045,221.01097983759513
3709,734921,0.4355,122.12367997820284,1.365,4074.4609629040247
3710,734921,0.985,7462.29332098988,0.7575000000000001,114.3627428699391
3711,734921,0.34850000000000003,7.854048111415364,0.6345000000000001,68.29925835451604
3712,734921,0.6900000000000001,249.80448600071946,0.258,51.40475809181489
3713,734921,0.988,3423.6486303494203,0.3175,47.10721252368379
3714,734921,0.5720000000000001,83.79538765594597,0.3335,13.39957832870368
3715,734921,0.592,210.27400635395358,0.735,217.72561935834915
3716,734921,0.392,86.28968403788149,0.464,319.47843061895304
3717,734921,0.428,35.28374998010683,0.8205,620.4690681482444
3718,734921,0.421,80.26348996548238,0.614,514.2635665061022
3719,734921,0.7020000000000001,58.13036071392037,0.318,24.18454143663342
3720,734921,0.51,63.66293021803048,1.062,910.9625077145355
3721,734921,0.2635,189.74846662910286,0.358,68.56388330673302
3722,734921,0.7985,201.1811759787647,0.7745,1795.539261315044
3723,734921,0.9275,3869.5112728035,1.1725,40359.40585189557
3724,734921,0.9590000000000001,518.2819651420072,0.2195,124.54412652303921
3725,734921,0.5485,23.63016098441295,1.3305,158.15088657334204
3726,734921,0.878,2145.8376161194465,0.835,393.4323181905509
3727,734921,0.4435,64.30660421718059,0.7895,3282.9308286288046
3728,734921,0.76,1472.0563990434905,0.853,971426.7942428133
3729,734921,1.3215000000000001,32659.17794582295,0.5855,8952.2195584213
3730,734921,0.7555000000000001,216.5317228868448,0.2555,855.9634640673114
3731,734921,2.372,6251.647205310319,0.3745,19.519905139307937
3732,734921,0.579,48.64343139066628,1.186,455.3134300717443
3733,734921,2.0895,19974.7341824369,0.591,75.87077192888097
3734,734921,3.302,905416.5407012831,0.2325,45.31598512545319
3735,734921,0.38,40.854293104242,0.875,13.914664795047816
3736,734921,0.5005000000000001,91.38182017092895,0.506,62.921638076090886
3737,734921,0.676,206.82647418306897,0.902,10532.226923865679
3738,734921,0.277,9.260029810784161,0.68,274.74517575015966
3739,734921,1.7710000000000001,67421.46409106033,0.5,533.6942228923843
3740,734921,0.894,145.8738714576667,0.6875,2443.485007287707
3741,734921,0.7245,89.49413903477297,1.083,26869.07853180818
3742,734921,0.5650000000000001,112.75872543815775,0.6795,7086.107561804194
3743,734921,0.4685,13.392954807299827,0.358,41.638157812619674
3744,734921,0.2685,18.383923454678254,0.3075,25.438411002891627
3745,734921,0.598,59.72392016127669,1.0165,24.492681399175552
3746,734921,0.491,22.20235691461863,1.3225,829.9537637392339
3747,734921,1.8295000000000001,1187.9674851375266,0.5105000000000001,289.18950297045836
3748,734921,0.6945,137.2794889145048,0.606,314.3133672237873
3749,734921,0.5045000000000001,58.231193865700035,1.2855,90.77929485776836
3750,734921,0.228,48.03906279932284,0.9460000000000001,775.6590306739336
3751,734921,2.4250000000000003,305458.4576366266,0.598,2978.7863159015906
3752,734921,0.3005,32.085403769831004,0.2445,20.695387851508762
3753,734921,0.4545,312.88093177074836,0.198,68.74059765851995
3754,734921,1.096,3309.834995473377,0.40900000000000003,49.33677493845484
3755,734921,0.9105,14293.684205610904,0.6555,6898.18032716685
3756,734921,0.966,7576.054646615088,0.4025,16.715105504194074
3757,734921,0.6435,665.4518349848017,0.448,91.8785057086318
3758,734921,0.39,34.91015528929746,0.47900000000000004,23.99272317941761
3759,734921,0.522,33.13252196024317,0.7455,681.3809760454382
3760,734921,0.46900000000000003,40.52897857193773,0.6930000000000001,44.2750342436177
3761,734921,1.195,1265.8562262378775,0.752,156.55435609051054
3762,734921,0.619,7086.84263263302,0.5595,84.41373970800807
3763,734921,0.3355,30.994443618217044,0.9575,227.05151749831177
3764,734921,0.661,64.17109520157621,0.753,114.33299017842909
3765,734921,0.857,166.74204901010836,0.851,11542.565739658876
3766,734921,0.5085000000000001,137.5628121339848,0.8295,410.46012205716426
3767,734921,1.002,579.062386549864,0.621,72.18842645671431
3768,734921,0.352,9.181838842544263,0.6395000000000001,246.27485335075053
3769,734921,0.457,182.8339764479366,1.1635,1080.2327174168477
3770,734921,0.7035,5011.617572901409,0.767,191.19903776878067
3771,734921,0.5735,88.73699541107761,0.4895,669.4049409370855
3772,734921,1.4885,8031.9140243195,0.394,325.63769167948135
3773,734921,0.5605,128.32078420465083,0.3815,62.08974424921809
3774,734921,0.1855,39.005448054581066,0.73,531.2361308032599
3775,734921,0.4005,17.532578002909588,1.044,53.3653266080769
3776,734921,0.602,141.2352334312662,0.5845,31750.62988237433
3777,734921,0.5105000000000001,128.71518176250413,1.2255,720.1685223726151
3778,734921,0.8525,569.9980193501142,0.627,346.3321352535492
3779,734921,0.4375,91.65927013746251,0.3905,1022.0970398995485
3780,734921,0.301,29.342191777782237,0.341,8.831017445209081
3781,734921,3.612,11716321.921215162,0.7185,83.42985908026843
3782,734921,0.3365,46.82633252156238,0.521,697.2543287475471
3783,734921,1.284,1158.8472376318534,1.3085,149.48744032784276
3784,734921,0.8310000000000001,500.38288597955227,0.54,751.3562961339194
3785,734921,0.18,15.305437368483897,0.423,69.0060421322089
3786,734921,0.6245,539.5823762768078,0.7665000000000001,3682.9274292423443
3787,734921,0.3555,93.21052625049111,0.6125,68.95746056484118
3788,734921,0.785,666.7750740858158,0.6405,952.8334666663527
3789,734921,0.426,244.54537970490043,0.3855,364.6889228275022
3790,734921,0.8575,1904.400058333592,0.8495,1636.0547854147887
3791,734921,0.7415,779.3545047219222,0.32,29.757690131228877
3792,734921,0.591,65.64580114537961,0.607,153.50502793038746
3793,734921,0.7625000000000001,94.82492073032833,0.918,1236.2916902090883
3794,734921,0.251,28.71890180645084,0.4975,331.47791156413894
3795,734921,0.5690000000000001,50.90862516901899,0.7055,24.723688586509933
3796,734921,1.0515,2180.4043837516097,0.5775,85.61550140691378
3797,734921,0.5785,26.202476046299022,0.5045000000000001,78.49227807016732
3798,734921,0.843,62.987799414870764,0.8155,128.16545323079822
3799,734921,0.45,868.3128822824034,0.6385000000000001,164.55226572390944
3800,734921,0.6715,51.241479229636774,0.1565,21.12096812731711
3801,734921,0.3285,126.12432182972503,0.4175,173.94733046677518
3802,734921,0.8925000000000001,71.12735986658701,0.244,14.249816255942193
3803,734921,0.536,91.8743374852867,0.5705,21.802109695874513
3804,734921,0.41300000000000003,262.1593491186488,0.451,82.36595740246919
3805,734921,0.634,531.9117035543775,0.656,134.80397198068036
3806,734921,1.0825,571.5101560644044,0.836,25.486691217691774
3807,734921,0.6785,17.31570545687846,0.2215,56.160302372752206
3808,734921,0.5215,43.503372810966034,1.2595,52.68701061789745
3809,734921,0.3955,11.608077716244408,0.5595,80.49133767606713
3810,734921,0.608,72.7304354479891,0.8270000000000001,6379.3512999835375
3811,734921,0.3855,15.192867094431266,0.47500000000000003,398.63724215677485
3812,734921,0.2305,13.01156130774954,1.0965,127.34450739566081
3813,734921,0.756,149.52578451178738,0.272,17.678609095044948
3814,734921,0.5725,140.73177174189732,0.651,29.039122513974725
3815,734921,0.1695,20.70772757439992,0.5295,498.120737544476
3816,734921,0.628,2575.1655536760945,1.1245,16.012970238566133
3817,734921,1.1925000000000001,12023.706742907614,0.3865,118.12049693999668
3818,734921,0.6945,61.56917847663067,0.381,19.979446570573078
3819,734921,0.8335,553.8154365332102,0.748,78.01710297047963
3820,734921,0.41450000000000004,50.570083354952445,0.4995,491.8342443122322
3821,734921,0.40800000000000003,29.865781986251488,0.488,2290.795257761602
3822,734921,1.3800000000000001,3361.629971186476,1.1315,1001.4841511953862
3823,734921,1.205,58965.661772573454,0.549,438.2935199356662
3824,734921,0.5700000000000001,21.49060296029804,0.2575,272.44493337234485
3825,734921,0.5670000000000001,278.3912077898628,0.853,123.79347271312807
3826,734921,0.2625,39.74551522760972,0.395,149.44383569605998
3827,734921,1.08,45.25837538910636,0.7825,12025.349744158739
3828,734921,0.61,130.14126277200498,0.529,147.07981405752005
3829,734921,0.47700000000000004,168.76945380139574,0.452,34.494713713035964
3830,734921,0.674,2278.361943965303,0.44,60.75192069322528
3831,734921,1.0955,287.6171713116729,1.784,4383882.551906482
3832,734921,0.592,8.536909903621503,0.868,4472.635613773854
3833,734921,0.4215,64.79497809798032,0.555,4607.7716557224785
3834,734921,0.651,17.889687005822196,0.596,774.8890109539134
3835,734921,0.8405,203.41663078974705,0.704,31647.483606357913
3836,734921,1.093,347.20383536609774,0.6585,89.79111929126171
3837,734921,0.6385000000000001,98.35380791644056,0.6575,26.019534873775008
3838,734921,0.28200000000000003,34.735803807714994,0.9715,729.1504365546173
3839,734921,1.049,24.27895039907793,0.3725,197.0908422154297
3840,734921,0.579,96.24364711382741,0.9535,514.3824836224396
3841,734921,0.34950000000000003,44.76069839400883,0.32,129.9723850631464
3842,734921,0.5315,267.2408941627731,0.306,28.331304734707032
3843,734921,0.4435,607.9335047136724,0.23650000000000002,15.230501268216225
3844,734921,0.3865,213.88247929163606,0.436,1709.039670484608
3845,734921,0.325,50.39221794237571,0.4225,50.72073918039236
3846,734921,2.11,3524330.2163250116,0.7655000000000001,365.7348655030927
3847,734921,0.497,178.84371351093284,0.38,41.3124756947297
3848,734921,0.511,2189.6349059415397,0.334,57.976424009980825
3849,734921,0.6695,290.6891457556334,0.8555,39.15559898323603
3850,734921,0.458,99.90593848518982,0.514,2424.520157633749
3851,734921,0.22,12.496191294457478,0.615,86.7918678977296
3852,734921,0.2965,17.25419526297546,0.5005000000000001,54.90821783169001
3853,734921,0.6175,31.27076224113538,0.3675,94.60078299966291
3854,734921,2.5645000000000002,292939.81580134283,0.4025,6121.3144671764485
3855,734921,0.35000000000000003,57.66866261602547,1.1485,2638.450277963999
3856,734921,0.493,315.0182212993311,0.47850000000000004,104.85525128985866
3857,734921,0.9205,3814.3207132750426,0.64,188.80797221629902
3858,734921,1.629,3753.7024584910696,0.5710000000000001,409.2155059328131
3859,734921,0.527,22.674097136513982,0.654,33.288936006079304
3860,734921,0.739,160.9589815857383,0.525,12.6027401235364
3861,734921,0.6455,90.37360646616655,1.0075,307.12505905712464
3862,734921,1.164,3784.7819893919363,0.1935,8.241404360763505
3863,734921,0.8075,297.04006782125185,1.4965,3113785.4225153686
3864,734921,0.462,18.513371320012922,0.5475,81.62408765595599
3865,734921,0.41550000000000004,657.9526056360093,0.271,108.43742215546592
3866,734921,0.3165,18.52756209624784,0.7425,34.659570000907785
3867,734921,0.2625,34.063130033592856,0.921,631.1791466664296
3868,734921,0.534,35.39182453852904,1.5295,434.8834083167008
3869,734921,0.512,122.96709202485414,0.5565,4284.20923091154
3870,734921,0.2325,57.46794244091059,0.20500000000000002,51.16101294689643
3871,734921,0.4245,108.26431022009984,0.4875,78.70431279968521
3872,734921,1.3045,636.0765394631921,0.612,10.9380131353948
3873,734921,0.3005,31.134882067945686,0.427,855.3554797402957
3874,734921,0.7345,524.0332185335966,0.28750000000000003,36.76057207349651
3875,734921,0.3035,34.38947591308796,0.7185,122.3868779149446
3876,734921,0.3875,47.32035003271525,0.397,803.412320233156
3877,734921,0.612,194.50445696091006,0.667,25.404319552492264
3878,734921,0.2785,67.35345478874858,0.844,90.29819654554845
3879,734921,0.537,113.50291438397852,0.8025,114.71394371938244
3880,734921,2.978,447445.11272134946,0.5615,984.6875708874186
3881,734921,0.389,18.586933541680793,0.467,239.0767033933222
3882,734921,1.0205,408.65775268261194,0.4045,24.934541286204468
3883,734921,0.3665,28.577597273127598,1.2155,17.45689050968908
3884,734921,1.0505,977.0392217709729,0.3345,157.85604727263754
3885,734921,0.646,146.9942086591732,0.2985,8.856371766450216
3886,734921,0.4565,6.9179864217953915,1.135,241.50990413308915
3887,734921,0.331,76.14060284650743,0.7905,32.877949282607446
3888,734921,1.674,5161.619200491566,0.657,169.32134497686158
3889,734921,0.747,300.6280249454157,0.358,39.35748889322689
3890,734921,0.467,42.84677212305609,0.4865,17.94004285123253
3891,734921,0.4425,33.68948250520408,0.6815,14262.341075792187
3892,734921,0.3525,50.32865570371855,0.7575000000000001,177192.45914684783
3893,734921,0.379,60.573641950922976,0.462,75.95821294709881
3894,734921,1.653,1614.6484551269832,0.5825,187.993346588507
3895,734921,0.7575000000000001,412.25331913037064,0.40700000000000003,102.60255622424553
3896,734921,0.5670000000000001,1802.7591191733231,0.3575,46.0022424182261
3897,734921,0.7695,189.84794522708248,0.588,301.1384816842677
3898,734921,0.4235,80.68722019945321,0.8260000000000001,188.97514701733297
3899,734921,0.5985,83.37129858162643,0.3195,43.739487873230544
3900,734921,0.8155,27.883845063591444,0.8625,189.78654585377288
3901,734921,0.5655,384.05111620197033,1.345,707.2971474120184
3902,734921,0.459,388.0817749675198,0.774,268.6951230572562
3903,734921,1.331,24016.236864496605,0.368,130.74016008737968
3904,734921,1.0295,21.34906194614517,0.40800000000000003,2759.165668222162
3905,734921,0.538,61.868988337338145,1.668,2212.8944320591604
3906,734921,0.7365,324.4408171291307,0.4905,7.73142925831773
3907,734921,0.5660000000000001,68.43118505816491,0.664,232.4301537150439
3908,734921,1.4365,34869.69317046432,1.137,8964.86669440845
3909,734921,1.858,166223.88188850894,0.264,54.819322562553296
3910,734921,0.368,165.63341544029765,0.511,2259.830503013155
3911,734921,0.7405,58.398582951455246,0.7525000000000001,71.76123997639812
3912,734921,0.23,7.773457407962758,1.1465,641.758208963068
3913,734921,0.961,52.578446773335074,0.4195,10.218235685392548
3914,734921,0.863,1105.5555509641933,0.4865,42.81987314723618
3915,734921,0.248,99.37620380108143,0.3315,213.47127087433353
3916,734921,0.323,109.91969552950934,0.3135,108.01692509002427
3917,734921,0.4255,24.561822738052477,0.234,43.59240766257053
3918,734921,0.5495,420.3846058087186,0.7275,11.09244378987462
3919,734921,0.6955,2533.860590800511,0.988,3073.3569123519324
3920,734921,0.454,205.59285619302463,0.3885,79.75476846547981
3921,734921,0.8835000000000001,530.7637795653707,0.5875,4774.130330675531
3922,734921,0.8815000000000001,68.51261152580102,0.3705,157.73547507418914
3923,734921,0.3535,17.1324702920603,0.47900000000000004,138.23421350754856
3924,734921,0.5375,44.36824726797264,0.4175,61.19054249547775
3925,734921,0.2965,50.71929948855198,0.315,10.149886663913001
3926,734921,0.5945,482.07859926405473,0.3205,153.5081827967766
3927,734921,1.2315,2232.31964924929,0.452,30.33122998586989
3928,734921,0.547,32.89237647786071,0.601,33.080321594214034
3929,734921,0.658,51.26586041308106,0.2455,8.2044326517476
3930,734921,0.6815,408.7521919345752,0.501,166.08108707922537
3931,734921,0.8465,4576.312548917678,0.4015,11.030088525141949
3932,734921,1.4025,10637.718900536693,0.8035,36.907159438274945
3933,734921,0.41400000000000003,174.8002720490596,0.745,111.62306310937292
3934,734921,1.36,15953.82163975434,1.2955,3205.1704726331463
3935,734921,0.5740000000000001,43.56217285743008,0.4885,90.81692150663163
3936,734921,0.7225,56.556349388824884,1.4645000000000001,9918.885809480054
3937,734921,0.27,35.851471329851044,0.3675,107.70418852478345
3938,734921,0.373,64.38317064611947,0.893,23583.00532079723
3939,734921,0.92,164.86264015321427,1.0645,296.2414281699646
3940,734921,0.553,85.81363445274232,0.1835,29.0661106602958
3941,734921,0.725,261.57411188969814,0.3855,21.61789434038886
3942,734921,2.1345,3419.0175642911076,1.0135,718.1828746980419
3943,734921,0.342,28.787868773989228,0.645,475.57974781731014
3944,734921,1.7890000000000001,130.80721130990526,0.704,3506.202871419243
3945,734921,0.4835,387.9741395279252,0.41000000000000003,271.44286259672947
3946,734921,0.741,527.2673394524907,0.4055,12.07620542167257
3947,734921,0.855,2026.174628843895,0.4545,37.080065004421584
3948,734921,0.5925,71.70712868426243,1.181,20948.437346493385
3949,734921,0.549,45.50762072590972,0.7065,59.85207058147316
3950,734921,1.1165,407.88369175321566,0.7935,772.6718967171905
3951,734921,0.6385000000000001,94.43970029516156,0.2955,23.822287837459182
3952,734921,1.962,4160.326904980428,0.505,10.59718099315516
3953,734921,0.548,146.00164272228585,0.247,55.97929408571593
3954,734921,0.541,74.94679692969683,0.381,11.991876219066958
3955,734921,1.21,20936.67927434009,0.8175,4005.995206728966
3956,734921,0.2455,47.439392336526275,0.487,24.730350434385706
3957,734921,0.5625,44.74277335201825,0.504,37.60844626238589
3958,734921,0.631,105.09893196635814,0.7005,2244.6556971387636
3959,734921,0.324,8.915202241776072,0.3315,30.518697085325364
3960,734921,0.5155,15.109062875590586,0.317,61.42054166013505
3961,734921,0.3285,11.904969880599955,0.383,40.90870322265789
3962,734921,5.4875,218684832.20607084,0.8025,41.852290883057584
3963,734921,0.5125,32.30422116229952,0.2955,29.67739977723776
3964,734921,0.291,40.930739638841125,1.9505000000000001,343576.5182951749
3965,734921,0.765,36.58534680759598,1.141,1744.2752867169772
3966,734921,0.835,3076.1667745822006,0.58,240.30925560186975
3967,734921,0.401,755.7839930922295,0.47000000000000003,106.3309671003707
3968,734921,0.4485,626.7357139023193,0.3785,24.437522440506584
3969,734921,1.264,77221.13697173522,0.427,19.206985228110348
3970,734921,0.8290000000000001,1284.0235288330996,0.47500000000000003,32.50745688357747
3971,734921,0.4555,175.44489404859456,0.4585,131.1593349428341
3972,734921,0.631,338.07582652608687,1.203,395.854404804877
3973,734921,1.11,123.15411005046128,0.5885,48.723074338589534
3974,734921,0.216,18.440142462967657,0.303,71.40283272049133
3975,734921,1.1500000000000001,225.5630071014878,0.4905,42.11304779070114
3976,734921,0.375,73.14763242479442,0.34800000000000003,4551.993027726243
3977,734921,0.266,32.34980240517599,0.6705,318.6041357165221
3978,734921,1.0765,455.15317092383896,0.4895,258.7669101701891
3979,734921,0.645,26.389292561237713,0.2265,96.77300312052421
3980,734921,0.639,51.81370802973577,0.6245,61.458748400942426
3981,734921,0.3105,15.251258167279275,0.5345,117.58944594370844
3982,734921,3.345,21646506.38014384,0.903,227.8570484323102
3983,734921,0.727,24.87022423051723,0.926,78.73020942454241
3984,734921,0.27,95.46367843353687,0.6055,1105.0675440899113
3985,734921,2.4975,7212.722840783306,0.488,406.0467636640908
3986,734921,1.524,19963.412116841067,0.25,102.1470551743856
3987,734921,0.20350000000000001,37.707553850538034,0.383,21.70001398553373
3988,734921,0.499,843.9669671807119,0.6455,210.7636833577617
3989,734921,0.325,13.343224973037232,0.2685,24.659556047655993
3990,734921,0.9380000000000001,1779.5128850495526,0.588,100.14046542808676
3991,734921,1.466,19028.633126266774,0.3855,1869.1591837490485
3992,734921,0.577,1629.1216401131248,0.422,75.78846693693521
3993,734921,0.229,40.43959590939999,1.163,10840.836082769789
3994,734921,0.4665,59.59488090526216,0.9385,170.15406109563813
3995,734921,0.47800000000000004,368.97533749565935,0.6985,146.43727683570444
3996,734921,0.7365,102.980734464256,1.1205,41.243574383434186
3997,734921,0.8575,187.51990241816725,0.3355,255.7664516134683
3998,734921,0.2235,9.19900313078604,0.28,78.47034194796856
3999,734921,0.9215,37.826866382524294,0.93,28045.84862284483
4000,734921,0.438,75.8325869096758,0.3755,538.6014348268244
4001,734921,0.9470000000000001,2159.758581724271,0.799,209.78588624164576
4002,734921,0.2555,71.1593547346826,0.492,150.65290042696125
4003,734921,0.34800000000000003,939.9126185817047,0.506,35.12753413696479
4004,734921,0.7205,84.08335496838538,0.352,94.74557619061201
4005,734921,0.4825,32.875057583436714,1.006,33.83909395247238
4006,734921,0.3175,10.2377835775223,0.23450000000000001,21.66557817749776
4007,734921,0.41150000000000003,15.415396468278015,0.391,17.49434294578173
4008,734921,0.159,3.5085697639205073,0.468,58.068916145837306
4009,734921,0.4345,137.76183504125422,0.3975,359.74149389343546
4010,734921,0.3245,50.99477940762558,0.2715,19.631132690974333
4011,734921,0.8485,220.43711260582586,0.669,33.57548745312816
4012,734921,0.93,401.32907394063136,0.56,91.38702849874454
4013,734921,0.455,290.51001309818696,0.501,90.38480269094467
4014,734921,0.58,2130.974412744394,0.833,5181.459502367053
4015,734921,0.5575,286.02476680755444,0.368,171.0552595298417
4016,734921,0.2265,87.84700077502569,1.4655,1059.977625544176
4017,734921,0.859,1304.9973459355463,0.554,72.97070631927637
4018,734921,1.002,23.81238505432115,0.8495,425.05976624516126
4019,734921,0.625,77.9971453368507,2.6555,7000.701875643574
4020,734921,0.6325000000000001,50.34135341825482,1.2165,1341.7736160725417
4021,734921,0.198,23.905890404250805,0.4855,766.2682311727697
4022,734921,0.28650000000000003,41.77609498434164,0.4605,16.417965731525648
4023,734921,1.089,2003.1849337723017,0.5945,647.9668329983627
4024,734921,0.2895,22.8608484342294,1.038,47169.70749487062
4025,734921,1.0115,468.3299951396864,0.787,199.19944434914453
4026,734921,0.3655,41.831367244991526,0.605,1233.2525770168515
4027,734921,0.304,99.39522898253915,0.6990000000000001,12.681906749324
4028,734921,0.5925,8.251179428295332,0.5785,66.98350358974939
4029,734921,0.46900000000000003,81.62439086640182,0.621,628.5872429349439
4030,734921,0.5135,28.84638874275101,0.5495,518.7671180816169
4031,734921,0.23650000000000002,50.09123688121043,0.714,73.00932059622097
4032,734921,0.6535,95.19486899834189,0.5885,289.1747173783977
4033,734921,1.469,10721.29513691732,0.252,19.844377864299297
4034,734921,0.456,136.71541026834407,1.405,9947.443271509306
4035,734921,0.2805,70.61959733822688,0.2795,95.75753121153203
4036,734921,1.036,2727.273276325193,0.47900000000000004,1219.6501765552473
4037,734921,0.217,42.74483792716822,0.419,35.257901102181876
4038,734921,0.724,22.963357325280285,0.293,7.672838274947299
4039,734921,0.4335,49.323354048707515,0.528,277.7364473366549
4040,734921,0.5695,1314.885618397468,0.49,76.78839834745538
4041,734921,0.497,71.96096985495605,0.3155,48.802561472389186
4042,734921,2.182,10047524.32486118,0.2015,17.536438692490034
4043,734921,1.0995,2374.681614620175,0.594,125.85201683714644
4044,734921,0.421,466.3899852514682,0.47150000000000003,191.02711299475544
4045,734921,0.254,10.140277297801823,0.898,1689.3970298731413
4046,734921,0.40650000000000003,81.7785713539286,0.3575,50.0791093526905
4047,734921,0.9540000000000001,272.27324173384847,0.1665,41.05541709937023
4048,734921,0.8585,762.1051687166373,0.9390000000000001,1349.578437332004
4049,734921,0.5135,128.96542758724064,0.2485,60.626422476928944
4050,734921,1.215,496.63197805980593,0.6215,937.0790168243188
4051,734921,0.3575,29.618137427258535,0.41450000000000004,6.1206945423760635
4052,734921,0.544,26.56740918784567,0.7735,4460.992735281551
4053,734921,0.5185,40.735654668452696,0.379,32.714336128452835
4054,734921,0.28450000000000003,60.205463420583456,0.5115000000000001,18.246415632977328
4055,734921,0.44,122.3608348117494,0.4015,10.495663817579322
4056,734921,0.538,65.98262032000952,0.47600000000000003,788.5794070083308
4057,734921,0.745,53.15810683535135,0.5295,82.79086882964326
4058,734921,0.6865,1755.0079794149526,0.636,51.8966202739418
4059,734921,0.9135,1336.3224131017796,0.7785,350.31751109466404
4060,734921,0.192,8.335580434884891,0.4305,40.4709663627024
4061,734921,0.497,51.2053914504343,0.3745,44.17663373893159
4062,734921,0.5825,2428.750256130783,0.264,112.63265876120411
4063,734921,0.556,78.55902088423306,0.2985,5.923574199525619
4064,734921,0.7495,1675.8175840936965,0.354,199.0050568636453
4065,734921,0.76,68.91809862722296,0.3715,87.4212083117189
4066,734921,0.508,51.783139937158225,0.3965,161.08777460621664
4067,734921,0.7665000000000001,2042.7835291072176,0.7425,94.25972225880673
4068,734921,1.9075,15757.965200143051,0.289,46.30997271299999
4069,734921,0.552,387.9819716213683,0.516,1021.3345720799846
4070,734921,1.041,1294.7654361899956,0.637,189.98439026689195
4071,734921,0.3665,25.552433815793165,0.625,2445.0509966476534
4072,734921,1.122,434.9903816681692,0.85,4438.426457282135
4073,734921,0.6265000000000001,278.79052859677427,0.397,190.19698152893784
4074,734921,0.41150000000000003,85.67450555588574,0.7405,439.6911975133092
4075,734921,0.228,38.31475540397049,0.718,97.97542636852621
4076,734921,0.733,7.576899422055516,0.627,98.38961268366434
4077,734921,0.9035,1031.3032237246623,0.6035,7679.332538400209
4078,734921,0.465,13.900580221890861,0.40800000000000003,94.57588930946827
4079,734921,1.043,172.54446811803857,0.4485,42.89015993157689
4080,734921,0.58,233.39722198535384,0.665,80.8181455009638
4081,734921,0.6235,59.191655791405545,0.5125,279.35872206869277
4082,734921,0.6975,106.93400229682858,0.4195,243.48646061062044
4083,734921,0.624,40.95570923389548,0.3685,26.983271712986067
4084,734921,1.3795,39680.81561717533,0.8085,21343139.099670593
4085,734921,0.4935,18.97611044609239,0.465,24.620673639581305
4086,734921,1.1365,1163.7948940966767,0.2945,75.84534014528222
4087,734921,0.5805,10.5388106288895,0.63,31.83051920775411
4088,734921,1.2795,2594.954994335279,0.514,55.97882119918297
4089,734921,0.653,180.97829644551223,0.315,17.746293179000403
4090,734921,0.34700000000000003,111.55537195772193,0.3995,130.01369516871299
4091,734921,0.6215,140.65709136358475,0.6125,51.18896496600837
4092,734921,0.338,49.12950563610018,0.4535,361.0610330732833
4093,734921,0.6565,6.653497984335271,0.5085000000000001,42.369621552921366
4094,734921,1.085,373.59149395449333,0.6595,1036.8570852786556
4095,734921,0.23700000000000002,26.03263211049364,0.5135,28.001018016691624
4096,734921,0.3535,141.38787348603915,0.3155,38.92713306642886
4097,734921,1.133,24221.260685969977,0.7245,4528.522194954323
4098,734921,1.477,1019.3584658419085,0.3185,39.00168119813449
4099,734921,0.439,107.31541099849814,0.9685,2386.251056466118
4100,734921,0.44,341.2465811008187,0.3405,99.91433835076207
4101,734921,1.387,6134.882103934777,0.5255,100.10234587977449
4102,734921,0.9525,539.820540788636,0.6825,244.80525988183413
4103,734921,0.44,37.02638453585279,0.6595,227.58425560383512
4104,734921,0.6315000000000001,508.0245501741378,0.5700000000000001,617.1301069126669
4105,734921,0.7385,369.2861440757949,0.443,40.87545605977134
4106,734921,0.34400000000000003,895.2770074538121,0.4045,336.93440411043656
4107,734921,0.365,41.559213462257446,1.4955,604019.5449395508
4108,734921,1.0835000000000001,1498.2216830173197,0.5155,365.49064580287677
4109,734921,0.449,94.3664570750775,1.1515,1998.584366507495
4110,734921,0.254,112.95995561566508,0.259,57.26471449392573
4111,734921,0.9235,3269.997082240268,0.8260000000000001,251.3757600714857
4112,734921,2.8845,51158210.96244706,1.302,233.48499636061874
4113,734921,0.421,83.73924534515005,0.4285,71.17115089111248
4114,734921,0.4585,29.315416142071573,0.262,420.2430758184676
4115,734921,0.5805,27.917841924064415,0.2225,25.371397212191443
4116,734921,0.461,97.94260255297125,0.3275,43.7624328784166
4117,734921,0.2515,37.20285860677746,0.555,156.20265274495262
4118,734921,0.312,20.306362011830235,0.22,10.60473679809005
4119,734921,0.5925,96.13001347888361,0.318,406.1206795609958
4120,734921,0.40800000000000003,107.24617991367492,0.9560000000000001,61.086901173641394
4121,734921,0.5720000000000001,63.775529860760194,0.839,3540.0198219438466
4122,734921,0.23700000000000002,20.811708486600434,0.801,28038.204035452578
4123,734921,1.6495,2288.408475594387,0.396,91.68708609603276
4124,734921,0.6085,49.336831436702134,1.3355000000000001,1564.8079214753484
4125,734921,1.4025,7811.8122082828295,0.7585000000000001,1439.8046661878673
4126,734921,0.673,26.470248105154905,0.3385,23.969327744626657
4127,734921,0.3835,86.45541935345315,1.0025,148.10631605261423
4128,734921,1.0205,2887.630574009387,0.549,235.95532109539025
4129,734921,0.41550000000000004,8.851150880235638,0.8425,314.4339543129639
4130,734921,0.459,1156.1349375726927,0.3885,27.550221541918557
4131,734921,0.541,97.99672163717746,0.731,38536.963764406966
4132,734921,0.6425,22.24173227542226,0.593,10017.179370014841
4133,734921,0.297,19.94723551728893,0.338,22.36691497882429
4134,734921,2.491,130688.59770027906,0.6005,1782.559827314021
4135,734921,0.4945,843.3325301317757,0.449,441.6567790298092
4136,734921,0.8805000000000001,549.612301463754,0.584,10.0397676997722
4137,734921,0.8395,56.32550316209802,0.404,444.91569827379294
4138,734921,0.646,246.22621648067818,0.6675,347336.4510675211
4139,734921,0.4685,236.73431861182425,0.41150000000000003,39.79397663959736
4140,734921,1.24,1509.667913003684,1.1400000000000001,2425.2902024001382
4141,734921,0.264,11.95636357044102,0.7325,860.5641086803453
4142,734921,0.28350000000000003,120.47922565470648,0.47000000000000003,179.89837261899248
4143,734921,0.72,1047.1983661690447,0.3925,75.10958431881001
4144,734921,0.401,33.077519694863035,0.5645,253.62612669336656
4145,734921,0.8855000000000001,1526.4424897946913,0.439,151.35064986355673
4146,734921,0.4925,412.928632796444,0.433,23.007467088904917
4147,734921,1.4085,33134.73297693664,0.9665,78.95406262567587
4148,734921,0.889,4005.5011946255586,1.9100000000000001,265.9300654589299
4149,734921,0.56,41.43707996845147,0.2225,38.14889356220295
4150,734921,0.742,253.18989243344691,0.2645,134.20515793351325
4151,734921,1.2735,927.1800403049738,0.6755,203.98884887386174
4152,734921,0.9465,3599.1251235860773,0.4805,6.443212683184556
4153,734921,1.232,1731.3367688573585,1.369,888793.5979623959
4154,734921,0.5670000000000001,545.6664843330963,0.292,96.39779046863318
4155,734921,0.47500000000000003,887.7094270184252,1.1665,39.676770940109805
4156,734921,0.974,992.1941213718973,0.3095,154.6703629410389
4157,734921,0.3725,3684.81822379741,0.5215,1019.1470670239897
4158,734921,0.4995,298.629788195133,0.6495,6.107608887810403
4159,734921,0.9935,195.55125691916453,0.28600000000000003,23.46572476921883
4160,734921,0.2695,31.134398964011563,0.593,192.8180342418175
4161,734921,0.7565000000000001,32.70960974869245,0.3605,28.958343467656004
4162,734921,0.3425,107.31967207484102,1.1500000000000001,7847.7189337755435
4163,734921,0.5935,891.3146890859373,1.018,57.7350408557222
4164,734921,0.8275,380.6089102862885,0.3745,67.13446975164646
4165,734921,1.2375,2268.9819937278808,1.0090000000000001,819.8250711952433
4166,734921,0.277,40.68800526745619,0.39,2141.3938167692772
4167,734921,0.6105,59.263349325362874,0.7175,24631.92822418554
4168,734921,1.165,17791.98134436906,0.991,113.59526270166342
4169,734921,0.9395,117.17607100565591,0.34850000000000003,7.463382370670862
4170,734921,0.6365000000000001,37.232283428110286,1.2,316.56699313407825
4171,734921,1.3165,5618.152441185395,0.3095,30.25821062291533
4172,734921,1.0595,2057.7571802224243,0.7175,211.80498194490613
4173,734921,0.6075,336.082829001876,0.5115000000000001,67.6953241862123
4174,734921,0.7175,225.6889581143535,0.5985,116.75300330305637
4175,734921,1.683,27697.716057917867,0.8145,2167.0452180026823
4176,734921,0.402,219.06577354639725,0.8025,54.128654043748945
4177,734921,0.20650000000000002,92.35455223633967,0.257,30.310798619623945
4178,734921,0.1965,9.286392048029144,0.884,422.90725931197915
4179,734921,1.2235,11989.274332523593,0.41250000000000003,404.75636223536924
4180,734921,0.5195,38.25814220324561,0.5775,260.92322899063015
4181,734921,0.3265,50.62941564141013,0.5745,17.215595341075616
4182,734921,0.661,103.08965989296786,0.3925,59.221847521977786
4183,734921,0.5755,202.39182027620976,1.2685,723.585980437118
4184,734921,0.8045,106.33603410544129,0.8075,56.6762496139938
4185,734921,0.623,89.17070721069618,0.4875,54.32569507663014
4186,734921,0.2235,22.75335291251445,0.705,997.195999831552
4187,734921,0.421,69.51985450967815,0.23950000000000002,18.081885289517352
4188,734921,0.46950000000000003,112.86563776335497,0.9935,7393.542097283394
4189,734921,1.1735,695.64062719933,0.34650000000000003,159.64626260375653
4190,734921,0.5795,164.36420692823555,0.4295,65.48052990796093
4191,734921,0.6235,123.41133626453053,0.5615,622.1534532224133
4192,734921,0.979,5313.40734640797,0.79,3365.793921130881
4193,734921,1.016,116.88330472166834,0.494,2084.7837410612997
4194,734921,1.3960000000000001,3551.5581090764263,0.3915,67.18867660555917
4195,734921,1.1725,43255.74706274282,0.613,2423.1126148286144
4196,734921,0.6165,170.72095484844596,0.5740000000000001,3364.9867325368687
4197,734921,1.0465,757.262965283961,0.17350000000000002,58.21671122790766
4198,734921,0.4815,137.8724540118634,0.7885,60669.77614858437
4199,734921,1.0010000000000001,69.3960871608569,0.3645,263.4305130775511
4200,734921,0.8230000000000001,775.00407758898,0.263,18.875668887000415
4201,734921,0.9985,11059.624059660575,0.5115000000000001,98.81928744653503
4202,734921,1.5075,768.6923541817132,0.4995,381.37136894857315
4203,734921,0.28,80.13319895619038,0.3835,21.29855710130498
4204,734921,1.3465,8848.512420323907,0.7665000000000001,1744.9385108555375
4205,734921,0.321,60.16698524713723,0.3435,102.31654962392052
4206,734921,0.4425,38.42800104368459,0.2505,82.43099626285358
4207,734921,0.3285,435.2143027335193,0.461,66.27241002748562
4208,734921,0.802,76.63289437395761,0.3435,19.815229954873118
4209,734921,0.377,51.52516608205495,0.1715,8.095688003784378
4210,734921,0.41100000000000003,49.546100623688226,0.722,162.6762767538173
4211,734921,0.852,59.72618956198016,0.325,8.991228949439448
4212,734921,0.373,43.978543106495856,0.47400000000000003,58.48384158742058
4213,734921,0.594,60.24471310947957,1.2605,192.26280639858913
4214,734921,0.3705,104.16656074861729,0.493,157.52900793907963
4215,734921,0.4265,298.73448423412265,0.614,288.39083478656715
4216,734921,0.552,88.6490487455296,0.7515000000000001,343.12640481493696
4217,734921,0.921,62.81645322817004,0.7085,138.9548671812867
4218,734921,0.7615000000000001,317.30247459283703,1.2670000000000001,466.9879324028097
4219,734921,0.7725,3394.801334792233,0.4665,863.4854159314311
4220,734921,0.41600000000000004,194.58328081599305,0.41600000000000004,68.38381752353592
4221,734921,0.6910000000000001,514.1755461512612,0.53,131.82828007180325
4222,734921,0.9705,1503.0734286915908,0.5645,973.9931083556744
4223,734921,0.5455,77.65692723678113,0.629,105.46525059527801
4224,734921,0.3255,53.96661564863157,0.5485,72.40870734980928
4225,734921,0.47650000000000003,70.97183940684155,0.526,235.051789582068
4226,734921,0.3305,46.01522643864564,0.4015,38.827793484307875
4227,734921,0.23450000000000001,94.68052359113493,0.6585,876.0517853692513
4228,734921,0.423,49.14888540264336,0.325,19.311934839088934
4229,734921,0.5670000000000001,106.09055040784106,0.7185,168.5960742936007
4230,734921,1.637,1127.785272487799,1.1260000000000001,99.31476370754153
4231,734921,0.343,11.510559263464263,0.47250000000000003,63.306370638684136
4232,734921,0.7385,663.9507967844912,0.47650000000000003,106.8402348681311
4233,734921,1.5225,3793.2581513076325,0.41400000000000003,36.64260473348585
4234,734921,0.41200000000000003,69.00318212628986,0.2235,35.022693519564
4235,734921,0.198,7.5233947764123235,0.916,773.5800161078591
4236,734921,1.1795,197.25220211825913,1.101,31659.617279510094
4237,734921,0.2915,82.33323261634317,0.3315,64.38436838855564
4238,734921,0.5575,13.612075970055795,0.4625,43.29021454346787
4239,734921,0.851,204.37135690476464,0.337,116.54288190264892
4240,734921,0.5275,230.360605104155,0.2785,20.976246881119966
4241,734921,0.3225,72.50774549399756,0.6955,1346.3343007061392
4242,734921,1.149,226.25459259144267,0.273,30.147819198310494
4243,734921,0.54,14.802688355051927,1.1065,204.96550014561623
4244,734921,0.8685,23.203382127702223,0.3235,38.96656595866798
4245,734921,0.7615000000000001,431.7299747936141,0.305,7.908860400198783
4246,734921,0.4565,221.71637979545565,0.417,13.597988706298784
4247,734921,0.763,874.6674678308086,0.3165,309.85451741974583
4248,734921,1.2165,55.6090342082969,0.8230000000000001,70241.47278039817
4249,734921,0.7255,85.63155145635396,0.5555,83.46214935178415
4250,734921,0.7165,25.57618034312356,0.4835,3078.765242440707
4251,734921,1.0235,218.265249379423,0.658,2651.0070519629166
4252,734921,0.40950000000000003,1434.8744142135447,1.0415,87.55087490481954
4253,734921,0.508,108.26819932201272,0.7515000000000001,42.65237432088958
4254,734921,0.2515,26.80030077724023,0.8085,38.000142150049555
4255,734921,0.357,33.59225314000818,0.8255,4076.888518080312
4256,734921,0.196,31.419016337647964,0.9075,11315.409048866899
4257,734921,1.7495,779834.985322791,0.718,679.4148364623693
4258,734921,0.40850000000000003,195.77130256699496,0.5965,162.61778449697172
4259,734921,0.8675,146.66093968264866,0.613,73.83960875219326
4260,734921,0.214,24.782421596553238,0.9440000000000001,22.488596343078637
4261,734921,1.4635,1865.8062625267169,0.5245,18.915359449469648
4262,734921,0.3125,75.7189182490479,0.5225,74.40381754652881
4263,734921,0.907,153.42963662917347,0.6615,88.25584138452432
4264,734921,0.436,40.64566908754591,0.40750000000000003,32.81380936144123
4265,734921,1.029,315.8091876573143,0.853,1350.5384720565783
4266,734921,0.526,19.277573290517807,0.3005,45.73021378700947
4267,734921,1.2195,2530.0489662005916,0.6145,469.7124354071968
4268,734921,0.625,967.4532424894634,0.269,37.015230675355674
4269,734921,0.326,26.519446645681175,0.516,26.321973466390503
4270,734921,0.3,47.980679171228395,0.352,105.28376378885494
4271,734921,0.7815,449.9182052173187,0.35000000000000003,37.77150378323496
4272,734921,1.0975,1360.205995434466,0.592,77.15623863112954
4273,734921,0.3955,39.239548102903186,0.7455,678.2577302625176
4274,734921,0.405,38.85527759686619,0.461,22.61005372272216
4275,734921,0.27,15.216686621073341,0.4825,141.3418511870456
4276,734921,0.585,242.3622410073237,1.6565,165.75864101379162
4277,734921,0.1535,23.667438685759326,0.296,32.97571162606407
4278,734921,1.6595,36776.611776182,0.7315,16022.508652546363
4279,734921,0.485,48.88960691004891,0.632,16.338127516595033
4280,734921,0.47100000000000003,294.5235254223498,0.61,414.0816677925048
4281,734921,0.753,60.271964423199755,0.519,119.45115172441587
4282,734921,0.928,1277.958413100041,0.597,18.99518923453979
4283,734921,0.3845,97.92285564104068,0.773,44.692839587057215
4284,734921,2.6385,232855.45196879705,0.326,50.472677057191454
4285,734921,0.5465,10.235579080086811,0.8015,133.24619956981522
4286,734921,1.494,91081.64299970411,0.365,90.47298976386193
4287,734921,0.4525,10.24773537580407,0.4465,136.212383637778
4288,734921,0.41550000000000004,242.32746296589008,0.665,28.13113567894382
4289,734921,0.47800000000000004,970.2575104183045,0.9845,395.59008195850976
4290,734921,1.0085,239.39525981815518,0.491,69.5342816499818
4291,734921,0.661,529.3941135459407,0.3335,53.654410543742124
4292,734921,0.5535,796.5160226098648,0.352,6.285745784960278
4293,734921,0.5875,284.3570407821588,0.6385000000000001,7.686726152789127
4294,734921,0.7615000000000001,183.3432488973129,0.48,30.792692898967942
4295,734921,0.28800000000000003,150.19223564310306,0.9705,375904.4066582962
4296,734921,0.5505,89.82192274330023,0.542,360.7428307945877
4297,734921,1.2145000000000001,177156.10769301903,0.299,27.348273309390585
4298,734921,0.34950000000000003,99.97081883644076,0.3765,482.2807499522603
4299,734921,1.171,1675.1900651824099,0.326,29.56528323297103
4300,734921,0.8625,4221.898744819694,1.115,11284.811168979079
4301,734921,1.1045,1250.6838666428928,0.6475,10.382942693123336
4302,734921,0.6085,236.19360723562738,0.5795,9.579546627381628
4303,734921,0.377,93.45769300439326,0.2615,60.59323817492372
4304,734921,0.883,126.80562309610536,0.4825,17.93996814883063
4305,734921,1.434,366439.8046637092,0.4275,129.63014051753905
4306,734921,0.273,36.45456957010391,0.551,483.24966807081273
4307,734921,0.6,146.98398748766377,1.124,3831.3776801663794
4308,734921,0.7475,2008.681852328003,0.401,106.32586212676382
4309,734921,0.486,21.055903321072545,0.5575,193.08817970498345
4310,734921,0.8140000000000001,3297.4018587154746,0.3585,130.17874723557887
4311,734921,0.17300000000000001,16.528663469768013,0.655,37.60180524255531
4312,734921,0.366,24.621050853644384,0.705,717.0827049639671
4313,734921,1.3325,78127.50707006421,0.537,36.88123373783683
4314,734921,1.0475,1559.6403859020836,0.6325000000000001,548.2539998295713
4315,734921,0.267,24.916036419637997,0.79,200.88423097552874
4316,734921,0.4575,109.32850691568302,0.3105,2701.1592576684943
4317,734921,0.244,33.584463320646954,0.528,37.53581051266583
4318,734921,1.211,29898.271254741725,0.5705,4556.972880166823
4319,734921,0.9955,31.206665699168614,1.0150000000000001,3758.2629141989023
4320,734921,0.5975,198.42440540299032,0.34600000000000003,522.4912729279127
4321,734921,0.265,17.20709974702782,0.7305,10924.73350715735
4322,734921,0.586,162.82482372035022,0.6475,21.421813368595963
4323,734921,1.312,206.82923816023865,0.46900000000000003,20.410697297233988
4324,734921,0.4225,267.43858297439425,0.602,162.66075620587364
4325,734921,0.6895,614.9335911075176,0.356,63.08928255155264
4326,734921,0.354,152.60073671506004,0.28250000000000003,33.95278341778884
4327,734921,0.4575,114.57160222063044,0.9530000000000001,2533.920992883307
4328,734921,0.375,65.38667819092282,0.534,658.3908823774296
4329,734921,1.2530000000000001,1115.8455989612678,0.4,317.2668752068436
4330,734921,0.536,43.53045831804686,0.2405,21.917388434740822
4331,734921,0.931,11858.751125617839,0.3805,68.48378482342781
4332,734921,0.756,2168.395462721843,0.507,32.82006312091466
4333,734921,2.15,12515.130312310566,0.195,29.117312404189374
4334,734921,0.2655,13.972917353882286,0.5750000000000001,76.34654286761332
4335,734921,0.5975,45.972313661277006,0.20350000000000001,21.522867443581948
4336,734921,0.738,155.24093027804747,0.5375,208.7253755859845
4337,734921,0.41400000000000003,31.382796403686203,1.5065,1382.52568534191
4338,734921,1.231,31552.656440007042,0.8115,874.5654375652732
4339,734921,0.1295,5.273524904726576,0.399,71.01537763604598
4340,734921,0.7565000000000001,299.26445633167947,0.6335000000000001,96.59394906274721
4341,734921,1.623,2457.2176781824583,0.6245,81.77357955106073
4342,734921,2.439,1891.0350657510064,0.6705,1074.3119115296636
4343,734921,0.97,307.29280286810985,0.4255,66.50409279898074
4344,734921,1.188,5341.734832385482,0.6565,3838.5777185798775
4345,734921,0.203,59.223234548159894,0.878,303.93509178862394
4346,734921,0.454,21.345604719182553,0.2895,23.96888068605843
4347,734921,0.674,120.99677055947409,1.358,1140.0142748815376
4348,734921,0.7565000000000001,1544.4961413915844,0.8705,302.6459075879578
4349,734921,0.9235,1028.0367937831616,0.544,416.9082930874963
4350,734921,0.8865000000000001,564.9823229981614,0.728,1469.9712109678208
4351,734921,0.675,5742.577839928879,0.4175,9.61970462619436
4352,734921,0.6765,35.04966839908097,0.4205,40.663886383508355
4353,734921,1.3145,2731.362793438055,0.4665,89.28398807181149
4354,734921,0.6445,3376.1022297055188,0.3005,24.040264407263614
4355,734921,0.8300000000000001,3402.7525072202284,0.6085,132.35296294788748
4356,734921,1.3055,3510.7595044631803,1.2085000000000001,1608.903248744746
4357,734921,0.617,22.340514144742336,0.6765,774.4079721027218
4358,734921,0.5205,50.12088763172425,0.923,56.171622722100004
4359,734921,1.2165,1431.960789514022,0.6695,331.30534874222695
4360,734921,0.4565,98.46042935172014,0.8365,18.267836145843543
4361,734921,0.3925,17.97616509830929,0.4985,28.035335517892786
4362,734921,0.605,78.23238346978567,0.435,9.668944101586513
4363,734921,0.29,50.71155024762101,0.3535,49.70265872602944
4364,734921,0.4325,57.581662999896814,0.537,89.37412085594497
4365,734921,0.59,139.15441488507489,0.637,95.33349665564462
4366,734921,0.426,25.792665959030597,0.58,470.2362960890092
4367,734921,0.358,28.490282094920065,0.5655,44.27898271351015
4368,734921,0.495,13.439116563657647,0.645,28.06239793130178
4369,734921,1.322,28969.15238168362,0.196,38.218492317549156
4370,734921,0.7495,251.23199492093647,0.5225,616.8121110188727
4371,734921,0.3195,191.6666184142311,0.664,3311.3686383271593
4372,734921,0.6055,7830.732956118406,0.28300000000000003,8.740075753284794
4373,734921,0.5505,259.22049505196463,0.636,1265.719699330739
4374,734921,0.41400000000000003,90.63988668819144,0.362,8.321937674531721
4375,734921,0.9175,6226.542827177176,0.4305,103.85830554488103
4376,734921,0.715,15.190144213873607,0.333,38.08385322247775
4377,734921,0.1645,2.59058177502841,1.2610000000000001,163931.4466099251
4378,734921,0.6625,283.44529528552874,0.5215,1720.4431760539305
4379,734921,0.47600000000000003,51.48184550297385,0.2955,69.15039719113545
4380,734921,0.6905,65.54326515019976,0.47700000000000004,355.1505391176599
4381,734921,0.4295,20.90511220903815,0.7105,655.9826767443354
4382,734921,0.501,59.45927282318287,0.34800000000000003,30.69515000336316
4383,734921,0.612,413.23093590663643,0.5605,251.14868553064593
4384,734921,0.7715,64.1782591893249,0.6325000000000001,129.2500596488707
4385,734921,1.4765,40879.5167355456,0.331,27.39426004603519
4386,734921,0.269,130.05008622919257,0.4675,31.90997258583957
4387,734921,0.6395000000000001,48.24409472986155,0.556,10.962118464259076
4388,734921,0.7035,88.8402531174414,0.796,4425.906354451876
4389,734921,1.4855,1274.6468783554449,0.2285,8.28968124414406
4390,734921,0.47000000000000003,167.94668929301704,0.3305,24.920134427505285
4391,734921,0.4275,10.851297619909817,1.165,2149.6431558105237
4392,734921,0.26,81.11577580525335,0.4645,50.871893186483426
4393,734921,1.0965,661.1670031006355,0.442,29.116050702744793
4394,734921,0.7935,35.56301420883407,0.876,45.35247552144019
4395,734921,0.3145,55.35708732049631,0.445,852.6908253913235
4396,734921,0.5635,533.0289901643697,0.4625,179.13009894919486
4397,734921,0.7145,388.49402953217196,0.6165,258.892461359525
4398,734921,0.914,279.91118125074786,0.9155,9863.202295330695
4399,734921,0.5465,529.5335729357831,1.086,164.57373948026466
4400,734921,1.4575,41.28213322039176,0.8515,41.39588325938655
4401,734921,1.2055,5793.862317219817,0.5625,9.193876756011667
4402,734921,0.898,64.30980492198137,0.543,191.473536434112
4403,734921,1.0525,192.68132701839733,0.7245,3153.0356220986882
4404,734921,0.4495,111.17645070791473,0.851,1638.5872780617588
4405,734921,0.47250000000000003,160.43450836203797,0.591,97.59069732416579
4406,734921,0.5885,77.3703589380592,0.3375,782.8556792197722
4407,734921,0.2965,106.0543189678849,0.6775,197.80598211304567
4408,734921,0.3685,232.43473818800314,0.551,18.448096752839206
4409,734921,0.7625000000000001,552.8032574198126,0.9315,2192.8533132821753
4410,734921,0.7045,43.19650780127873,0.8105,431.1641838901246
4411,734921,0.5685,65.27850681197575,0.261,45.260602054986414
4412,734921,0.445,1006.1193899870863,0.395,28.81271985886662
4413,734921,0.391,10.095149010330585,1.42,6275.352011502866
4414,734921,0.7425,72.23605784798052,0.3945,236.75320826731172
4415,734921,0.4595,17.8977985143632,0.6950000000000001,14132.00706199534
4416,734921,1.971,289620.23112555756,0.7020000000000001,181.50771847599248
4417,734921,1.2265,700334.2513295602,0.34800000000000003,988.6594085566048
4418,734921,1.2815,375.21994876190325,0.559,438.5187704156412
4419,734921,1.0455,293.8411742598685,0.532,1839.719508176004
4420,734921,0.686,4430.269654950695,0.4475,33.90432251268086
4421,734921,1.7495,38704.28924873845,0.741,234.52578750132665
4422,734921,0.5725,1128.3022171168886,0.4935,399.71448802563197
4423,734921,0.2945,75.03605296474002,0.615,81.24650716678319
4424,734921,1.199,7014.06653321997,1.12,118.77777926176272
4425,734921,0.611,3453.3402536074395,0.374,45.94839175832268
4426,734921,1.069,570.1931481110236,0.3665,83.19414305819325
4427,734921,0.2885,117.62634471281137,0.7725,58.275486616183024
4428,734921,0.352,10.13673704731412,0.4025,36.19912418820622
4429,734921,0.6555,925.2382205613961,0.499,37.53476431217059
4430,734921,0.6325000000000001,452.21864579785665,0.34,47.74858506818219
4431,734921,0.41550000000000004,198.58630453304858,0.8235,27.985502490394282
4432,734921,0.3885,12.936169642359102,0.3945,127.72349447262849
4433,734921,0.4465,317.7713491945583,0.6,83.66917595214949
4434,734921,0.993,54.692951528252856,0.5865,177.9955614471014
4435,734921,0.2885,124.29469328665911,1.238,696.4969015958272
4436,734921,0.4515,22.873533597507745,0.7605000000000001,31.26551780059374
4437,734921,0.448,21.995402096140843,1.1655,79.38118172099563
4438,734921,1.205,219.93345187918308,0.428,23.655310598650143
4439,734921,0.632,128.11010532647623,0.5720000000000001,24.192868508623384
4440,734921,0.463,38.78763403013517,0.47900000000000004,34.83752733952259
4441,734921,1.0405,157.14601050974807,0.771,251.37403802530787
4442,734921,0.4325,84.13981073762174,0.4215,37.30037165358149
4443,734921,0.9105,817.4834544016693,0.42,28.317834689373594
4444,734921,0.22,20.318661212902704,0.5695,2250.9159227069763
4445,734921,0.744,69.91342155975802,0.5055000000000001,24.42051937312993
4446,734921,0.751,12278.50907732628,0.4625,337.38028774888534
4447,734921,0.269,32.49692395103848,0.2945,263.49763178034465
4448,734921,0.772,1232.2522071319954,0.603,2546.698468325054
4449,734921,0.652,1003.0311586651226,1.5675000000000001,7477.45601398795
4450,734921,0.8345,171.1995549208521,0.635,682.7661618661374
4451,734921,0.484,75.47579650082692,0.6245,3038.824146659492
4452,734921,0.759,424.35789883356455,0.6950000000000001,114.03640011595532
4453,734921,1.058,1172.5662658226536,1.561,84.47774769235257
4454,734921,0.2505,20.641592294495126,0.337,57.89830503817232
4455,734921,0.41100000000000003,5.809064159024188,0.40800000000000003,28.094143592595355
4456,734921,0.445,35.32820663875068,0.6125,310.0183519244374
4457,734921,0.561,124.80731550240775,0.6415,81.24184937209174
4458,734921,0.312,111.50670894998694,0.8325,322.0663450734623
4459,734921,0.6965,424.3114151674993,0.2935,19.11609651654085
4460,734921,0.3825,94.20778780125005,0.2545,192.37330641399674
4461,734921,2.2145,179351.1005870142,0.6295000000000001,59.26773176107424
4462,734921,0.5645,105.9993640241131,0.527,68.6148332702634
4463,734921,0.497,1517.7109422784786,0.5315,47.911546981612474
4464,734921,0.4655,129.8510447624679,0.41550000000000004,73.12812657595872
4465,734921,0.7195,158.48955424373457,0.6535,4073.621856156678
4466,734921,0.903,194.61558993926727,0.5035000000000001,199.31477887480662
4467,734921,0.442,573.5056596237115,0.3575,39.210111853575995
4468,734921,0.5385,1067.7396882230469,0.505,29.90572032268749
4469,734921,1.4060000000000001,782.3070009719469,0.901,272.303370734921
4470,734921,1.0285,500.8225133784776,0.7415,14.798342525227234
4471,734921,0.4965,569.6972512023136,0.8310000000000001,48.6536614655298
4472,734921,0.7125,10.91756638006443,0.6335000000000001,148.79653020891539
4473,734921,0.292,42.022691085746025,0.6035,36.32216455833064
4474,734921,0.72,1012.2261226493254,1.0365,292.02053408525455
4475,734921,0.9505,4296.3295143591195,0.5855,24433.39041430442
4476,734921,0.2885,33.81529563309384,0.4465,19.33836931901636
4477,734921,0.68,65.70254263797023,1.1885000000000001,333.1198973370537
4478,734921,1.7815,5029.293177930977,0.312,129.87949466491202
4479,734921,1.653,369.62973397134084,0.455,103.17889978079629
4480,734921,0.537,95.39764021426771,0.213,28.714438157087717
4481,734921,0.9530000000000001,1831.4794978467944,0.39,20.619431441418392
4482,734921,0.3385,24.485680640556403,0.879,126.1007604968192
4483,734921,0.967,2504.225755424139,0.459,19.059964940351108
4484,734921,0.462,17.910515084243603,0.4675,28.98032633617939
4485,734921,0.446,7.293675376613716,0.9480000000000001,29.099677157632524
4486,734921,0.704,32.22217851269642,1.078,430.0633763901557
4487,734921,0.6495,97.71262977820439,0.608,292.98901996948547
4488,734921,0.774,62.63537569738716,0.464,498.74191885946453
4489,734921,0.787,5039.6844018924885,0.366,14.58394813991198
4490,734921,0.3555,169.072386577589,0.8855000000000001,11.39667878267992
4491,734921,0.6795,77.30062844277788,0.5235,2129.2035336574713
4492,734921,0.2015,13.389803775193336,1.9815,1805.3571547193658
4493,734921,0.6935,288.0618495885944,0.419,92.98670836963367
4494,734921,1.3715,1430.9787309549004,0.5145,43.901616234045164
4495,734921,0.3865,21.445756178587466,0.3575,57.48958978356055
4496,734921,0.8290000000000001,695.7276205650985,0.7595000000000001,460.4037267530112
4497,734921,0.2505,399.07698820432427,0.8285,353.70987410048934
4498,734921,1.3855,3320.009420579884,0.382,77.77809467575405
4499,734921,0.47400000000000003,221.18989918990778,0.3415,21.86123563808982
4500,734921,1.1875,2339.9073095456592,0.2285,36.198024353964435
4501,734921,0.3965,117.60852028168429,0.552,796.071226191116
4502,734921,0.4915,198.09224864754788,2.0195,10848.622097628904
4503,734921,0.47950000000000004,176.02343590079295,0.201,8.966002081410329
4504,734921,0.796,147.26391017024983,0.47250000000000003,18.502538090275042
4505,734921,0.3745,260.5227342613994,0.995,178.4945353897549
4506,734921,1.4705000000000001,496.08503756008946,0.2215,166.09306047284446
4507,734921,0.7815,140.88198256750934,0.7305,78.7086123474698
4508,734921,0.4345,30.78128684654211,0.47500000000000003,15.723870547285406
4509,734921,0.333,141.7701960265527,1.086,42384.62916797121
4510,734921,0.648,373.9243052932118,0.2665,22.10921937161964
4511,734921,0.28450000000000003,27.775226703496042,0.671,3435.9659215506704
4512,734921,0.8160000000000001,1622.0071934403732,0.337,30.79675481431272
4513,734921,0.47850000000000004,26.02950133834774,0.6785,106.06509814734964
4514,734921,0.272,27.551730153733814,0.624,141.42938025870117
4515,734921,1.3465,4940.14298690376,0.9265,127.43054634554832
4516,734921,0.858,20.597991660138437,0.7075,34.637616650518744
4517,734921,0.6145,28.631450323115477,0.4915,64.76801149300292
4518,734921,0.714,14.006100621787116,0.856,40.48102079123869
4519,734921,0.506,301.27819671380786,0.9605,3196.9067221951013
4520,734921,0.3845,14.836560409717919,0.489,85.31755123144028
4521,734921,0.441,141.87546731723603,0.8865000000000001,2821.31542479182
4522,734921,0.6565,363.39568171891136,0.5935,77.69440596874118
4523,734921,0.359,230.54973392874788,0.5435,143.88988970717492
4524,734921,0.307,49.5534179478283,0.7095,45.46973100636876
4525,734921,0.1945,7.222825879670773,0.623,219.86872587732566
4526,734921,1.0535,613.4230867348069,0.579,83.4357488115384
4527,734921,2.0165,31085.388642805592,0.7615000000000001,2118.6284968047144
4528,734921,0.5955,5784.491591873497,0.23800000000000002,11.007432497415495
4529,734921,0.4215,6.983325939605905,0.4555,7.813609692613391
4530,734921,0.631,34.362351709616284,0.7605000000000001,16086.3141676445
4531,734921,0.434,89.78526376424435,0.46900000000000003,1073.5234665813225
4532,734921,1.776,4424.467017296905,0.47000000000000003,131.33386566838843
4533,734921,0.4945,197.22133821827006,0.2605,30.76759342237558
4534,734921,0.7135,82.66519255256392,1.155,4107.780589303385
4535,734921,1.4355,299.58167082880976,0.4665,17.427060042941065
4536,734921,0.6485,24.6655901582394,0.5735,62.26399659777297
4537,734921,1.1945000000000001,9322.502017998564,0.258,267.71144402602215
4538,734921,0.40950000000000003,10.291381329990521,0.538,925.1879065712078
4539,734921,0.653,3956.3977415318127,0.5435,3602.030376608749
4540,734921,1.2325,39986.0657755013,0.5815,43.192350713564544
4541,734921,0.7865,456.23652224240857,0.6285000000000001,27.475301472363856
4542,734921,0.63,145.42031852057937,0.4835,534.4434722537472
4543,734921,0.5710000000000001,220.11891569756912,0.8320000000000001,64.2331985447819
4544,734921,0.34400000000000003,23.718072674620473,1.1175,80.02015396610423
4545,734921,0.501,177.68967918609852,0.446,103.6734660431318
4546,734921,0.9135,1339.2383607743866,1.562,602.5802668068688
4547,734921,0.3825,32.308188365645954,0.2995,55.263562225739136
4548,734921,0.6525,30.959879819733796,0.40950000000000003,3107.455927277675
4549,734921,0.6,15.089082635516707,0.48,660.5886301634798
4550,734921,0.7165,53.99458032702216,0.28550000000000003,195.21650301255468
4551,734921,0.451,147.1710444095529,0.968,4303.635337044091
4552,734921,0.47750000000000004,125.58272973939013,0.3655,35.61918040860443
4553,734921,0.582,207.79978859127928,0.752,190.08410896072115
4554,734921,0.751,79.60315821406843,0.25,70.58016744914245
4555,734921,0.47650000000000003,38.29323445860492,0.608,28.452288771554226
4556,734921,0.498,29.267387014819054,0.9430000000000001,417.3792447013976
4557,734921,1.5705,7012.65243535135,0.4595,55.510386838792776
4558,734921,0.914,908.4687743479363,0.5265,451.449320953004
4559,734921,0.4525,228.35697423389092,0.635,25.757714340513346
4560,734921,0.4675,150.80610863157514,0.46900000000000003,7.706881550134239
4561,734921,0.4185,27.929890615122094,0.707,63.037881687583265
4562,734921,0.6845,1104.7168564066274,1.2510000000000001,1501.4893148481592
4563,734921,1.3255000000000001,328.6574634393864,0.5895,114.36081743871263
4564,734921,1.874,135442.10127331497,0.6995,30.41863226895872
4565,734921,0.4265,17.91345749716989,1.0725,1119.3705344771317
4566,734921,0.71,2041.7688031063021,0.4475,229.66887347811758
4567,734921,0.8695,32.93114178175878,0.545,703.0170542757179
4568,734921,0.624,157.22575898559447,0.9665,154.21571764889143
4569,734921,0.9645,462.0772793270338,0.47800000000000004,361.53525168952496
4570,734921,0.34500000000000003,80.37118420311512,0.20800000000000002,24.04857983813319
4571,734921,1.0135,946.5328134467842,0.353,16.168670941149227
4572,734921,0.8495,131.11326682444925,0.643,18.143254001782683
4573,734921,0.521,627.7545941959875,0.359,5.653735920050278
4574,734921,1.499,5471.131535113076,0.4295,47.20139653864573
4575,734921,0.628,41.103566698845206,0.61,41.105841346721945
4576,734921,0.307,195.64042836739867,1.2455,1788.5607327387554
4577,734921,0.876,380.0712280168694,0.727,304.46614475801493
4578,734921,0.31,26.797663272843693,1.4525000000000001,10965.461217777814
4579,734921,0.7655000000000001,54.14717730267291,0.7535000000000001,242.57856314398944
4580,734921,0.996,405.73495946461264,0.2685,11.377613026665033
4581,734921,0.844,127.96639662055344,1.3475,2639906.283661143
4582,734921,1.3265,1031.0534231621377,0.2955,15.519916566163495
4583,734921,1.002,603416.5935113591,0.7125,557.3324242422294
4584,734921,0.352,180.368611209231,0.4445,44.623302559303596
4585,734921,0.364,147.1352402942593,0.8170000000000001,5095.955207901746
4586,734921,0.842,3025.118580054736,1.4255,20689.728077573443
4587,734921,0.499,28.555743282250496,1.219,27109816.312069736
4588,734921,1.372,322801.1591762554,0.662,22.54088825188303
4589,734921,0.562,36.85229815117544,0.6615,44.72031798145175
4590,734921,0.655,229.9305815852272,0.7875,83.45806676014624
4591,734921,0.4535,95.39125713515945,0.317,10.48391312133068
4592,734921,0.483,139.44076282456209,0.5375,286.74463395789826
4593,734921,0.682,392.10288634661146,0.456,189.2240792624392
4594,734921,0.378,24.739372530107556,0.3625,77.8282467385747
4595,734921,0.2555,21.53355715960139,0.636,18.093950127638152
4596,734921,0.5690000000000001,8636.501799449343,0.618,1097.094007715417
4597,734921,0.8355,88.98767083926379,0.46,44.63622964986662
4598,734921,1.2375,2043.635592260847,0.41600000000000004,20.103970875345137
4599,734921,1.782,1381.7030268002961,0.562,28.579056372788045
4600,734921,0.524,1262.720254925624,0.9265,522.8580170502123
4601,734921,0.805,129.16907012821025,0.28550000000000003,14.039819211398065
4602,734921,0.3665,65.81690818447599,0.5755,913.5241197158055
4603,734921,1.0425,873.3211803519786,0.219,21.834466540097587
4604,734921,0.196,23.477790981627493,0.3075,102.22464582483492
4605,734921,0.732,39.73191488198174,0.647,442.93957930508384
4606,734921,1.6215,1448.2315864474033,0.6185,312.1589888750487
4607,734921,0.483,56.27963629570722,0.3975,9.567878607736304
4608,734921,0.976,61.725057960855295,0.6885,470.9054088511346
4609,734921,0.47750000000000004,25.484883513266166,0.4525,263.0334407196404
4610,734921,0.782,216.02263182098937,0.517,125.18755024845436
4611,734921,0.5115000000000001,71.17418371361173,0.41350000000000003,384.40918873103345
4612,734921,0.6815,311.7843907361103,0.28350000000000003,14.33722832734536
4613,734921,0.4255,505.2121961547037,0.794,3504757.090200298
4614,734921,0.225,17.475239010253464,1.0745,4791.18547107846
4615,734921,0.4235,142.96859671311435,0.591,94.75111651751551
4616,734921,2.498,2876188.6681785434,0.6945,194.96657729258962
4617,734921,0.4645,18.214163550216593,0.383,75.33093862195807
4618,734921,0.7465,549.0040067258177,0.38,176.2052567003984
4619,734921,0.8565,22.941374056944117,1.167,373.5639982898301
4620,734921,0.5895,119.09226648340938,0.8155,8604.663128381417
4621,734921,0.527,51.160345931442166,0.296,999.7156565527961
4622,734921,0.556,80.6549287275616,0.3915,225.09893775677668
4623,734921,0.5905,120.16786660519895,0.435,157.4816784694728
4624,734921,0.711,32.70160314209222,0.503,138.45343018083807
4625,734921,1.0885,2489.205832220432,1.0085,31.642246877929665
4626,734921,0.3115,24.77521678902016,0.7685,831.7644907007702
4627,734921,0.4295,117.35860560039613,0.5915,91.7700044132318
4628,734921,0.758,123.81605976803777,0.449,19.019890183950082
4629,734921,0.6365000000000001,55.221970679043515,0.711,287.5069609382369
4630,734921,0.501,63.87594603332121,0.523,1499.7378078603922
4631,734921,0.329,22.399060284674913,0.368,107.93758589273851
4632,734921,0.7705,175.84515582401445,0.2955,15.59287897694419
4633,734921,1.1775,302.0720267382631,0.325,81.9131963233423
4634,734921,0.4845,20.346423879860993,0.872,142.55587400025595
4635,734921,0.444,760.0025543632494,0.771,81.78400467432226
4636,734921,0.8925000000000001,159.4844416648826,0.421,1063.8615369779777
4637,734921,0.445,138.48670578738304,0.7145,38.62947152632368
4638,734921,0.465,29.65176325529743,0.121,13.354864534560285
4639,734921,0.5650000000000001,1411.6781806193474,0.876,11.295618231112627
4640,734921,0.8645,10.859570124816479,0.7175,5997.088412843019
4641,734921,3.2585,21797.316929465043,0.9815,21.247724220086344
4642,734921,0.771,850.4894274848286,0.257,16.678838032733857
4643,734921,0.5885,190.93038859539297,0.3125,606.5633992077001
4644,734921,0.5245,879.3728712038699,0.6285000000000001,824.3880243775787
4645,734921,0.7715,232.11058501304635,0.3575,26.00895339079104
4646,734921,0.505,6143.029476413196,1.1445,13797.552410744893
4647,734921,0.3325,33.905215642082176,0.6695,71.32269155793041
4648,734921,1.097,598.7148297962923,0.3835,120.1649917221828
4649,734921,0.6225,44.78928965601016,0.39,109.0192535712244
4650,734921,0.52,119.15826569888969,0.5685,307.9750172889823
4651,734921,0.649,43.2724790251787,0.4355,209.5834091358634
4652,734921,0.7825,408.99527065664705,0.439,166.30423603848635
4653,734921,0.888,326.90129395606385,0.35000000000000003,9.624806157466056
4654,734921,2.096,48607.87129465329,0.7695,59.32933402239768
4655,734921,0.367,130.83501453795645,0.4875,308.6434283262922
4656,734921,0.5635,279.98272041185714,0.7645000000000001,361.3679196449869
4657,734921,0.3855,16.799742596209978,0.337,222.37577152827112
4658,734921,0.3195,117.42361538818201,0.468,143.60032199755062
4659,734921,0.2885,135.14872850913417,0.9440000000000001,1697.5312749551626
4660,734921,0.773,95.78762423722615,0.6005,97.1052699607992
4661,734921,0.274,63.12373979099404,0.43,71.26707548334554
4662,734921,0.28,48.430575876343944,0.8045,51.84056043909924
4663,734921,0.47550000000000003,127.45851936931112,1.131,31.21459119347847
4664,734921,0.356,39.10816075508373,0.442,224.83051724636775
4665,734921,1.2665,2604.1031557065253,0.389,18.335853409441953
4666,734921,0.9595,349.09975262763055,0.3585,176.50210782931296
4667,734921,2.112,15397.928702523279,1.74,110163483.43369497
4668,734921,0.4405,23.489161645347203,1.141,54.590355420773655
4669,734921,0.491,40.50642561137931,0.638,1056.8554929778595
4670,734921,0.601,103.75390491907304,0.484,10.770029047873976
4671,734921,0.5335,493.2459973635887,0.4625,75.81553850451246
4672,734921,0.387,53.01332262614049,0.4015,101.4249655532818
4673,734921,0.495,23.86092510465546,0.34,388.8115792768905
4674,734921,0.5985,188.65755954391858,0.6785,32.14088708111629
4675,734921,0.904,34.555750923761344,0.4615,121.97105402101072
4676,734921,0.6575,194.9689718255442,0.783,302.84131577434584
4677,734921,0.887,112.78077350611778,0.918,8.617497082346842
4678,734921,0.293,16.485769677072145,1.185,1486.603142485807
4679,734921,0.41200000000000003,366.02947828207914,0.4825,17.44380366477313
4680,734921,0.2585,18.83406265164898,0.417,32.88962056301991
4681,734921,0.4385,161.87530794799903,0.8655,80.46034597943316
4682,734921,1.5245,37976.19183147883,0.887,30888.341087758014
4683,734921,0.28600000000000003,37.30679368015417,2.166,3240.7485598680637
4684,734921,1.1275,75.74591613292016,0.624,20.648390724305834
4685,734921,0.4435,92.92095317550361,0.73,276.40637241549865
4686,734921,0.17300000000000001,46.24837085497321,0.654,6146.280660733676
4687,734921,0.916,517.1372930261789,0.3415,14.384134184436466
4688,734921,0.4995,289.0147609359535,0.759,128.170850881815
4689,734921,0.4805,35.32149613656732,0.247,66.04456461844082
4690,734921,0.5425,53.00769864862615,0.844,395.7802296993533
4691,734921,0.906,3050.505129062719,0.443,45.29561700749866
4692,734921,0.8280000000000001,1386.672959174154,0.2945,93.26535019445937
4693,734921,0.8225,83.95733517219946,0.1865,4.466324214875252
4694,734921,0.504,85.95835793353673,1.217,63.54580034214653
4695,734921,0.264,94.45855751539973,1.568,111.07104349640676
4696,734921,0.40700000000000003,2793.5713152861163,0.4465,270.6504669877915
4697,734921,0.71,3546.5319970814135,0.481,3991.324819723907
4698,734921,0.918,64.47723227885751,0.982,310.2264855655751
4699,734921,0.4215,87.63193683490168,0.5355,79.27465752370478
4700,734921,0.5435,238.02111128993417,0.6975,352.10862156068623
4701,734921,0.521,197.00581596371933,0.455,53.898990457184915
4702,734921,0.323,140.4367811782327,1.332,88.50705408886257
4703,734921,0.6195,345.9972698155181,0.449,333.69912193741243
4704,734921,0.445,263.3082345616772,0.1575,4.705682601304001
4705,734921,0.787,281.58166185436966,0.841,49.01348094074342
4706,734921,0.3995,488.89638425350734,0.5595,79.14206495208151
4707,734921,0.499,63.56114437064926,0.9185,374.81868861070734
4708,734921,0.889,549.4941305373577,0.773,1489.1134346193849
4709,734921,0.905,197.31578508286094,0.3215,797.7702471353876
4710,734921,0.2135,45.26793245178781,0.9265,2091.835878830017
4711,734921,0.544,15.798390421434517,0.8385,506.99143416620154
4712,734921,0.395,14.717936278129105,0.418,8.256780283828899
4713,734921,0.2645,40.394480029064404,1.0285,269.13616399518816
4714,734921,0.587,1748.47506970976,0.2315,21.1539670166797
4715,734921,1.324,31.223779437528496,0.3085,256.3122886495158
4716,734921,0.499,236.03212926439411,0.7395,82.79185250645492
4717,734921,0.743,38.65259638498401,0.5660000000000001,152.5554131732436
4718,734921,0.264,29.83482100491433,0.4185,103.24685954755483
4719,734921,0.526,31.295035776773283,0.4375,245.35168048727857
4720,734921,0.6015,4275.743794267068,0.41050000000000003,16.550552450362797
4721,734921,0.7695,527.9024171664097,0.4055,46.70879038822676
4722,734921,0.6920000000000001,113.7410562454068,0.661,158.9713874522582
4723,734921,0.7105,2041.8723401489365,0.4805,12.762522748657508
4724,734921,0.5730000000000001,394.4984145505542,0.5275,429.69996789006666
4725,734921,0.3395,24.26746935992903,0.508,34856.81700630483
4726,734921,0.326,69.49354284873621,0.5355,167.47732780123928
4727,734921,0.2635,21.374057119492697,0.834,34.736937224795746
4728,734921,0.221,6.978710003755383,0.606,13.119239292665341
4729,734921,0.747,4205.385570617929,0.7245,329.14806509476824
4730,734921,0.45,169.63451240053365,0.5515,327.13233650351134
4731,734921,0.4335,30.975724486175096,1.349,1186.4063898115166
4732,734921,1.2385,186.21201947867908,0.481,52.80348567143438
4733,734921,0.3385,322.2444478232535,1.6215,25.51262528323304
4734,734921,0.3955,144.70721535509344,0.516,69.59730504287704
4735,734921,0.437,23.85544063050367,0.3055,125.13266576451733
4736,734921,0.552,225.97809671885813,0.3145,25.40507512974538
4737,734921,1.0255,43.844175471035925,0.9985,204.93700476257956
4738,734921,0.35150000000000003,3248.9650930893254,0.2525,11.176152874214866
4739,734921,0.9570000000000001,5191.651530627477,0.1635,10.458536716407803
4740,734921,0.9055,374.7042948712188,0.892,88320.86256230119
4741,734921,0.3915,20.36775055473387,0.7355,651.6185159386589
4742,734921,1.1535,647963.1206936642,0.481,929.9038576629482
4743,734921,0.7405,3579.5472904280327,0.5495,1072.9475489062652
4744,734921,0.4225,57.61174232256334,1.157,35.949883130574364
4745,734921,0.3085,21.88654558949898,0.6235,88.06896430893141
4746,734921,0.9345,830.4899876009496,0.6595,55.397702775516564
4747,734921,0.289,151.63872756435063,0.328,25.466305171700196
4748,734921,0.2615,54.92486029256906,0.41150000000000003,117.28653167095624
4749,734921,1.0585,85.58145390305914,0.54,11.541187867395315
4750,734921,0.6705,520.9184808131405,0.7435,3902.5444533606797
4751,734921,0.5825,54.98514948266482,0.4265,21062.265379949895
4752,734921,0.5495,17.57314573358088,0.527,17.855061286847498
4753,734921,0.8015,260.3598211068084,1.12,5281406.824998321
4754,734921,0.7955,491.6787226834768,1.7655,1868.546928689827
4755,734921,0.7785,296.6397893262773,0.846,4644.250752045207
4756,734921,0.18,10.433010672287656,0.3725,14.561863052716996
4757,734921,0.319,67.25205233765918,0.8130000000000001,131178.55926914758
4758,734921,0.963,733.1606975722583,0.419,283.7601444940959
4759,734921,0.23950000000000002,17.793604995396255,0.34550000000000003,168.65138606471174
4760,734921,0.428,52.98392594778308,0.6155,3292.1081605073973
4761,734921,0.5815,2801.979883092537,1.3925,523888.3470944658
4762,734921,0.8140000000000001,23.108777641779707,0.662,7494.343650913064
4763,734921,1.443,476.83253788209686,0.333,80.79343728790715
4764,734921,0.932,605.5027634950455,0.745,90.22915021933179
4765,734921,0.5635,15.514699057747473,0.9475,1606141.5723738456
4766,734921,0.61,232.86506068725222,0.3215,21.903592004463615
4767,734921,0.3715,194.73450026705197,0.6695,12821.569536861658
4768,734921,0.20350000000000001,8.529713327341684,0.40950000000000003,57.76746286542649
4769,734921,0.542,985.1304193984305,0.458,362.67707260334845
4770,734921,1.1400000000000001,140.66814915802436,0.35100000000000003,131.8584002498762
4771,734921,0.48,982.4877380578729,1.4345,503.38580051212284
4772,734921,1.389,125.05825618345709,0.9490000000000001,599.6200346714775
4773,734921,0.65,207.21086851620038,0.6635,11.038752198512455
4774,734921,0.936,162.46637174821012,0.8175,16965.62624191537
4775,734921,0.3065,25.10660207129898,0.309,74.239238670328
4776,734921,1.25,377.3053338584236,0.7815,410.66244186904726
4777,734921,0.8795000000000001,879.2803237714746,0.3145,403.2028916862837
4778,734921,0.289,127.71270581112466,1.1455,14706.921355375109
4779,734921,1.325,12405.776296337839,0.506,443.15729468672845
4780,734921,0.674,170.7234131657529,0.511,10.698032171412054
4781,734921,0.68,1042.1187146352124,1.0145,123.02318857384321
4782,734921,0.3895,45.52124470486629,0.28750000000000003,28.67134831366085
4783,734921,0.6035,111.40704805880179,1.0935,32318.79318655148
4784,734921,0.278,21.44507730407635,0.963,2834.049733563832
4785,734921,0.538,273.07959251688976,0.331,67.31815532372184
4786,734921,0.6655,23.980350839797126,1.1545,1945.0394113110017
4787,734921,0.2425,19.46365204406655,0.8290000000000001,21.983273501233516
4788,734921,0.912,1779.6771579078934,0.3195,8.108334454114994
4789,734921,0.437,16.03761109227732,0.4565,12.236074047993228
4790,734921,0.669,15.154451702945106,0.3025,149.68294238751736
4791,734921,1.469,578.3434018969114,0.561,146.2924417656403
4792,734921,0.6605,957.6361580504407,1.2225,2987.740240508926
4793,734921,0.3205,17.548398364883084,0.394,84.46573410565944
4794,734921,0.764,4124.9903231407825,0.7805,5398.230356817979
4795,734921,0.5385,61.16063573196699,0.2425,16.131224350347836
4796,734921,0.428,45.59214248447995,0.462,25.127972579536355
4797,734921,0.731,304.4805380977742,0.39,32.53746248457812
4798,734921,1.0575,105.37098549064811,0.769,88.96425739655041
4799,734921,0.713,94.94853334354087,0.3175,79.6066342160566
4800,734921,0.5125,119.69940450670055,0.9450000000000001,728.7876569632974
4801,734921,0.606,96.16176123980794,0.884,606.6759395509814
4802,734921,0.52,129.05015032110592,0.967,248.75285354737153
4803,734921,0.3315,11.4794582537004,0.279,117.8771221091571
4804,734921,0.639,111.49300876428366,0.326,17.543888396816428
4805,734921,0.714,10.801778580354107,0.2915,40.22221469775294
4806,734921,0.47900000000000004,22.087062760465532,0.3645,55.857357912111674
4807,734921,0.9265,125.95070886200587,0.8625,18.278511017122884
4808,734921,0.391,8.87233520089127,0.8185,218025.45916502672
4809,734921,0.439,144.1659331515398,0.2565,7.942529807302549
4810,734921,0.453,123.1079247029333,0.387,12.882539054190591
4811,734921,0.9505,398.27362284986697,0.641,404.9827251991589
4812,734921,0.325,35.929943313964365,0.523,4857.136417620028
4813,734921,0.441,229.44034132269712,0.523,1776.8817525202257
4814,734921,0.467,64.51885691399234,0.7225,80.23095735493663
4815,734921,0.2085,10.949462255218252,0.625,2182.496988167261
4816,734921,0.4365,239.7852288226353,1.2625,7191.149514954235
4817,734921,0.6425,127.95254189545624,0.5625,45.810263779227725
4818,734921,0.4315,26.143389655743874,0.893,39.370549926576224
4819,734921,0.4245,26.478823280112724,1.053,686.9232632471695
4820,734921,0.3275,37.64648032467089,0.5095000000000001,42.65883055058111
4821,734921,1.174,15897.394884525575,0.43,6.0228722667716434
4822,734921,0.4045,219.45961827531963,0.5635,59.47671385852558
4823,734921,0.8135,382.2384499820512,1.4195,433.97421215236795
4824,734921,0.2975,23.31796976153013,1.155,173.1261144277928
4825,734921,0.652,13.559616080386782,1.074,3405.401192884366
4826,734921,0.427,30.61010011875732,0.458,21.847879698566302
4827,734921,2.137,26369.9114211516,1.2555,487.4195137999979
4828,734921,1.354,971.872226792671,0.269,54.76215512977459
4829,734921,0.3585,18.324126139188785,1.0705,340.44959597585387
4830,734921,0.8055,782.3608403077694,0.2165,187.74927173118192
4831,734921,1.3145,533.2583386018872,0.54,608.2848309203412
4832,734921,0.5735,46.13651443479297,1.1325,100.52519061107705
4833,734921,1.0315,1523.8015290578196,1.1260000000000001,258.8530389923181
4834,734921,0.8335,99.57215857105953,0.44,43.836023667282234
4835,734921,0.3915,45.04169598944122,0.358,1053.9714249975893
4836,734921,0.8045,1198.948313066763,0.275,46.94150606954866
4837,734921,0.531,115.59920908399124,0.6,23.777269355131093
4838,734921,0.5085000000000001,271.8778539897536,0.523,60.75502908241114
4839,734921,0.744,1034.7081333530564,0.7030000000000001,3837.2512796277465
4840,734921,0.9430000000000001,1353.1037922814437,0.7565000000000001,135.14007970191145
4841,734921,0.875,1269.4080697883508,0.637,2713.2127448378337
4842,734921,0.8190000000000001,146.4931853589888,0.366,124.05335332856525
4843,734921,0.399,46.13407733411839,0.507,132.13388226804577
4844,734921,0.5235,166.97425023572097,0.723,37.659936189533255
4845,734921,0.303,31.875551067840416,0.514,765.5727101770412
4846,734921,0.47200000000000003,188.6626778873981,0.5855,17.593620798596618
4847,734921,1.4195,8738.895617310482,0.37,282.66143151397404
4848,734921,0.588,1096.8460104736737,0.729,1814.8583352298442
4849,734921,0.7485,322.24285199763005,0.882,194.0342305575508
4850,734921,0.2755,33.18918058475573,0.547,441.5752767477424
4851,734921,0.586,211.038345784468,0.5225,483.13759499506676
4852,734921,0.8355,1352.7405702855856,0.551,15.84112349427571
4853,734921,1.1755,1974.0970741899112,1.0865,33859.60121063045
4854,734921,0.6975,66.4178196473735,0.8320000000000001,57.209344130280535
4855,734921,1.0525,311.00998870623584,0.468,168.27958958836544
4856,734921,0.306,30.476310140154364,0.9795,1473.0035105762495
4857,734921,0.963,1081.2268884801583,0.793,1270.337734926563
4858,734921,0.727,826.2197507527106,0.183,9.547946126209585
4859,734921,0.47550000000000003,167.14162365526485,0.8285,132.2074746031518
4860,734921,0.892,505.91253156709445,0.455,232.1297495733796
4861,734921,0.2405,12.134167608038336,0.3665,72.61645518238306
4862,734921,0.6305000000000001,339.52648083705986,0.491,18.98689615039117
4863,734921,0.593,529.6132960951513,0.39,30.62166328012021
4864,734921,1.0995,281.97674885897334,0.40900000000000003,237.5719900734107
4865,734921,0.489,134.86680686032773,0.5775,85.62573208200405
4866,734921,0.3585,38.09872024205338,0.463,321.80772929968407
4867,734921,0.871,9862.614459080005,0.40800000000000003,103.7207162097084
4868,734921,0.3345,19.125191684392547,0.3895,475.8786724193359
4869,734921,0.465,26.363668668499226,1.841,1090.5586606821892
4870,734921,0.356,45.96372217204246,1.168,794.0198776127922
4871,734921,0.4985,15.970184774238072,0.8310000000000001,309.7742030697529
4872,734921,0.793,77.95028679686808,0.549,519.3977021226106
4873,734921,1.2755,65.92761418850779,0.47700000000000004,99.82135292803595
4874,734921,0.4935,7.953310526533868,1.317,343.75243652997966
4875,734921,0.679,165.5502915599891,0.84,791.7993984245975
4876,734921,0.7435,3085.9817327370893,0.5275,162.7399346183806
4877,734921,0.496,2334.506777340498,0.3865,617.3870779179224
4878,734921,1.114,8963.631394978502,0.28600000000000003,267.0981723289442
4879,734921,0.431,66.90494861026058,0.5305,163.64615899477474
4880,734921,0.562,835.9039964900799,1.7635,1217.4960777747197
4881,734921,0.91,3113.0589393897358,0.8705,3154.663333623567
4882,734921,1.187,10479.932665219212,0.5635,176.2229144173584
4883,734921,0.63,39.70687835266185,0.311,61.002696519522736
4884,734921,0.5095000000000001,33.49437269135923,0.5845,500.88978317878275
4885,734921,0.651,311.60212084251623,0.5445,77.83698482018575
4886,734921,0.3275,117.17376721839318,0.673,14.085433514801258
4887,734921,0.494,45.72586256641442,0.366,169.5961594283101
4888,734921,0.439,32.8608271389931,0.3305,10.521238618288477
4889,734921,0.6755,339.54829566046305,0.3405,119.66246294370481
4890,734921,0.398,57.880348642522065,0.2955,300.3385233325706
4891,734921,0.5435,133.40049140582374,0.364,33.29237656347835
4892,734921,0.2885,7.649044934312378,0.726,18.680144351150993
4893,734921,0.427,315.3831429247806,1.184,314.0134564142892
4894,734921,1.4915,2278.950616546189,0.584,168.56682908971078
4895,734921,0.368,69.69574733047624,0.8270000000000001,5411.421512155033
4896,734921,1.412,129.3543261972865,0.589,3799.3304713007597
4897,734921,0.6255000000000001,105.96050991630632,0.485,158.53387326478762
4898,734921,0.8915000000000001,916.4908319246213,0.6345000000000001,75.51428538470381
4899,734921,1.747,28636.388929850942,0.81,752.0223264368283
4900,734921,0.9325,1549.0022264006514,0.6565,46.56157107024712
4901,734921,0.6295000000000001,45.372973773799046,0.5865,38566.472455693096
4902,734921,0.41200000000000003,1098.635719388571,1.7365,50283.42677580922
4903,734921,0.341,10.046206263030333,0.31,81.75116559084428
4904,734921,0.765,190.2110316414571,0.3535,212.8256223098688
4905,734921,1.1865,85.94095581049413,0.78,18.58179294790717
4906,734921,0.8160000000000001,1310.5402269285555,0.3955,152.1893488184865
4907,734921,0.4615,33.66018494997399,0.8315,703.4819209665418
4908,734921,0.5,67.40382528448842,0.5795,287.9704849511459
4909,734921,0.3285,23.29088438270414,0.2635,9.875305694457069
4910,734921,0.724,32.540212218208694,0.425,83.46039978158532
4911,734921,1.1515,106.1658587166803,0.4865,90.94077943658226
4912,734921,0.529,57.27254339341827,0.7845,1349.9368884621335
4913,734921,1.7745,46931.20660891368,0.761,59.74228502820532
4914,734921,0.4595,21.834463107122204,0.277,41.85312927884416
4915,734921,1.249,20835.931016104285,0.9470000000000001,1426.8046179247979
4916,734921,0.406,238.49507059348034,0.40850000000000003,217.9577305618169
4917,734921,0.394,428.0149807019354,1.2635,2163.267248677986
4918,734921,0.3595,135.83054003073812,0.3635,166.69544251644902
4919,734921,0.6955,56.054691256203505,0.529,596.5876805740799
4920,734921,0.6455,77.78365003649937,0.439,2689.8594414174217
4921,734921,0.503,110.02426967280795,0.511,498.56193628768403
4922,734921,1.834,374.87988674429744,0.605,47.52988497559664
4923,734921,0.6765,79.82980637692569,0.25,38.90356874819365
4924,734921,0.5365,1364.9594476090995,0.9455,20158.440510572545
4925,734921,0.2575,26.065451873531455,0.674,62.65602697567464
4926,734921,0.28250000000000003,10.213344899905229,0.5665,703.0419516538327
4927,734921,0.41600000000000004,77.36645384727518,0.481,943.657371821494
4928,734921,1.8525,50486.42889858986,0.481,116.77664279112443
4929,734921,0.3285,18.099250796051592,1.0035,72.1628101617166
4930,734921,0.687,717.3161115584342,0.4345,83.0234942541535
4931,734921,0.7705,167.25210700524767,0.548,35.42106392704516
4932,734921,0.491,7.333246344577084,0.4965,22.761113731712523
4933,734921,0.34550000000000003,252.77554302384794,0.582,723.263422386432
4934,734921,0.438,84.60106840546298,0.936,52.098825903617666
4935,734921,0.40700000000000003,248.1479663258677,0.7020000000000001,217.82429568050904
4936,734921,0.379,245.08083446907972,0.2585,4.848202187177441
4937,734921,1.1245,55136.02721430506,0.7695,527.020869332656
4938,734921,0.4385,148.7288846009437,0.6195,82.5240447160515
4939,734921,0.6745,455.7603428317698,0.301,93.98726519337208
4940,734921,1.0115,894.5863669314499,0.4,22.110377809899614
4941,734921,0.1695,20.83465220708622,0.4465,189.3328063991382
4942,734921,0.462,165.49117695216114,0.3895,53.00951578935733
4943,734921,0.522,47.8747913269989,0.292,74.00465789181783
4944,734921,0.318,40.51545219064774,0.651,36.06209036023942
4945,734921,0.512,13.976439467998803,0.6045,225.88375585334268
4946,734921,0.8745,318.06856651884027,0.6960000000000001,11.524562639510092
4947,734921,1.666,184048.21903161812,0.4835,534.0345634955098
4948,734921,0.515,97.01430989303448,1.016,2309.5213693403616
4949,734921,1.205,1065.8892880042504,0.5660000000000001,185.17212798458735
4950,734921,1.2285,174.80806931100975,0.40700000000000003,29.459170260449262
4951,734921,0.41150000000000003,978.5558751279003,0.418,351.5665842718582
4952,734921,0.3305,91.94089839174022,0.633,1731.6985939024114
4953,734921,0.2105,53.947854635468055,0.7325,42.82965823024635
4954,734921,0.786,107.7605962612809,0.807,273.99816478685136
4955,734921,1.1405,1156.7234297688178,1.042,148367.85220765136
4956,734921,0.3005,13.27707801451344,0.4295,74.8641079482682
4957,734921,0.9695,11153.56573320685,0.3155,92.140611988082
4958,734921,1.7285,1935234.2519710958,0.5165,1439.0846594717634
4959,734921,0.329,30.096750719736438,2.2520000000000002,3335723.992103302
4960,734921,0.452,54.65571451039718,0.686,60.4611910620246
4961,734921,0.47950000000000004,18.373407965012547,0.56,350.748274719077
4962,734921,0.629,52.286834608199534,0.2205,142.28936940570787
4963,734921,0.9175,283.48885311371185,0.3405,71.77993149687524
4964,734921,0.6395000000000001,1465.7877801313882,0.4635,25.359230542842017
4965,734921,0.456,11.622394118591371,0.468,10.943347789037915
4966,734921,2.5965000000000003,47441.081559895996,1.0765,73.6545234239146
4967,734921,1.2905,233384.39584775703,0.343,21.395084866262835
4968,734921,0.9855,168.565975035147,0.66,461.5939680976524
4969,734921,0.41300000000000003,21.651389522625127,0.78,107.12659673751848
4970,734921,1.855,7641.204367067868,0.4395,64.45630821423931
4971,734921,0.3315,48.50778505003223,0.607,49.025406579351355
4972,734921,1.5835000000000001,25315.092894809044,0.445,101.69991766165711
4973,734921,1.0265,14558.840685224666,0.4975,544.4371661853183
4974,734921,0.54,150.9911337470204,0.8270000000000001,1415.9972913088316
4975,734921,1.008,912.8123853921629,0.1635,32.934640605379066
4976,734921,0.5740000000000001,30.794009947680888,1.5005,3638109.2841991414
4977,734921,0.308,50.508729530188965,0.3645,37.14184976459475
4978,734921,0.395,11.44485113379856,0.47850000000000004,473.0429640786907
4979,734921,1.0545,4884.111975899842,0.5825,68.90012526072921
4980,734921,0.253,45.99137170815709,0.7675000000000001,2723.7283972282644
4981,734921,1.082,1191.7358060674894,0.7225,21.533723396076102
4982,734921,1.0455,1902.6748026081486,0.399,39.219015460412706
4983,734921,4.194,98152936.65229027,0.931,145210.70134937644
4984,734921,0.802,609.717341098496,1.1515,142.21916742215848
4985,734921,0.926,5191.410289590243,1.313,47619.4158736348
4986,734921,0.9555,84.39535601667468,0.487,158.28330858315482
4987,734921,0.299,334.118031398957,0.745,105.01182743810871
4988,734921,0.229,28.706265075681713,0.5935,147.87628147629758
4989,734921,1.992,2575614.3214379973,1.2505,1059.0905332218854
4990,734921,0.6345000000000001,91.72991312383708,0.8240000000000001,107.03398701852078
4991,734921,1.1425,551.2608573108153,0.4605,36.351753986362525
4992,734921,1.7045000000000001,2794.9558407567943,0.7845,138.02555233376225
4993,734921,0.7545000000000001,1467.7008943098979,2.0995,194.29434143885305
4994,734921,0.397,147.632995184111,0.3185,16.70240775951377
4995,734921,0.2485,15.468347576588545,0.198,80.69609481724396
4996,734921,0.3805,20.303777181459157,0.621,107.40371201921882
4997,734921,0.35150000000000003,242.07990500642316,0.44,281.1183604469333
4998,734921,0.586,137.6198543671633,0.75,401.5151513235599
4999,734921,0.6185,207.24511996063825,1.2615,118.4189706328097
5000,734921,0.28350000000000003,41.49299838382302,0.753,18.971424341341915
