path_id,seed,rho,pin_gain,hit_s
1,734921,1.0,3.0,0.936
2,734921,1.0,3.0,0.9755
3,734921,1.0,3.0,0.811
4,734921,1.0,3.0,0.657
5,734921,1.0,3.0,0.6995
6,734921,1.0,3.0,1.3115
7,734921,1.0,3.0,0.7275
8,734921,1.0,3.0,1.8075
9,734921,1.0,3.0,2.7745
10,734921,1.0,3.0,0.7295
11,734921,1.0,3.0,0.2605
12,734921,1.0,3.0,0.7765
13,734921,1.0,3.0,1.1445
14,734921,1.0,3.0,1.0215
15,734921,1.0,3.0,0.9735
16,734921,1.0,3.0,0.7285
17,734921,1.0,3.0,0.751
18,734921,1.0,3.0,0.979
19,734921,1.0,3.0,0.801
20,734921,1.0,3.0,0.6225
21,734921,1.0,3.0,0.3205
22,734921,1.0,3.0,0.8055
23,734921,1.0,3.0,0.58
24,734921,1.0,3.0,2.0685000000000002
25,734921,1.0,3.0,0.61
26,734921,1.0,3.0,0.616
27,734921,1.0,3.0,1.2825
28,734921,1.0,3.0,0.803
29,734921,1.0,3.0,1.056
30,734921,1.0,3.0,0.769
31,734921,1.0,3.0,1.0575
32,734921,1.0,3.0,1.6105
33,734921,1.0,3.0,0.9295
34,734921,1.0,3.0,1.8655
35,734921,1.0,3.0,0.289
36,734921,1.0,3.0,0.4025
37,734921,1.0,3.0,0.9115
38,734921,1.0,3.0,0.47500000000000003
39,734921,1.0,3.0,0.47400000000000003
40,734921,1.0,3.0,0.9285
41,734921,1.0,3.0,1.0795000000000001
42,734921,1.0,3.0,0.418
43,734921,1.0,3.0,0.34800000000000003
44,734921,1.0,3.0,0.497
45,734921,1.0,3.0,0.789
46,734921,1.0,3.0,0.7625000000000001
47,734921,1.0,3.0,0.558
48,734921,1.0,3.0,0.551
49,734921,1.0,3.0,0.3755
50,734921,1.0,3.0,0.6175
51,734921,1.0,3.0,0.6285000000000001
52,734921,1.0,3.0,0.9415
53,734921,1.0,3.0,2.5935
54,734921,1.0,3.0,0.521
55,734921,1.0,3.0,0.505
56,734921,1.0,3.0,1.6105
57,734921,1.0,3.0,0.297
58,734921,1.0,3.0,0.3835
59,734921,1.0,3.0,0.7815
60,734921,1.0,3.0,0.257
61,734921,1.0,3.0,0.522
62,734921,1.0,3.0,1.108
63,734921,1.0,3.0,1.012
64,734921,1.0,3.0,0.607
65,734921,1.0,3.0,0.6085
66,734921,1.0,3.0,0.343
67,734921,1.0,3.0,0.6305000000000001
68,734921,1.0,3.0,1.49
69,734921,1.0,3.0,0.6095
70,734921,1.0,3.0,0.737
71,734921,1.0,3.0,0.7155
72,734921,1.0,3.0,0.502
73,734921,1.0,3.0,0.9185
74,734921,1.0,3.0,0.8835000000000001
75,734921,1.0,3.0,0.75
76,734921,1.0,3.0,1.2235
77,734921,1.0,3.0,0.449
78,734921,1.0,3.0,1.4725
79,734921,1.0,3.0,1.139
80,734921,1.0,3.0,0.724
81,734921,1.0,3.0,1.1205
82,734921,1.0,3.0,0.6425
83,734921,1.0,3.0,0.747
84,734921,1.0,3.0,2.633
85,734921,1.0,3.0,0.9460000000000001
86,734921,1.0,3.0,1.1380000000000001
87,734921,1.0,3.0,1.083
88,734921,1.0,3.0,0.442
89,734921,1.0,3.0,0.865
90,734921,1.0,3.0,0.261
91,734921,1.0,3.0,0.609
92,734921,1.0,3.0,1.0105
93,734921,1.0,3.0,1.0110000000000001
94,734921,1.0,3.0,0.5745
95,734921,1.0,3.0,0.8705
96,734921,1.0,3.0,0.512
97,734921,1.0,3.0,2.115
98,734921,1.0,3.0,0.4805
99,734921,1.0,3.0,0.47300000000000003
100,734921,1.0,3.0,1.207
101,734921,1.0,3.0,1.668
102,734921,1.0,3.0,0.452
103,734921,1.0,3.0,0.73
104,734921,1.0,3.0,1.4145
105,734921,1.0,3.0,2.99
106,734921,1.0,3.0,0.748
107,734921,1.0,3.0,0.5405
108,734921,1.0,3.0,0.458
109,734921,1.0,3.0,0.7635000000000001
110,734921,1.0,3.0,1.322
111,734921,1.0,3.0,1.234
112,734921,1.0,3.0,0.8395
113,734921,1.0,3.0,0.665
114,734921,1.0,3.0,0.723
115,734921,1.0,3.0,1.561
116,734921,1.0,3.0,0.7235
117,734921,1.0,3.0,0.619
118,734921,1.0,3.0,0.768
119,734921,1.0,3.0,0.5265
120,734921,1.0,3.0,0.5985
121,734921,1.0,3.0,1.0205
122,734921,1.0,3.0,1.0110000000000001
123,734921,1.0,3.0,0.432
124,734921,1.0,3.0,1.2945
125,734921,1.0,3.0,0.719
126,734921,1.0,3.0,1.1300000000000001
127,734921,1.0,3.0,0.879
128,734921,1.0,3.0,0.2915
129,734921,1.0,3.0,1.016
130,734921,1.0,3.0,0.5035000000000001
131,734921,1.0,3.0,0.632
132,734921,1.0,3.0,0.3915
133,734921,1.0,3.0,0.894
134,734921,1.0,3.0,4.067
135,734921,1.0,3.0,0.761
136,734921,1.0,3.0,0.53
137,734921,1.0,3.0,1.4115
138,734921,1.0,3.0,0.5375
139,734921,1.0,3.0,1.2590000000000001
140,734921,1.0,3.0,0.806
141,734921,1.0,3.0,0.719
142,734921,1.0,3.0,0.3265
143,734921,1.0,3.0,0.3985
144,734921,1.0,3.0,0.7295
145,734921,1.0,3.0,0.39
146,734921,1.0,3.0,0.6085
147,734921,1.0,3.0,2.664
148,734921,1.0,3.0,0.404
149,734921,1.0,3.0,0.767
150,734921,1.0,3.0,0.511
151,734921,1.0,3.0,1.1485
152,734921,1.0,3.0,0.6745
153,734921,1.0,3.0,0.452
154,734921,1.0,3.0,0.7435
155,734921,1.0,3.0,0.877
156,734921,1.0,3.0,0.446
157,734921,1.0,3.0,0.2755
158,734921,1.0,3.0,1.054
159,734921,1.0,3.0,0.8585
160,734921,1.0,3.0,0.9625
161,734921,1.0,3.0,0.8845000000000001
162,734921,1.0,3.0,3.6765
163,734921,1.0,3.0,0.328
164,734921,1.0,3.0,0.437
165,734921,1.0,3.0,0.841
166,734921,1.0,3.0,0.32
167,734921,1.0,3.0,0.8615
168,734921,1.0,3.0,0.687
169,734921,1.0,3.0,0.6920000000000001
170,734921,1.0,3.0,1.3245
171,734921,1.0,3.0,0.665
172,734921,1.0,3.0,0.7385
173,734921,1.0,3.0,1.438
174,734921,1.0,3.0,0.7655000000000001
175,734921,1.0,3.0,0.4665
176,734921,1.0,3.0,0.4675
177,734921,1.0,3.0,0.6980000000000001
178,734921,1.0,3.0,0.8165
179,734921,1.0,3.0,0.455
180,734921,1.0,3.0,0.874
181,734921,1.0,3.0,0.3165
182,734921,1.0,3.0,0.8115
183,734921,1.0,3.0,0.28500000000000003
184,734921,1.0,3.0,0.718
185,734921,1.0,3.0,0.4375
186,734921,1.0,3.0,0.5365
187,734921,1.0,3.0,1.038
188,734921,1.0,3.0,1.508
189,734921,1.0,3.0,0.5835
190,734921,1.0,3.0,1.0795000000000001
191,734921,1.0,3.0,0.9245
192,734921,1.0,3.0,1.158
193,734921,1.0,3.0,1.032
194,734921,1.0,3.0,0.611
195,734921,1.0,3.0,1.9685000000000001
196,734921,1.0,3.0,0.5055000000000001
197,734921,1.0,3.0,0.9595
198,734921,1.0,3.0,0.7025
199,734921,1.0,3.0,0.31
200,734921,1.0,3.0,1.3445
201,734921,1.0,3.0,0.6235
202,734921,1.0,3.0,0.7020000000000001
203,734921,1.0,3.0,1.7785
204,734921,1.0,3.0,0.5505
205,734921,1.0,3.0,1.7055
206,734921,1.0,3.0,1.3505
207,734921,1.0,3.0,1.0575
208,734921,1.0,3.0,0.577
209,734921,1.0,3.0,1.9000000000000001
210,734921,1.0,3.0,1.08
211,734921,1.0,3.0,0.8195
212,734921,1.0,3.0,1.0945
213,734921,1.0,3.0,0.353
214,734921,1.0,3.0,0.7105
215,734921,1.0,3.0,0.9285
216,734921,1.0,3.0,0.6535
217,734921,1.0,3.0,1.2415
218,734921,1.0,3.0,1.621
219,734921,1.0,3.0,0.4455
220,734921,1.0,3.0,0.3045
221,734921,1.0,3.0,1.6620000000000001
222,734921,1.0,3.0,0.6145
223,734921,1.0,3.0,0.7175
224,734921,1.0,3.0,0.3995
225,734921,1.0,3.0,0.5925
226,734921,1.0,3.0,0.594
227,734921,1.0,3.0,1.216
228,734921,1.0,3.0,0.761
229,734921,1.0,3.0,1.8405
230,734921,1.0,3.0,0.46950000000000003
231,734921,1.0,3.0,0.2485
232,734921,1.0,3.0,0.7035
233,734921,1.0,3.0,0.34550000000000003
234,734921,1.0,3.0,0.265
235,734921,1.0,3.0,0.618
236,734921,1.0,3.0,0.7575000000000001
237,734921,1.0,3.0,0.875
238,734921,1.0,3.0,0.6755
239,734921,1.0,3.0,0.419
240,734921,1.0,3.0,0.6555
241,734921,1.0,3.0,0.6725
242,734921,1.0,3.0,1.4025
243,734921,1.0,3.0,0.511
244,734921,1.0,3.0,0.3145
245,734921,1.0,3.0,0.5455
246,734921,1.0,3.0,0.506
247,734921,1.0,3.0,1.56
248,734921,1.0,3.0,0.627
249,734921,1.0,3.0,0.4385
250,734921,1.0,3.0,0.9895
251,734921,1.0,3.0,0.8835000000000001
252,734921,1.0,3.0,0.9115
253,734921,1.0,3.0,0.7325
254,734921,1.0,3.0,1.4475
255,734921,1.0,3.0,1.742
256,734921,1.0,3.0,0.379
257,734921,1.0,3.0,0.9605
258,734921,1.0,3.0,0.606
259,734921,1.0,3.0,0.3415
260,734921,1.0,3.0,0.499
261,734921,1.0,3.0,0.732
262,734921,1.0,3.0,0.649
263,734921,1.0,3.0,0.338
264,734921,1.0,3.0,0.3795
265,734921,1.0,3.0,0.6065
266,734921,1.0,3.0,0.527
267,734921,1.0,3.0,0.753
268,734921,1.0,3.0,0.5535
269,734921,1.0,3.0,1.125
270,734921,1.0,3.0,0.637
271,734921,1.0,3.0,0.464
272,734921,1.0,3.0,1.113
273,734921,1.0,3.0,1.4325
274,734921,1.0,3.0,1.031
275,734921,1.0,3.0,1.0595
276,734921,1.0,3.0,0.291
277,734921,1.0,3.0,0.8335
278,734921,1.0,3.0,1.0095
279,734921,1.0,3.0,0.38
280,734921,1.0,3.0,0.462
281,734921,1.0,3.0,0.592
282,734921,1.0,3.0,1.476
283,734921,1.0,3.0,1.064
284,734921,1.0,3.0,1.0805
285,734921,1.0,3.0,1.348
286,734921,1.0,3.0,2.1515
287,734921,1.0,3.0,0.5695
288,734921,1.0,3.0,0.4835
289,734921,1.0,3.0,1.498
290,734921,1.0,3.0,0.661
291,734921,1.0,3.0,0.8175
292,734921,1.0,3.0,1.2525
293,734921,1.0,3.0,3.906
294,734921,1.0,3.0,0.8035
295,734921,1.0,3.0,1.214
296,734921,1.0,3.0,1.216
297,734921,1.0,3.0,1.0875000000000001
298,734921,1.0,3.0,1.5375
299,734921,1.0,3.0,0.6225
300,734921,1.0,3.0,1.5755000000000001
301,734921,1.0,3.0,0.5485
302,734921,1.0,3.0,0.704
303,734921,1.0,3.0,1.184
304,734921,1.0,3.0,0.551
305,734921,1.0,3.0,0.445
306,734921,1.0,3.0,0.395
307,734921,1.0,3.0,0.966
308,734921,1.0,3.0,1.298
309,734921,1.0,3.0,0.619
310,734921,1.0,3.0,0.86
311,734921,1.0,3.0,0.8095
312,734921,1.0,3.0,1.2365
313,734921,1.0,3.0,0.74
314,734921,1.0,3.0,2.0735
315,734921,1.0,3.0,0.6005
316,734921,1.0,3.0,0.612
317,734921,1.0,3.0,0.7985
318,734921,1.0,3.0,0.4985
319,734921,1.0,3.0,1.5395
320,734921,1.0,3.0,0.4835
321,734921,1.0,3.0,0.5175
322,734921,1.0,3.0,0.3945
323,734921,1.0,3.0,1.0405
324,734921,1.0,3.0,0.2635
325,734921,1.0,3.0,0.867
326,734921,1.0,3.0,0.6705
327,734921,1.0,3.0,1.0050000000000001
328,734921,1.0,3.0,0.7565000000000001
329,734921,1.0,3.0,0.47400000000000003
330,734921,1.0,3.0,0.4295
331,734921,1.0,3.0,0.7665000000000001
332,734921,1.0,3.0,0.6815
333,734921,1.0,3.0,0.526
334,734921,1.0,3.0,0.9085
335,734921,1.0,3.0,0.648
336,734921,1.0,3.0,0.5675
337,734921,1.0,3.0,0.4615
338,734921,1.0,3.0,1.286
339,734921,1.0,3.0,0.377
340,734921,1.0,3.0,0.452
341,734921,1.0,3.0,1.1925000000000001
342,734921,1.0,3.0,1.7325
343,734921,1.0,3.0,0.5415
344,734921,1.0,3.0,1.174
345,734921,1.0,3.0,1.0495
346,734921,1.0,3.0,0.40750000000000003
347,734921,1.0,3.0,0.384
348,734921,1.0,3.0,0.9515
349,734921,1.0,3.0,1.089
350,734921,1.0,3.0,1.1405
351,734921,1.0,3.0,0.932
352,734921,1.0,3.0,1.121
353,734921,1.0,3.0,0.5345
354,734921,1.0,3.0,0.8125
355,734921,1.0,3.0,0.589
356,734921,1.0,3.0,0.4975
357,734921,1.0,3.0,0.871
358,734921,1.0,3.0,0.872
359,734921,1.0,3.0,0.676
360,734921,1.0,3.0,0.985
361,734921,1.0,3.0,1.1945000000000001
362,734921,1.0,3.0,0.987
363,734921,1.0,3.0,0.773
364,734921,1.0,3.0,0.509
365,734921,1.0,3.0,0.4175
366,734921,1.0,3.0,0.709
367,734921,1.0,3.0,0.812
368,734921,1.0,3.0,3.603
369,734921,1.0,3.0,0.9885
370,734921,1.0,3.0,0.9795
371,734921,1.0,3.0,0.84
372,734921,1.0,3.0,1.3175000000000001
373,734921,1.0,3.0,0.299
374,734921,1.0,3.0,0.232
375,734921,1.0,3.0,0.6825
376,734921,1.0,3.0,0.5215
377,734921,1.0,3.0,1.685
378,734921,1.0,3.0,0.577
379,734921,1.0,3.0,0.2925
380,734921,1.0,3.0,0.9395
381,734921,1.0,3.0,0.9935
382,734921,1.0,3.0,1.046
383,734921,1.0,3.0,0.35050000000000003
384,734921,1.0,3.0,0.8150000000000001
385,734921,1.0,3.0,0.8725
386,734921,1.0,3.0,0.5125
387,734921,1.0,3.0,0.9480000000000001
388,734921,1.0,3.0,0.55
389,734921,1.0,3.0,1.374
390,734921,1.0,3.0,0.484
391,734921,1.0,3.0,0.905
392,734921,1.0,3.0,0.311
393,734921,1.0,3.0,0.47300000000000003
394,734921,1.0,3.0,0.62
395,734921,1.0,3.0,0.7785
396,734921,1.0,3.0,0.579
397,734921,1.0,3.0,0.584
398,734921,1.0,3.0,0.964
399,734921,1.0,3.0,1.3345
400,734921,1.0,3.0,1.09
401,734921,1.0,3.0,0.6335000000000001
402,734921,1.0,3.0,0.682
403,734921,1.0,3.0,0.7955
404,734921,1.0,3.0,0.333
405,734921,1.0,3.0,1.1135
406,734921,1.0,3.0,1.579
407,734921,1.0,3.0,0.6435
408,734921,1.0,3.0,1.2365
409,734921,1.0,3.0,0.6975
410,734921,1.0,3.0,0.7035
411,734921,1.0,3.0,0.5305
412,734921,1.0,3.0,1.7575
413,734921,1.0,3.0,0.4805
414,734921,1.0,3.0,0.5865
415,734921,1.0,3.0,1.01
416,734921,1.0,3.0,1.6495
417,734921,1.0,3.0,0.901
418,734921,1.0,3.0,1.036
419,734921,1.0,3.0,0.909
420,734921,1.0,3.0,0.7085
421,734921,1.0,3.0,0.5055000000000001
422,734921,1.0,3.0,0.5515
423,734921,1.0,3.0,0.47350000000000003
424,734921,1.0,3.0,0.516
425,734921,1.0,3.0,0.34850000000000003
426,734921,1.0,3.0,0.9585
427,734921,1.0,3.0,0.8055
428,734921,1.0,3.0,0.642
429,734921,1.0,3.0,0.841
430,734921,1.0,3.0,0.3705
431,734921,1.0,3.0,0.426
432,734921,1.0,3.0,0.866
433,734921,1.0,3.0,0.359
434,734921,1.0,3.0,0.396
435,734921,1.0,3.0,1.8415000000000001
436,734921,1.0,3.0,0.9355
437,734921,1.0,3.0,1.3685
438,734921,1.0,3.0,0.47400000000000003
439,734921,1.0,3.0,0.6125
440,734921,1.0,3.0,0.513
441,734921,1.0,3.0,0.7035
442,734921,1.0,3.0,1.056
443,734921,1.0,3.0,1.3095
444,734921,1.0,3.0,0.974
445,734921,1.0,3.0,0.6805
446,734921,1.0,3.0,0.6115
447,734921,1.0,3.0,0.6005
448,734921,1.0,3.0,0.32
449,734921,1.0,3.0,0.7825
450,734921,1.0,3.0,0.868
451,734921,1.0,3.0,0.304
452,734921,1.0,3.0,0.678
453,734921,1.0,3.0,0.5555
454,734921,1.0,3.0,0.8295
455,734921,1.0,3.0,0.419
456,734921,1.0,3.0,1.1915
457,734921,1.0,3.0,1.073
458,734921,1.0,3.0,1.6085
459,734921,1.0,3.0,0.806
460,734921,1.0,3.0,0.9815
461,734921,1.0,3.0,0.615
462,734921,1.0,3.0,0.4465
463,734921,1.0,3.0,0.5525
464,734921,1.0,3.0,0.511
465,734921,1.0,3.0,0.9795
466,734921,1.0,3.0,0.40800000000000003
467,734921,1.0,3.0,0.8925000000000001
468,734921,1.0,3.0,0.401
469,734921,1.0,3.0,0.999
470,734921,1.0,3.0,0.5895
471,734921,1.0,3.0,1.053
472,734921,1.0,3.0,1.731
473,734921,1.0,3.0,0.23900000000000002
474,734921,1.0,3.0,1.483
475,734921,1.0,3.0,0.47050000000000003
476,734921,1.0,3.0,0.7020000000000001
477,734921,1.0,3.0,0.386
478,734921,1.0,3.0,0.5925
479,734921,1.0,3.0,1.0595
480,734921,1.0,3.0,0.397
481,734921,1.0,3.0,2.2955
482,734921,1.0,3.0,0.9585
483,734921,1.0,3.0,0.31
484,734921,1.0,3.0,0.388
485,734921,1.0,3.0,0.6855
486,734921,1.0,3.0,3.5945
487,734921,1.0,3.0,1.0315
488,734921,1.0,3.0,0.6975
489,734921,1.0,3.0,1.9035
490,734921,1.0,3.0,0.327
491,734921,1.0,3.0,0.47500000000000003
492,734921,1.0,3.0,1.02
493,734921,1.0,3.0,1.0275
494,734921,1.0,3.0,1.9915
495,734921,1.0,3.0,0.7565000000000001
496,734921,1.0,3.0,0.5965
497,734921,1.0,3.0,0.8210000000000001
498,734921,1.0,3.0,0.374
499,734921,1.0,3.0,0.712
500,734921,1.0,3.0,2.076
501,734921,1.0,3.0,0.858
502,734921,1.0,3.0,1.464
503,734921,1.0,3.0,0.6795
504,734921,1.0,3.0,0.47350000000000003
505,734921,1.0,3.0,0.918
506,734921,1.0,3.0,0.6995
507,734921,1.0,3.0,1.309
508,734921,1.0,3.0,0.28150000000000003
509,734921,1.0,3.0,0.275
510,734921,1.0,3.0,0.604
511,734921,1.0,3.0,0.8200000000000001
512,734921,1.0,3.0,0.708
513,734921,1.0,3.0,0.763
514,734921,1.0,3.0,0.8565
515,734921,1.0,3.0,1.4535
516,734921,1.0,3.0,0.6405
517,734921,1.0,3.0,0.2445
518,734921,1.0,3.0,1.704
519,734921,1.0,3.0,0.753
520,734921,1.0,3.0,0.8975
521,734921,1.0,3.0,0.711
522,734921,1.0,3.0,0.4485
523,734921,1.0,3.0,0.28450000000000003
524,734921,1.0,3.0,1.2610000000000001
525,734921,1.0,3.0,0.513
526,734921,1.0,3.0,0.9425
527,734921,1.0,3.0,1.821
528,734921,1.0,3.0,0.41200000000000003
529,734921,1.0,3.0,0.222
530,734921,1.0,3.0,0.434
531,734921,1.0,3.0,0.8055
532,734921,1.0,3.0,0.631
533,734921,1.0,3.0,2.141
534,734921,1.0,3.0,1.2355
535,734921,1.0,3.0,0.742
536,734921,1.0,3.0,0.302
537,734921,1.0,3.0,0.487
538,734921,1.0,3.0,0.378
539,734921,1.0,3.0,0.291
540,734921,1.0,3.0,1.278
541,734921,1.0,3.0,1.025
542,734921,1.0,3.0,0.7415
543,734921,1.0,3.0,0.835
544,734921,1.0,3.0,0.8225
545,734921,1.0,3.0,0.47100000000000003
546,734921,1.0,3.0,0.524
547,734921,1.0,3.0,0.484
548,734921,1.0,3.0,0.7485
549,734921,1.0,3.0,0.538
550,734921,1.0,3.0,0.538
551,734921,1.0,3.0,0.6535
552,734921,1.0,3.0,1.0645
553,734921,1.0,3.0,0.674
554,734921,1.0,3.0,0.8300000000000001
555,734921,1.0,3.0,0.766
556,734921,1.0,3.0,1.192
557,734921,1.0,3.0,0.686
558,734921,1.0,3.0,0.7465
559,734921,1.0,3.0,0.3185
560,734921,1.0,3.0,0.791
561,734921,1.0,3.0,0.74
562,734921,1.0,3.0,0.3635
563,734921,1.0,3.0,0.187
564,734921,1.0,3.0,1.5965
565,734921,1.0,3.0,1.089
566,734921,1.0,3.0,0.984
567,734921,1.0,3.0,1.41
568,734921,1.0,3.0,2.236
569,734921,1.0,3.0,0.8725
570,734921,1.0,3.0,0.5845
571,734921,1.0,3.0,1.0115
572,734921,1.0,3.0,0.45
573,734921,1.0,3.0,1.7915
574,734921,1.0,3.0,0.5915
575,734921,1.0,3.0,0.6985
576,734921,1.0,3.0,0.7495
577,734921,1.0,3.0,0.932
578,734921,1.0,3.0,0.4985
579,734921,1.0,3.0,1.111
580,734921,1.0,3.0,0.869
581,734921,1.0,3.0,0.5525
582,734921,1.0,3.0,0.7155
583,734921,1.0,3.0,1.037
584,734921,1.0,3.0,0.554
585,734921,1.0,3.0,0.4675
586,734921,1.0,3.0,0.578
587,734921,1.0,3.0,1.335
588,734921,1.0,3.0,1.034
589,734921,1.0,3.0,0.355
590,734921,1.0,3.0,0.4165
591,734921,1.0,3.0,0.9665
592,734921,1.0,3.0,0.851
593,734921,1.0,3.0,0.9085
594,734921,1.0,3.0,0.723
595,734921,1.0,3.0,0.682
596,734921,1.0,3.0,0.5725
597,734921,1.0,3.0,1.576
598,734921,1.0,3.0,0.8945000000000001
599,734921,1.0,3.0,0.3575
600,734921,1.0,3.0,1.6545
601,734921,1.0,3.0,0.936
602,734921,1.0,3.0,0.662
603,734921,1.0,3.0,0.552
604,734921,1.0,3.0,0.627
605,734921,1.0,3.0,1.0845
606,734921,1.0,3.0,0.786
607,734921,1.0,3.0,0.47050000000000003
608,734921,1.0,3.0,0.325
609,734921,1.0,3.0,0.544
610,734921,1.0,3.0,0.782
611,734921,1.0,3.0,0.638
612,734921,1.0,3.0,1.029
613,734921,1.0,3.0,0.3265
614,734921,1.0,3.0,0.648
615,734921,1.0,3.0,0.4045
616,734921,1.0,3.0,0.769
617,734921,1.0,3.0,0.555
618,734921,1.0,3.0,0.7905
619,734921,1.0,3.0,0.838
620,734921,1.0,3.0,0.371
621,734921,1.0,3.0,0.6265000000000001
622,734921,1.0,3.0,0.5545
623,734921,1.0,3.0,1.602
624,734921,1.0,3.0,2.0655
625,734921,1.0,3.0,0.4335
626,734921,1.0,3.0,0.3125
627,734921,1.0,3.0,0.705
628,734921,1.0,3.0,1.5385
629,734921,1.0,3.0,0.40950000000000003
630,734921,1.0,3.0,0.5555
631,734921,1.0,3.0,0.6970000000000001
632,734921,1.0,3.0,0.707
633,734921,1.0,3.0,1.7335
634,734921,1.0,3.0,0.5655
635,734921,1.0,3.0,1.5335
636,734921,1.0,3.0,1.0665
637,734921,1.0,3.0,0.7045
638,734921,1.0,3.0,1.308
639,734921,1.0,3.0,0.7015
640,734921,1.0,3.0,1.35
641,734921,1.0,3.0,0.3065
642,734921,1.0,3.0,0.486
643,734921,1.0,3.0,0.3925
644,734921,1.0,3.0,0.7695
645,734921,1.0,3.0,0.6465
646,734921,1.0,3.0,0.5935
647,734921,1.0,3.0,1.4875
648,734921,1.0,3.0,0.331
649,734921,1.0,3.0,0.362
650,734921,1.0,3.0,0.339
651,734921,1.0,3.0,0.4345
652,734921,1.0,3.0,3.3705000000000003
653,734921,1.0,3.0,0.79
654,734921,1.0,3.0,0.641
655,734921,1.0,3.0,0.6445
656,734921,1.0,3.0,0.8140000000000001
657,734921,1.0,3.0,0.854
658,734921,1.0,3.0,0.2135
659,734921,1.0,3.0,0.795
660,734921,1.0,3.0,0.531
661,734921,1.0,3.0,0.41050000000000003
662,734921,1.0,3.0,1.724
663,734921,1.0,3.0,0.9795
664,734921,1.0,3.0,0.249
665,734921,1.0,3.0,1.296
666,734921,1.0,3.0,0.6980000000000001
667,734921,1.0,3.0,0.47300000000000003
668,734921,1.0,3.0,1.1185
669,734921,1.0,3.0,1.3665
670,734921,1.0,3.0,0.3615
671,734921,1.0,3.0,0.338
672,734921,1.0,3.0,0.3395
673,734921,1.0,3.0,0.8145
674,734921,1.0,3.0,0.7985
675,734921,1.0,3.0,0.8210000000000001
676,734921,1.0,3.0,0.6825
677,734921,1.0,3.0,1.284
678,734921,1.0,3.0,1.1655
679,734921,1.0,3.0,0.5395
680,734921,1.0,3.0,1.082
681,734921,1.0,3.0,0.25
682,734921,1.0,3.0,0.805
683,734921,1.0,3.0,0.223
684,734921,1.0,3.0,1.8815
685,734921,1.0,3.0,1.1835
686,734921,1.0,3.0,1.5210000000000001
687,734921,1.0,3.0,0.9235
688,734921,1.0,3.0,0.5675
689,734921,1.0,3.0,0.4365
690,734921,1.0,3.0,0.8260000000000001
691,734921,1.0,3.0,0.53
692,734921,1.0,3.0,0.3305
693,734921,1.0,3.0,0.9845
694,734921,1.0,3.0,0.8190000000000001
695,734921,1.0,3.0,0.676
696,734921,1.0,3.0,0.8220000000000001
697,734921,1.0,3.0,0.303
698,734921,1.0,3.0,0.7275
699,734921,1.0,3.0,0.5720000000000001
700,734921,1.0,3.0,0.3365
701,734921,1.0,3.0,1.4455
702,734921,1.0,3.0,0.78
703,734921,1.0,3.0,0.538
704,734921,1.0,3.0,0.8415
705,734921,1.0,3.0,0.8895000000000001
706,734921,1.0,3.0,0.509
707,734921,1.0,3.0,0.5045000000000001
708,734921,1.0,3.0,0.6855
709,734921,1.0,3.0,0.7035
710,734921,1.0,3.0,1.7590000000000001
711,734921,1.0,3.0,0.435
712,734921,1.0,3.0,0.2945
713,734921,1.0,3.0,0.9745
714,734921,1.0,3.0,2.283
715,734921,1.0,3.0,0.9505
716,734921,1.0,3.0,0.788
717,734921,1.0,3.0,0.49
718,734921,1.0,3.0,0.548
719,734921,1.0,3.0,0.9430000000000001
720,734921,1.0,3.0,0.916
721,734921,1.0,3.0,1.185
722,734921,1.0,3.0,0.6325000000000001
723,734921,1.0,3.0,0.434
724,734921,1.0,3.0,0.6485
725,734921,1.0,3.0,0.428
726,734921,1.0,3.0,0.2975
727,734921,1.0,3.0,0.28550000000000003
728,734921,1.0,3.0,0.484
729,734921,1.0,3.0,1.5495
730,734921,1.0,3.0,0.9905
731,734921,1.0,3.0,0.9895
732,734921,1.0,3.0,0.9745
733,734921,1.0,3.0,0.583
734,734921,1.0,3.0,0.449
735,734921,1.0,3.0,0.7745
736,734921,1.0,3.0,0.6935
737,734921,1.0,3.0,0.3995
738,734921,1.0,3.0,0.3885
739,734921,1.0,3.0,1.3745
740,734921,1.0,3.0,0.279
741,734921,1.0,3.0,0.383
742,734921,1.0,3.0,1.474
743,734921,1.0,3.0,0.524
744,734921,1.0,3.0,2.164
745,734921,1.0,3.0,0.8755000000000001
746,734921,1.0,3.0,1.0835000000000001
747,734921,1.0,3.0,0.7995
748,734921,1.0,3.0,0.6855
749,734921,1.0,3.0,0.6
750,734921,1.0,3.0,0.6625
751,734921,1.0,3.0,0.791
752,734921,1.0,3.0,0.984
753,734921,1.0,3.0,0.7165
754,734921,1.0,3.0,1.0545
755,734921,1.0,3.0,0.804
756,734921,1.0,3.0,0.727
757,734921,1.0,3.0,1.285
758,734921,1.0,3.0,1.994
759,734921,1.0,3.0,0.5065000000000001
760,734921,1.0,3.0,0.8435
761,734921,1.0,3.0,0.6355000000000001
762,734921,1.0,3.0,0.5895
763,734921,1.0,3.0,1.7455
764,734921,1.0,3.0,2.0485
765,734921,1.0,3.0,0.855
766,734921,1.0,3.0,0.61
767,734921,1.0,3.0,0.386
768,734921,1.0,3.0,0.3855
769,734921,1.0,3.0,0.928
770,734921,1.0,3.0,0.5135
771,734921,1.0,3.0,2.2835
772,734921,1.0,3.0,0.72
773,734921,1.0,3.0,1.567
774,734921,1.0,3.0,0.394
775,734921,1.0,3.0,1.1845
776,734921,1.0,3.0,0.3325
777,734921,1.0,3.0,0.5005000000000001
778,734921,1.0,3.0,1.115
779,734921,1.0,3.0,1.1365
780,734921,1.0,3.0,0.8655
781,734921,1.0,3.0,0.6805
782,734921,1.0,3.0,0.4565
783,734921,1.0,3.0,2.6055
784,734921,1.0,3.0,0.47900000000000004
785,734921,1.0,3.0,0.7635000000000001
786,734921,1.0,3.0,0.3945
787,734921,1.0,3.0,0.5555
788,734921,1.0,3.0,1.117
789,734921,1.0,3.0,0.8395
790,734921,1.0,3.0,0.7020000000000001
791,734921,1.0,3.0,1.1035
792,734921,1.0,3.0,1.4905
793,734921,1.0,3.0,0.7235
794,734921,1.0,3.0,0.922
795,734921,1.0,3.0,0.4645
796,734921,1.0,3.0,1.0865
797,734921,1.0,3.0,0.47100000000000003
798,734921,1.0,3.0,0.787
799,734921,1.0,3.0,0.705
800,734921,1.0,3.0,0.617
801,734921,1.0,3.0,0.34850000000000003
802,734921,1.0,3.0,0.444
803,734921,1.0,3.0,0.8545
804,734921,1.0,3.0,0.4395
805,734921,1.0,3.0,0.758
806,734921,1.0,3.0,0.4355
807,734921,1.0,3.0,0.8475
808,734921,1.0,3.0,1.0845
809,734921,1.0,3.0,0.6215
810,734921,1.0,3.0,1.133
811,734921,1.0,3.0,0.6920000000000001
812,734921,1.0,3.0,0.3695
813,734921,1.0,3.0,0.656
814,734921,1.0,3.0,0.532
815,734921,1.0,3.0,1.073
816,734921,1.0,3.0,1.0305
817,734921,1.0,3.0,0.559
818,734921,1.0,3.0,0.649
819,734921,1.0,3.0,0.549
820,734921,1.0,3.0,0.4625
821,734921,1.0,3.0,1.356
822,734921,1.0,3.0,0.47750000000000004
823,734921,1.0,3.0,1.344
824,734921,1.0,3.0,0.745
825,734921,1.0,3.0,0.668
826,734921,1.0,3.0,0.735
827,734921,1.0,3.0,1.1165
828,734921,1.0,3.0,0.8415
829,734921,1.0,3.0,0.681
830,734921,1.0,3.0,1.624
831,734921,1.0,3.0,0.442
832,734921,1.0,3.0,0.25
833,734921,1.0,3.0,0.5750000000000001
834,734921,1.0,3.0,0.6305000000000001
835,734921,1.0,3.0,0.669
836,734921,1.0,3.0,0.2995
837,734921,1.0,3.0,0.604
838,734921,1.0,3.0,1.0745
839,734921,1.0,3.0,0.8035
840,734921,1.0,3.0,0.47050000000000003
841,734921,1.0,3.0,0.4565
842,734921,1.0,3.0,0.8255
843,734921,1.0,3.0,0.526
844,734921,1.0,3.0,1.2655
845,734921,1.0,3.0,1.064
846,734921,1.0,3.0,1.0335
847,734921,1.0,3.0,0.4295
848,734921,1.0,3.0,0.536
849,734921,1.0,3.0,0.52
850,734921,1.0,3.0,0.8250000000000001
851,734921,1.0,3.0,0.514
852,734921,1.0,3.0,0.771
853,734921,1.0,3.0,0.753
854,734921,1.0,3.0,0.338
855,734921,1.0,3.0,0.3725
856,734921,1.0,3.0,0.3305
857,734921,1.0,3.0,0.47150000000000003
858,734921,1.0,3.0,1.022
859,734921,1.0,3.0,0.6655
860,734921,1.0,3.0,0.7395
861,734921,1.0,3.0,2.0215
862,734921,1.0,3.0,1.026
863,734921,1.0,3.0,0.4025
864,734921,1.0,3.0,0.2085
865,734921,1.0,3.0,0.441
866,734921,1.0,3.0,1.2775
867,734921,1.0,3.0,0.898
868,734921,1.0,3.0,0.5745
869,734921,1.0,3.0,0.4555
870,734921,1.0,3.0,0.6325000000000001
871,734921,1.0,3.0,0.9135
872,734921,1.0,3.0,1.0445
873,734921,1.0,3.0,0.5355
874,734921,1.0,3.0,0.336
875,734921,1.0,3.0,0.738
876,734921,1.0,3.0,0.419
877,734921,1.0,3.0,0.8180000000000001
878,734921,1.0,3.0,0.612
879,734921,1.0,3.0,0.4605
880,734921,1.0,3.0,0.496
881,734921,1.0,3.0,0.5755
882,734921,1.0,3.0,0.383
883,734921,1.0,3.0,0.6900000000000001
884,734921,1.0,3.0,1.5095
885,734921,1.0,3.0,0.529
886,734921,1.0,3.0,0.8115
887,734921,1.0,3.0,0.894
888,734921,1.0,3.0,1.2085000000000001
889,734921,1.0,3.0,0.4295
890,734921,1.0,3.0,0.253
891,734921,1.0,3.0,1.2435
892,734921,1.0,3.0,0.6895
893,734921,1.0,3.0,0.7955
894,734921,1.0,3.0,0.768
895,734921,1.0,3.0,0.9420000000000001
896,734921,1.0,3.0,0.934
897,734921,1.0,3.0,0.5085000000000001
898,734921,1.0,3.0,0.8805000000000001
899,734921,1.0,3.0,1.869
900,734921,1.0,3.0,0.9145
901,734921,1.0,3.0,3.7155
902,734921,1.0,3.0,0.586
903,734921,1.0,3.0,1.2015
904,734921,1.0,3.0,1.411
905,734921,1.0,3.0,1.159
906,734921,1.0,3.0,0.553
907,734921,1.0,3.0,1.4445000000000001
908,734921,1.0,3.0,0.436
909,734921,1.0,3.0,0.4835
910,734921,1.0,3.0,0.91
911,734921,1.0,3.0,0.7795
912,734921,1.0,3.0,0.8205
913,734921,1.0,3.0,0.436
914,734921,1.0,3.0,0.898
915,734921,1.0,3.0,0.5655
916,734921,1.0,3.0,0.9405
917,734921,1.0,3.0,0.639
918,734921,1.0,3.0,0.34600000000000003
919,734921,1.0,3.0,0.974
920,734921,1.0,3.0,0.6235
921,734921,1.0,3.0,0.291
922,734921,1.0,3.0,0.7325
923,734921,1.0,3.0,0.769
924,734921,1.0,3.0,0.8295
925,734921,1.0,3.0,0.46950000000000003
926,734921,1.0,3.0,1.1995
927,734921,1.0,3.0,1.127
928,734921,1.0,3.0,0.34600000000000003
929,734921,1.0,3.0,0.839
930,734921,1.0,3.0,1.0025
931,734921,1.0,3.0,0.9105
932,734921,1.0,3.0,0.8645
933,734921,1.0,3.0,1.4685000000000001
934,734921,1.0,3.0,0.323
935,734921,1.0,3.0,0.3865
936,734921,1.0,3.0,1.318
937,734921,1.0,3.0,0.7915
938,734921,1.0,3.0,0.653
939,734921,1.0,3.0,1.0475
940,734921,1.0,3.0,1.2185
941,734921,1.0,3.0,0.504
942,734921,1.0,3.0,0.2915
943,734921,1.0,3.0,0.4565
944,734921,1.0,3.0,0.3895
945,734921,1.0,3.0,0.9255
946,734921,1.0,3.0,0.5325
947,734921,1.0,3.0,1.5785
948,734921,1.0,3.0,0.5395
949,734921,1.0,3.0,0.532
950,734921,1.0,3.0,1.0070000000000001
951,734921,1.0,3.0,0.783
952,734921,1.0,3.0,2.0145
953,734921,1.0,3.0,0.661
954,734921,1.0,3.0,0.6925
955,734921,1.0,3.0,0.3875
956,734921,1.0,3.0,1.074
957,734921,1.0,3.0,0.484
958,734921,1.0,3.0,1.175
959,734921,1.0,3.0,0.291
960,734921,1.0,3.0,0.4635
961,734921,1.0,3.0,0.9265
962,734921,1.0,3.0,1.207
963,734921,1.0,3.0,0.711
964,734921,1.0,3.0,0.834
965,734921,1.0,3.0,0.631
966,734921,1.0,3.0,0.598
967,734921,1.0,3.0,0.9235
968,734921,1.0,3.0,0.8075
969,734921,1.0,3.0,0.7235
970,734921,1.0,3.0,0.6325000000000001
971,734921,1.0,3.0,0.544
972,734921,1.0,3.0,0.5125
973,734921,1.0,3.0,1.433
974,734921,1.0,3.0,1.393
975,734921,1.0,3.0,0.972
976,734921,1.0,3.0,0.8765000000000001
977,734921,1.0,3.0,0.6385000000000001
978,734921,1.0,3.0,0.7965
979,734921,1.0,3.0,1.1275
980,734921,1.0,3.0,0.984
981,734921,1.0,3.0,0.628
982,734921,1.0,3.0,1.0135
983,734921,1.0,3.0,0.708
984,734921,1.0,3.0,0.2775
985,734921,1.0,3.0,0.6125
986,734921,1.0,3.0,1.4040000000000001
987,734921,1.0,3.0,0.6920000000000001
988,734921,1.0,3.0,1.5235
989,734921,1.0,3.0,0.716
990,734921,1.0,3.0,0.2685
991,734921,1.0,3.0,0.23600000000000002
992,734921,1.0,3.0,1.4755
993,734921,1.0,3.0,0.677
994,734921,1.0,3.0,0.41300000000000003
995,734921,1.0,3.0,1.123
996,734921,1.0,3.0,0.517
997,734921,1.0,3.0,0.337
998,734921,1.0,3.0,0.9785
999,734921,1.0,3.0,0.6445
1000,734921,1.0,3.0,0.3865
1001,734921,1.0,3.0,0.846
1002,734921,1.0,3.0,0.6785
1003,734921,1.0,3.0,1.2705
1004,734921,1.0,3.0,1.2945
1005,734921,1.0,3.0,1.0315
1006,734921,1.0,3.0,0.524
1007,734921,1.0,3.0,1.073
1008,734921,1.0,3.0,0.7325
1009,734921,1.0,3.0,0.645
1010,734921,1.0,3.0,0.845
1011,734921,1.0,3.0,1.101
1012,734921,1.0,3.0,0.5975
1013,734921,1.0,3.0,0.9590000000000001
1014,734921,1.0,3.0,0.9625
1015,734921,1.0,3.0,0.577
1016,734921,1.0,3.0,0.2665
1017,734921,1.0,3.0,0.39
1018,734921,1.0,3.0,0.9605
1019,734921,1.0,3.0,1.5605
1020,734921,1.0,3.0,0.927
1021,734921,1.0,3.0,1.8685
1022,734921,1.0,3.0,2.3095
1023,734921,1.0,3.0,0.7115
1024,734921,1.0,3.0,0.4035
1025,734921,1.0,3.0,0.993
1026,734921,1.0,3.0,0.3325
1027,734921,1.0,3.0,0.538
1028,734921,1.0,3.0,0.8855000000000001
1029,734921,1.0,3.0,0.622
1030,734921,1.0,3.0,1.014
1031,734921,1.0,3.0,0.369
1032,734921,1.0,3.0,1.25
1033,734921,1.0,3.0,0.657
1034,734921,1.0,3.0,1.6
1035,734921,1.0,3.0,0.8335
1036,734921,1.0,3.0,0.7895
1037,734921,1.0,3.0,0.9560000000000001
1038,734921,1.0,3.0,0.7435
1039,734921,1.0,3.0,0.3195
1040,734921,1.0,3.0,1.0165
1041,734921,1.0,3.0,0.596
1042,734921,1.0,3.0,0.9105
1043,734921,1.0,3.0,0.585
1044,734921,1.0,3.0,1.03
1045,734921,1.0,3.0,0.765
1046,734921,1.0,3.0,0.626
1047,734921,1.0,3.0,0.5345
1048,734921,1.0,3.0,1.2685
1049,734921,1.0,3.0,0.5710000000000001
1050,734921,1.0,3.0,0.8315
1051,734921,1.0,3.0,0.47000000000000003
1052,734921,1.0,3.0,1.574
1053,734921,1.0,3.0,0.435
1054,734921,1.0,3.0,0.5655
1055,734921,1.0,3.0,0.359
1056,734921,1.0,3.0,1.176
1057,734921,1.0,3.0,0.501
1058,734921,1.0,3.0,0.2295
1059,734921,1.0,3.0,1.1420000000000001
1060,734921,1.0,3.0,0.369
1061,734921,1.0,3.0,2.166
1062,734921,1.0,3.0,0.635
1063,734921,1.0,3.0,0.6255000000000001
1064,734921,1.0,3.0,0.3895
1065,734921,1.0,3.0,0.7765
1066,734921,1.0,3.0,1.101
1067,734921,1.0,3.0,0.595
1068,734921,1.0,3.0,0.48
1069,734921,1.0,3.0,0.5795
1070,734921,1.0,3.0,0.845
1071,734921,1.0,3.0,0.7475
1072,734921,1.0,3.0,1.2485
1073,734921,1.0,3.0,0.524
1074,734921,1.0,3.0,0.6155
1075,734921,1.0,3.0,0.598
1076,734921,1.0,3.0,0.47750000000000004
1077,734921,1.0,3.0,0.9695
1078,734921,1.0,3.0,0.8160000000000001
1079,734921,1.0,3.0,1.059
1080,734921,1.0,3.0,1.035
1081,734921,1.0,3.0,0.28600000000000003
1082,734921,1.0,3.0,0.3235
1083,734921,1.0,3.0,0.6890000000000001
1084,734921,1.0,3.0,0.8785000000000001
1085,734921,1.0,3.0,0.531
1086,734921,1.0,3.0,0.964
1087,734921,1.0,3.0,0.9195
1088,734921,1.0,3.0,2.8095
1089,734921,1.0,3.0,0.7035
1090,734921,1.0,3.0,2.2840000000000003
1091,734921,1.0,3.0,0.34450000000000003
1092,734921,1.0,3.0,0.653
1093,734921,1.0,3.0,0.579
1094,734921,1.0,3.0,1.4485000000000001
1095,734921,1.0,3.0,1.236
1096,734921,1.0,3.0,0.8895000000000001
1097,734921,1.0,3.0,0.636
1098,734921,1.0,3.0,0.307
1099,734921,1.0,3.0,0.796
1100,734921,1.0,3.0,0.8955000000000001
1101,734921,1.0,3.0,0.6685
1102,734921,1.0,3.0,0.6415
1103,734921,1.0,3.0,0.553
1104,734921,1.0,3.0,0.644
1105,734921,1.0,3.0,0.7945
1106,734921,1.0,3.0,1.104
1107,734921,1.0,3.0,0.4955
1108,734921,1.0,3.0,0.4485
1109,734921,1.0,3.0,1.264
1110,734921,1.0,3.0,0.5335
1111,734921,1.0,3.0,0.6015
1112,734921,1.0,3.0,0.6225
1113,734921,1.0,3.0,0.5750000000000001
1114,734921,1.0,3.0,0.9510000000000001
1115,734921,1.0,3.0,0.40850000000000003
1116,734921,1.0,3.0,1.334
1117,734921,1.0,3.0,1.4505000000000001
1118,734921,1.0,3.0,0.7285
1119,734921,1.0,3.0,0.6265000000000001
1120,734921,1.0,3.0,0.3525
1121,734921,1.0,3.0,0.5405
1122,734921,1.0,3.0,0.89
1123,734921,1.0,3.0,0.9405
1124,734921,1.0,3.0,1.9225
1125,734921,1.0,3.0,0.5785
1126,734921,1.0,3.0,1.0855000000000001
1127,734921,1.0,3.0,1.4055
1128,734921,1.0,3.0,0.962
1129,734921,1.0,3.0,0.9635
1130,734921,1.0,3.0,0.635
1131,734921,1.0,3.0,0.338
1132,734921,1.0,3.0,0.46900000000000003
1133,734921,1.0,3.0,1.0515
1134,734921,1.0,3.0,1.1775
1135,734921,1.0,3.0,0.7095
1136,734921,1.0,3.0,0.869
1137,734921,1.0,3.0,0.3965
1138,734921,1.0,3.0,1.3625
1139,734921,1.0,3.0,0.766
1140,734921,1.0,3.0,1.2545
1141,734921,1.0,3.0,1.3895
1142,734921,1.0,3.0,1.387
1143,734921,1.0,3.0,0.998
1144,734921,1.0,3.0,1.3945
1145,734921,1.0,3.0,1.1715
1146,734921,1.0,3.0,0.8445
1147,734921,1.0,3.0,0.8170000000000001
1148,734921,1.0,3.0,1.4235
1149,734921,1.0,3.0,0.792
1150,734921,1.0,3.0,0.981
1151,734921,1.0,3.0,0.2455
1152,734921,1.0,3.0,1.047
1153,734921,1.0,3.0,0.7375
1154,734921,1.0,3.0,0.28400000000000003
1155,734921,1.0,3.0,2.105
1156,734921,1.0,3.0,0.5745
1157,734921,1.0,3.0,0.305
1158,734921,1.0,3.0,1.4645000000000001
1159,734921,1.0,3.0,0.9115
1160,734921,1.0,3.0,0.5245
1161,734921,1.0,3.0,0.598
1162,734921,1.0,3.0,1.43
1163,734921,1.0,3.0,0.8345
1164,734921,1.0,3.0,0.489
1165,734921,1.0,3.0,1.7830000000000001
1166,734921,1.0,3.0,0.9595
1167,734921,1.0,3.0,0.763
1168,734921,1.0,3.0,1.612
1169,734921,1.0,3.0,0.8645
1170,734921,1.0,3.0,1.9385000000000001
1171,734921,1.0,3.0,1.7565
1172,734921,1.0,3.0,0.7055
1173,734921,1.0,3.0,0.778
1174,734921,1.0,3.0,1.1165
1175,734921,1.0,3.0,0.527
1176,734921,1.0,3.0,1.28
1177,734921,1.0,3.0,0.931
1178,734921,1.0,3.0,0.7945
1179,734921,1.0,3.0,0.405
1180,734921,1.0,3.0,0.3655
1181,734921,1.0,3.0,1.498
1182,734921,1.0,3.0,2.192
1183,734921,1.0,3.0,0.40900000000000003
1184,734921,1.0,3.0,0.3655
1185,734921,1.0,3.0,0.9645
1186,734921,1.0,3.0,0.4035
1187,734921,1.0,3.0,0.5705
1188,734921,1.0,3.0,0.501
1189,734921,1.0,3.0,0.4895
1190,734921,1.0,3.0,0.545
1191,734921,1.0,3.0,0.849
1192,734921,1.0,3.0,0.4425
1193,734921,1.0,3.0,0.66
1194,734921,1.0,3.0,0.7725
1195,734921,1.0,3.0,0.9685
1196,734921,1.0,3.0,0.5985
1197,734921,1.0,3.0,1.0315
1198,734921,1.0,3.0,0.767
1199,734921,1.0,3.0,0.734
1200,734921,1.0,3.0,0.963
1201,734921,1.0,3.0,0.526
1202,734921,1.0,3.0,0.8785000000000001
1203,734921,1.0,3.0,0.517
1204,734921,1.0,3.0,0.879
1205,734921,1.0,3.0,1.3880000000000001
1206,734921,1.0,3.0,1.2465
1207,734921,1.0,3.0,0.9380000000000001
1208,734921,1.0,3.0,0.7815
1209,734921,1.0,3.0,1.186
1210,734921,1.0,3.0,0.853
1211,734921,1.0,3.0,1.9155
1212,734921,1.0,3.0,0.6095
1213,734921,1.0,3.0,0.5075000000000001
1214,734921,1.0,3.0,1.2515
1215,734921,1.0,3.0,0.743
1216,734921,1.0,3.0,0.4315
1217,734921,1.0,3.0,1.7690000000000001
1218,734921,1.0,3.0,2.354
1219,734921,1.0,3.0,0.192
1220,734921,1.0,3.0,1.101
1221,734921,1.0,3.0,1.5225
1222,734921,1.0,3.0,0.6395000000000001
1223,734921,1.0,3.0,0.756
1224,734921,1.0,3.0,0.5695
1225,734921,1.0,3.0,0.5055000000000001
1226,734921,1.0,3.0,0.2715
1227,734921,1.0,3.0,1.1345
1228,734921,1.0,3.0,0.5845
1229,734921,1.0,3.0,0.652
1230,734921,1.0,3.0,2.6755
1231,734921,1.0,3.0,0.5565
1232,734921,1.0,3.0,1.4255
1233,734921,1.0,3.0,0.7085
1234,734921,1.0,3.0,1.3535
1235,734921,1.0,3.0,1.068
1236,734921,1.0,3.0,0.912
1237,734921,1.0,3.0,0.6265000000000001
1238,734921,1.0,3.0,0.3755
1239,734921,1.0,3.0,0.964
1240,734921,1.0,3.0,0.404
1241,734921,1.0,3.0,0.6445
1242,734921,1.0,3.0,1.708
1243,734921,1.0,3.0,0.5545
1244,734921,1.0,3.0,0.2485
1245,734921,1.0,3.0,1.2825
1246,734921,1.0,3.0,0.716
1247,734921,1.0,3.0,1.682
1248,734921,1.0,3.0,0.4365
1249,734921,1.0,3.0,0.748
1250,734921,1.0,3.0,0.1815
1251,734921,1.0,3.0,0.8135
1252,734921,1.0,3.0,0.337
1253,734921,1.0,3.0,0.7905
1254,734921,1.0,3.0,1.561
1255,734921,1.0,3.0,1.3455
1256,734921,1.0,3.0,0.4225
1257,734921,1.0,3.0,1.416
1258,734921,1.0,3.0,1.0705
1259,734921,1.0,3.0,0.603
1260,734921,1.0,3.0,1.7015
1261,734921,1.0,3.0,0.449
1262,734921,1.0,3.0,0.6645
1263,734921,1.0,3.0,0.977
1264,734921,1.0,3.0,1.0215
1265,734921,1.0,3.0,1.407
1266,734921,1.0,3.0,2.0715
1267,734921,1.0,3.0,0.5750000000000001
1268,734921,1.0,3.0,1.0995
1269,734921,1.0,3.0,1.9745000000000001
1270,734921,1.0,3.0,0.8785000000000001
1271,734921,1.0,3.0,0.767
1272,734921,1.0,3.0,1.7375
1273,734921,1.0,3.0,0.429
1274,734921,1.0,3.0,0.846
1275,734921,1.0,3.0,1.129
1276,734921,1.0,3.0,0.9195
1277,734921,1.0,3.0,0.5895
1278,734921,1.0,3.0,0.5545
1279,734921,1.0,3.0,0.4845
1280,734921,1.0,3.0,1.246
1281,734921,1.0,3.0,0.5415
1282,734921,1.0,3.0,0.6970000000000001
1283,734921,1.0,3.0,0.4195
1284,734921,1.0,3.0,1.162
1285,734921,1.0,3.0,1.8965
1286,734921,1.0,3.0,0.6635
1287,734921,1.0,3.0,0.631
1288,734921,1.0,3.0,0.7545000000000001
1289,734921,1.0,3.0,1.339
1290,734921,1.0,3.0,1.4905
1291,734921,1.0,3.0,0.47850000000000004
1292,734921,1.0,3.0,0.4945
1293,734921,1.0,3.0,1.2710000000000001
1294,734921,1.0,3.0,1.3980000000000001
1295,734921,1.0,3.0,0.597
1296,734921,1.0,3.0,0.4285
1297,734921,1.0,3.0,1.2505
1298,734921,1.0,3.0,0.47500000000000003
1299,734921,1.0,3.0,0.631
1300,734921,1.0,3.0,1.268
1301,734921,1.0,3.0,1.4145
1302,734921,1.0,3.0,1.159
1303,734921,1.0,3.0,0.483
1304,734921,1.0,3.0,0.9315
1305,734921,1.0,3.0,1.0315
1306,734921,1.0,3.0,0.5345
1307,734921,1.0,3.0,1.0005
1308,734921,1.0,3.0,0.4365
1309,734921,1.0,3.0,0.9335
1310,734921,1.0,3.0,0.41050000000000003
1311,734921,1.0,3.0,0.7365
1312,734921,1.0,3.0,0.503
1313,734921,1.0,3.0,1.516
1314,734921,1.0,3.0,0.796
1315,734921,1.0,3.0,0.427
1316,734921,1.0,3.0,0.4045
1317,734921,1.0,3.0,0.657
1318,734921,1.0,3.0,0.8855000000000001
1319,734921,1.0,3.0,1.2650000000000001
1320,734921,1.0,3.0,0.662
1321,734921,1.0,3.0,1.047
1322,734921,1.0,3.0,0.6765
1323,734921,1.0,3.0,0.529
1324,734921,1.0,3.0,0.48
1325,734921,1.0,3.0,1.043
1326,734921,1.0,3.0,0.594
1327,734921,1.0,3.0,0.34750000000000003
1328,734921,1.0,3.0,0.548
1329,734921,1.0,3.0,0.9345
1330,734921,1.0,3.0,0.8245
1331,734921,1.0,3.0,1.1345
1332,734921,1.0,3.0,0.3825
1333,734921,1.0,3.0,1.334
1334,734921,1.0,3.0,1.018
1335,734921,1.0,3.0,1.1280000000000001
1336,734921,1.0,3.0,0.5690000000000001
1337,734921,1.0,3.0,1.481
1338,734921,1.0,3.0,0.531
1339,734921,1.0,3.0,0.546
1340,734921,1.0,3.0,0.8345
1341,734921,1.0,3.0,1.7865
1342,734921,1.0,3.0,0.5955
1343,734921,1.0,3.0,1.4365
1344,734921,1.0,3.0,0.4955
1345,734921,1.0,3.0,1.3265
1346,734921,1.0,3.0,0.3125
1347,734921,1.0,3.0,1.6075
1348,734921,1.0,3.0,0.7695
1349,734921,1.0,3.0,1.2375
1350,734921,1.0,3.0,0.889
1351,734921,1.0,3.0,0.8025
1352,734921,1.0,3.0,0.788
1353,734921,1.0,3.0,1.329
1354,734921,1.0,3.0,0.5605
1355,734921,1.0,3.0,0.307
1356,734921,1.0,3.0,1.467
1357,734921,1.0,3.0,0.561
1358,734921,1.0,3.0,0.47800000000000004
1359,734921,1.0,3.0,0.7615000000000001
1360,734921,1.0,3.0,0.6255000000000001
1361,734921,1.0,3.0,0.548
1362,734921,1.0,3.0,0.2905
1363,734921,1.0,3.0,0.8765000000000001
1364,734921,1.0,3.0,0.8555
1365,734921,1.0,3.0,0.757
1366,734921,1.0,3.0,0.7445
1367,734921,1.0,3.0,1.03
1368,734921,1.0,3.0,0.9165
1369,734921,1.0,3.0,0.8995
1370,734921,1.0,3.0,0.4215
1371,734921,1.0,3.0,0.784
1372,734921,1.0,3.0,0.4415
1373,734921,1.0,3.0,0.6085
1374,734921,1.0,3.0,0.5405
1375,734921,1.0,3.0,2.1755
1376,734921,1.0,3.0,0.7765
1377,734921,1.0,3.0,0.625
1378,734921,1.0,3.0,0.5105000000000001
1379,734921,1.0,3.0,0.6225
1380,734921,1.0,3.0,0.47500000000000003
1381,734921,1.0,3.0,0.314
1382,734921,1.0,3.0,1.5190000000000001
1383,734921,1.0,3.0,0.343
1384,734921,1.0,3.0,0.48
1385,734921,1.0,3.0,0.296
1386,734921,1.0,3.0,1.1145
1387,734921,1.0,3.0,0.5785
1388,734921,1.0,3.0,0.6705
1389,734921,1.0,3.0,0.3325
1390,734921,1.0,3.0,0.635
1391,734921,1.0,3.0,0.895
1392,734921,1.0,3.0,0.8265
1393,734921,1.0,3.0,0.5325
1394,734921,1.0,3.0,0.577
1395,734921,1.0,3.0,0.6825
1396,734921,1.0,3.0,0.9105
1397,734921,1.0,3.0,0.6975
1398,734921,1.0,3.0,1.0415
1399,734921,1.0,3.0,0.437
1400,734921,1.0,3.0,0.33
1401,734921,1.0,3.0,0.488
1402,734921,1.0,3.0,0.878
1403,734921,1.0,3.0,1.2650000000000001
1404,734921,1.0,3.0,0.511
1405,734921,1.0,3.0,0.6065
1406,734921,1.0,3.0,0.8135
1407,734921,1.0,3.0,0.3585
1408,734921,1.0,3.0,0.3385
1409,734921,1.0,3.0,0.338
1410,734921,1.0,3.0,0.5795
1411,734921,1.0,3.0,1.025
1412,734921,1.0,3.0,1.041
1413,734921,1.0,3.0,1.0355
1414,734921,1.0,3.0,1.0815000000000001
1415,734921,1.0,3.0,1.4315
1416,734921,1.0,3.0,1.3045
1417,734921,1.0,3.0,0.41400000000000003
1418,734921,1.0,3.0,0.76
1419,734921,1.0,3.0,0.5715
1420,734921,1.0,3.0,0.5755
1421,734921,1.0,3.0,0.397
1422,734921,1.0,3.0,0.392
1423,734921,1.0,3.0,0.5495
1424,734921,1.0,3.0,1.118
1425,734921,1.0,3.0,1.6340000000000001
1426,734921,1.0,3.0,0.805
1427,734921,1.0,3.0,0.6815
1428,734921,1.0,3.0,0.384
1429,734921,1.0,3.0,0.5845
1430,734921,1.0,3.0,0.4555
1431,734921,1.0,3.0,0.41100000000000003
1432,734921,1.0,3.0,0.4575
1433,734921,1.0,3.0,1.5975000000000001
1434,734921,1.0,3.0,0.6855
1435,734921,1.0,3.0,0.34600000000000003
1436,734921,1.0,3.0,0.997
1437,734921,1.0,3.0,2.1535
1438,734921,1.0,3.0,1.8455000000000001
1439,734921,1.0,3.0,0.405
1440,734921,1.0,3.0,0.467
1441,734921,1.0,3.0,0.503
1442,734921,1.0,3.0,0.4285
1443,734921,1.0,3.0,1.0110000000000001
1444,734921,1.0,3.0,0.722
1445,734921,1.0,3.0,1.377
1446,734921,1.0,3.0,0.5965
1447,734921,1.0,3.0,0.6950000000000001
1448,734921,1.0,3.0,1.877
1449,734921,1.0,3.0,0.609
1450,734921,1.0,3.0,0.518
1451,734921,1.0,3.0,0.927
1452,734921,1.0,3.0,0.7815
1453,734921,1.0,3.0,0.504
1454,734921,1.0,3.0,0.532
1455,734921,1.0,3.0,1.625
1456,734921,1.0,3.0,0.5915
1457,734921,1.0,3.0,0.9460000000000001
1458,734921,1.0,3.0,0.47550000000000003
1459,734921,1.0,3.0,1.0875000000000001
1460,734921,1.0,3.0,0.4355
1461,734921,1.0,3.0,0.496
1462,734921,1.0,3.0,0.628
1463,734921,1.0,3.0,0.9825
1464,734921,1.0,3.0,0.9365
1465,734921,1.0,3.0,0.9565
1466,734921,1.0,3.0,1.3555
1467,734921,1.0,3.0,0.34550000000000003
1468,734921,1.0,3.0,0.5535
1469,734921,1.0,3.0,0.9455
1470,734921,1.0,3.0,0.5690000000000001
1471,734921,1.0,3.0,1.432
1472,734921,1.0,3.0,1.214
1473,734921,1.0,3.0,0.917
1474,734921,1.0,3.0,1.3005
1475,734921,1.0,3.0,0.645
1476,734921,1.0,3.0,0.5845
1477,734921,1.0,3.0,0.353
1478,734921,1.0,3.0,0.5710000000000001
1479,734921,1.0,3.0,0.738
1480,734921,1.0,3.0,0.5665
1481,734921,1.0,3.0,0.681
1482,734921,1.0,3.0,1.091
1483,734921,1.0,3.0,0.6775
1484,734921,1.0,3.0,0.781
1485,734921,1.0,3.0,2.161
1486,734921,1.0,3.0,0.2535
1487,734921,1.0,3.0,0.4215
1488,734921,1.0,3.0,0.466
1489,734921,1.0,3.0,2.123
1490,734921,1.0,3.0,1.071
1491,734921,1.0,3.0,0.837
1492,734921,1.0,3.0,0.428
1493,734921,1.0,3.0,0.6925
1494,734921,1.0,3.0,0.7615000000000001
1495,734921,1.0,3.0,0.22
1496,734921,1.0,3.0,0.5225
1497,734921,1.0,3.0,0.2665
1498,734921,1.0,3.0,0.609
1499,734921,1.0,3.0,0.3965
1500,734921,1.0,3.0,0.9915
1501,734921,1.0,3.0,0.891
1502,734921,1.0,3.0,0.4895
1503,734921,1.0,3.0,0.739
1504,734921,1.0,3.0,0.424
1505,734921,1.0,3.0,0.4955
1506,734921,1.0,3.0,0.41250000000000003
1507,734921,1.0,3.0,1.323
1508,734921,1.0,3.0,0.8485
1509,734921,1.0,3.0,0.7095
1510,734921,1.0,3.0,0.6305000000000001
1511,734921,1.0,3.0,0.393
1512,734921,1.0,3.0,0.3855
1513,734921,1.0,3.0,2.255
1514,734921,1.0,3.0,0.515
1515,734921,1.0,3.0,0.8135
1516,734921,1.0,3.0,1.1815
1517,734921,1.0,3.0,0.9015
1518,734921,1.0,3.0,0.4195
1519,734921,1.0,3.0,1.444
1520,734921,1.0,3.0,0.7155
1521,734921,1.0,3.0,0.5955
1522,734921,1.0,3.0,0.5710000000000001
1523,734921,1.0,3.0,1.6615
1524,734921,1.0,3.0,0.853
1525,734921,1.0,3.0,0.747
1526,734921,1.0,3.0,1.2715
1527,734921,1.0,3.0,0.7005
1528,734921,1.0,3.0,0.4025
1529,734921,1.0,3.0,0.6145
1530,734921,1.0,3.0,0.9375
1531,734921,1.0,3.0,1.0010000000000001
1532,734921,1.0,3.0,0.704
1533,734921,1.0,3.0,1.362
1534,734921,1.0,3.0,1.1075
1535,734921,1.0,3.0,0.7295
1536,734921,1.0,3.0,0.604
1537,734921,1.0,3.0,0.6655
1538,734921,1.0,3.0,1.1280000000000001
1539,734921,1.0,3.0,0.663
1540,734921,1.0,3.0,0.6845
1541,734921,1.0,3.0,0.29
1542,734921,1.0,3.0,0.8270000000000001
1543,734921,1.0,3.0,0.2495
1544,734921,1.0,3.0,0.272
1545,734921,1.0,3.0,0.7765
1546,734921,1.0,3.0,0.607
1547,734921,1.0,3.0,1.571
1548,734921,1.0,3.0,1.691
1549,734921,1.0,3.0,2.052
1550,734921,1.0,3.0,0.4475
1551,734921,1.0,3.0,0.5155
1552,734921,1.0,3.0,0.9265
1553,734921,1.0,3.0,0.5635
1554,734921,1.0,3.0,1.0205
1555,734921,1.0,3.0,0.6055
1556,734921,1.0,3.0,0.8855000000000001
1557,734921,1.0,3.0,0.5670000000000001
1558,734921,1.0,3.0,0.47000000000000003
1559,734921,1.0,3.0,0.7495
1560,734921,1.0,3.0,0.8365
1561,734921,1.0,3.0,1.0235
1562,734921,1.0,3.0,1.3395000000000001
1563,734921,1.0,3.0,0.5605
1564,734921,1.0,3.0,1.8015
1565,734921,1.0,3.0,0.973
1566,734921,1.0,3.0,0.984
1567,734921,1.0,3.0,1.0325
1568,734921,1.0,3.0,0.7175
1569,734921,1.0,3.0,0.8240000000000001
1570,734921,1.0,3.0,0.45
1571,734921,1.0,3.0,0.507
1572,734921,1.0,3.0,1.0865
1573,734921,1.0,3.0,0.3195
1574,734921,1.0,3.0,1.2690000000000001
1575,734921,1.0,3.0,4.363
1576,734921,1.0,3.0,0.9745
1577,734921,1.0,3.0,0.671
1578,734921,1.0,3.0,0.685
1579,734921,1.0,3.0,1.6915
1580,734921,1.0,3.0,1.994
1581,734921,1.0,3.0,0.5505
1582,734921,1.0,3.0,0.765
1583,734921,1.0,3.0,0.665
1584,734921,1.0,3.0,0.5505
1585,734921,1.0,3.0,0.6625
1586,734921,1.0,3.0,0.889
1587,734921,1.0,3.0,1.1520000000000001
1588,734921,1.0,3.0,0.7685
1589,734921,1.0,3.0,1.8465
1590,734921,1.0,3.0,0.967
1591,734921,1.0,3.0,1.52
1592,734921,1.0,3.0,0.807
1593,734921,1.0,3.0,0.9595
1594,734921,1.0,3.0,1.1745
1595,734921,1.0,3.0,1.3585
1596,734921,1.0,3.0,0.65
1597,734921,1.0,3.0,2.5565
1598,734921,1.0,3.0,0.40800000000000003
1599,734921,1.0,3.0,1.1065
1600,734921,1.0,3.0,0.203
1601,734921,1.0,3.0,0.849
1602,734921,1.0,3.0,1.5110000000000001
1603,734921,1.0,3.0,0.7485
1604,734921,1.0,3.0,0.8170000000000001
1605,734921,1.0,3.0,1.2145000000000001
1606,734921,1.0,3.0,0.888
1607,734921,1.0,3.0,0.2965
1608,734921,1.0,3.0,0.7265
1609,734921,1.0,3.0,0.6515
1610,734921,1.0,3.0,0.453
1611,734921,1.0,3.0,0.6015
1612,734921,1.0,3.0,0.741
1613,734921,1.0,3.0,0.6985
1614,734921,1.0,3.0,0.4405
1615,734921,1.0,3.0,0.6275000000000001
1616,734921,1.0,3.0,0.6915
1617,734921,1.0,3.0,0.7415
1618,734921,1.0,3.0,0.5825
1619,734921,1.0,3.0,1.094
1620,734921,1.0,3.0,0.8015
1621,734921,1.0,3.0,0.739
1622,734921,1.0,3.0,0.272
1623,734921,1.0,3.0,0.7085
1624,734921,1.0,3.0,0.7085
1625,734921,1.0,3.0,0.727
1626,734921,1.0,3.0,0.733
1627,734921,1.0,3.0,0.9625
1628,734921,1.0,3.0,0.4975
1629,734921,1.0,3.0,2.734
1630,734921,1.0,3.0,0.2655
1631,734921,1.0,3.0,0.6365000000000001
1632,734921,1.0,3.0,1.16
1633,734921,1.0,3.0,0.593
1634,734921,1.0,3.0,0.926
1635,734921,1.0,3.0,0.389
1636,734921,1.0,3.0,0.6815
1637,734921,1.0,3.0,0.6745
1638,734921,1.0,3.0,0.294
1639,734921,1.0,3.0,1.0105
1640,734921,1.0,3.0,0.934
1641,734921,1.0,3.0,0.527
1642,734921,1.0,3.0,0.685
1643,734921,1.0,3.0,1.1085
1644,734921,1.0,3.0,2.3655
1645,734921,1.0,3.0,1.0385
1646,734921,1.0,3.0,1.0555
1647,734921,1.0,3.0,2.174
1648,734921,1.0,3.0,2.105
1649,734921,1.0,3.0,0.594
1650,734921,1.0,3.0,0.708
1651,734921,1.0,3.0,0.47200000000000003
1652,734921,1.0,3.0,0.8190000000000001
1653,734921,1.0,3.0,1.439
1654,734921,1.0,3.0,0.5995
1655,734921,1.0,3.0,0.3265
1656,734921,1.0,3.0,1.018
1657,734921,1.0,3.0,1.1755
1658,734921,1.0,3.0,0.927
1659,734921,1.0,3.0,0.5225
1660,734921,1.0,3.0,0.465
1661,734921,1.0,3.0,0.9380000000000001
1662,734921,1.0,3.0,0.2715
1663,734921,1.0,3.0,0.6335000000000001
1664,734921,1.0,3.0,0.5475
1665,734921,1.0,3.0,2.196
1666,734921,1.0,3.0,0.788
1667,734921,1.0,3.0,0.279
1668,734921,1.0,3.0,0.446
1669,734921,1.0,3.0,0.531
1670,734921,1.0,3.0,0.254
1671,734921,1.0,3.0,1.1265
1672,734921,1.0,3.0,0.47600000000000003
1673,734921,1.0,3.0,1.2895
1674,734921,1.0,3.0,0.981
1675,734921,1.0,3.0,0.7125
1676,734921,1.0,3.0,0.7835
1677,734921,1.0,3.0,0.8855000000000001
1678,734921,1.0,3.0,0.342
1679,734921,1.0,3.0,0.5375
1680,734921,1.0,3.0,1.4495
1681,734921,1.0,3.0,0.9575
1682,734921,1.0,3.0,0.7125
1683,734921,1.0,3.0,0.8245
1684,734921,1.0,3.0,0.2705
1685,734921,1.0,3.0,1.707
1686,734921,1.0,3.0,0.6645
1687,734921,1.0,3.0,1.2165
1688,734921,1.0,3.0,1.5075
1689,734921,1.0,3.0,0.61
1690,734921,1.0,3.0,1.4075
1691,734921,1.0,3.0,1.1915
1692,734921,1.0,3.0,1.615
1693,734921,1.0,3.0,1.173
1694,734921,1.0,3.0,0.9285
1695,734921,1.0,3.0,1.725
1696,734921,1.0,3.0,0.3585
1697,734921,1.0,3.0,0.8285
1698,734921,1.0,3.0,1.774
1699,734921,1.0,3.0,0.6425
1700,734921,1.0,3.0,0.2955
1701,734921,1.0,3.0,0.786
1702,734921,1.0,3.0,1.5215
1703,734921,1.0,3.0,1.5465
1704,734921,1.0,3.0,1.463
1705,734921,1.0,3.0,1.11
1706,734921,1.0,3.0,0.6295000000000001
1707,734921,1.0,3.0,1.5185
1708,734921,1.0,3.0,0.8295
1709,734921,1.0,3.0,1.4725
1710,734921,1.0,3.0,0.4295
1711,734921,1.0,3.0,0.901
1712,734921,1.0,3.0,1.342
1713,734921,1.0,3.0,1.0255
1714,734921,1.0,3.0,0.632
1715,734921,1.0,3.0,0.52
1716,734921,1.0,3.0,1.346
1717,734921,1.0,3.0,1.1635
1718,734921,1.0,3.0,0.527
1719,734921,1.0,3.0,0.385
1720,734921,1.0,3.0,0.458
1721,734921,1.0,3.0,0.365
1722,734921,1.0,3.0,1.041
1723,734921,1.0,3.0,0.5945
1724,734921,1.0,3.0,0.878
1725,734921,1.0,3.0,0.6165
1726,734921,1.0,3.0,0.3225
1727,734921,1.0,3.0,0.905
1728,734921,1.0,3.0,1.159
1729,734921,1.0,3.0,0.46
1730,734921,1.0,3.0,0.8625
1731,734921,1.0,3.0,0.768
1732,734921,1.0,3.0,0.492
1733,734921,1.0,3.0,0.8815000000000001
1734,734921,1.0,3.0,1.2415
1735,734921,1.0,3.0,2.4995
1736,734921,1.0,3.0,0.446
1737,734921,1.0,3.0,0.509
1738,734921,1.0,3.0,0.481
1739,734921,1.0,3.0,0.884
1740,734921,1.0,3.0,1.0715000000000001
1741,734921,1.0,3.0,3.915
1742,734921,1.0,3.0,0.732
1743,734921,1.0,3.0,0.9515
1744,734921,1.0,3.0,0.464
1745,734921,1.0,3.0,0.6795
1746,734921,1.0,3.0,2.455
1747,734921,1.0,3.0,0.679
1748,734921,1.0,3.0,0.8235
1749,734921,1.0,3.0,0.3085
1750,734921,1.0,3.0,0.553
1751,734921,1.0,3.0,1.9075
1752,734921,1.0,3.0,0.6085
1753,734921,1.0,3.0,1.421
1754,734921,1.0,3.0,0.8555
1755,734921,1.0,3.0,1.2605
1756,734921,1.0,3.0,0.485
1757,734921,1.0,3.0,0.7325
1758,734921,1.0,3.0,0.4575
1759,734921,1.0,3.0,0.36
1760,734921,1.0,3.0,0.96
1761,734921,1.0,3.0,0.775
1762,734921,1.0,3.0,0.4615
1763,734921,1.0,3.0,0.47850000000000004
1764,734921,1.0,3.0,0.9545
1765,734921,1.0,3.0,0.766
1766,734921,1.0,3.0,0.841
1767,734921,1.0,3.0,0.5875
1768,734921,1.0,3.0,0.7955
1769,734921,1.0,3.0,1.9305
1770,734921,1.0,3.0,0.42
1771,734921,1.0,3.0,2.0265
1772,734921,1.0,3.0,0.5495
1773,734921,1.0,3.0,0.9735
1774,734921,1.0,3.0,0.5285
1775,734921,1.0,3.0,0.318
1776,734921,1.0,3.0,0.4455
1777,734921,1.0,3.0,0.233
1778,734921,1.0,3.0,0.423
1779,734921,1.0,3.0,0.887
1780,734921,1.0,3.0,1.8285
1781,734921,1.0,3.0,0.973
1782,734921,1.0,3.0,0.216
1783,734921,1.0,3.0,1.3940000000000001
1784,734921,1.0,3.0,0.2735
1785,734921,1.0,3.0,0.47200000000000003
1786,734921,1.0,3.0,1.2895
1787,734921,1.0,3.0,0.9
1788,734921,1.0,3.0,0.753
1789,734921,1.0,3.0,0.7035
1790,734921,1.0,3.0,0.3875
1791,734921,1.0,3.0,0.462
1792,734921,1.0,3.0,0.2325
1793,734921,1.0,3.0,0.782
1794,734921,1.0,3.0,0.5205
1795,734921,1.0,3.0,0.5025000000000001
1796,734921,1.0,3.0,1.1415
1797,734921,1.0,3.0,0.388
1798,734921,1.0,3.0,0.34650000000000003
1799,734921,1.0,3.0,0.882
1800,734921,1.0,3.0,0.5640000000000001
1801,734921,1.0,3.0,1.0685
1802,734921,1.0,3.0,0.557
1803,734921,1.0,3.0,0.586
1804,734921,1.0,3.0,0.5445
1805,734921,1.0,3.0,1.577
1806,734921,1.0,3.0,1.1975
1807,734921,1.0,3.0,0.3785
1808,734921,1.0,3.0,1.7135
1809,734921,1.0,3.0,0.628
1810,734921,1.0,3.0,0.8575
1811,734921,1.0,3.0,0.592
1812,734921,1.0,3.0,1.258
1813,734921,1.0,3.0,0.2935
1814,734921,1.0,3.0,0.342
1815,734921,1.0,3.0,0.6225
1816,734921,1.0,3.0,0.4455
1817,734921,1.0,3.0,1.802
1818,734921,1.0,3.0,1.4545000000000001
1819,734921,1.0,3.0,0.625
1820,734921,1.0,3.0,0.9735
1821,734921,1.0,3.0,0.359
1822,734921,1.0,3.0,0.9895
1823,734921,1.0,3.0,0.7345
1824,734921,1.0,3.0,1.475
1825,734921,1.0,3.0,0.775
1826,734921,1.0,3.0,0.23550000000000001
1827,734921,1.0,3.0,0.6930000000000001
1828,734921,1.0,3.0,1.413
1829,734921,1.0,3.0,1.109
1830,734921,1.0,3.0,1.9105
1831,734921,1.0,3.0,0.963
1832,734921,1.0,3.0,0.457
1833,734921,1.0,3.0,0.35050000000000003
1834,734921,1.0,3.0,0.458
1835,734921,1.0,3.0,0.48
1836,734921,1.0,3.0,0.5305
1837,734921,1.0,3.0,0.588
1838,734921,1.0,3.0,0.398
1839,734921,1.0,3.0,0.4615
1840,734921,1.0,3.0,0.34650000000000003
1841,734921,1.0,3.0,0.5625
1842,734921,1.0,3.0,0.6505
1843,734921,1.0,3.0,0.871
1844,734921,1.0,3.0,2.5175
1845,734921,1.0,3.0,1.1165
1846,734921,1.0,3.0,1.4045
1847,734921,1.0,3.0,0.4875
1848,734921,1.0,3.0,0.267
1849,734921,1.0,3.0,0.602
1850,734921,1.0,3.0,0.7015
1851,734921,1.0,3.0,1.295
1852,734921,1.0,3.0,1.191
1853,734921,1.0,3.0,0.52
1854,734921,1.0,3.0,0.8635
1855,734921,1.0,3.0,0.587
1856,734921,1.0,3.0,0.857
1857,734921,1.0,3.0,0.5285
1858,734921,1.0,3.0,2.2105
1859,734921,1.0,3.0,0.4955
1860,734921,1.0,3.0,0.456
1861,734921,1.0,3.0,0.907
1862,734921,1.0,3.0,0.668
1863,734921,1.0,3.0,0.9490000000000001
1864,734921,1.0,3.0,0.498
1865,734921,1.0,3.0,0.454
1866,734921,1.0,3.0,0.777
1867,734921,1.0,3.0,0.6980000000000001
1868,734921,1.0,3.0,1.729
1869,734921,1.0,3.0,0.878
1870,734921,1.0,3.0,0.5335
1871,734921,1.0,3.0,0.537
1872,734921,1.0,3.0,0.846
1873,734921,1.0,3.0,0.5345
1874,734921,1.0,3.0,0.994
1875,734921,1.0,3.0,1.6055
1876,734921,1.0,3.0,0.253
1877,734921,1.0,3.0,1.1005
1878,734921,1.0,3.0,0.644
1879,734921,1.0,3.0,0.343
1880,734921,1.0,3.0,0.418
1881,734921,1.0,3.0,0.537
1882,734921,1.0,3.0,1.066
1883,734921,1.0,3.0,0.9115
1884,734921,1.0,3.0,1.104
1885,734921,1.0,3.0,0.518
1886,734921,1.0,3.0,0.5795
1887,734921,1.0,3.0,1.048
1888,734921,1.0,3.0,1.5455
1889,734921,1.0,3.0,1.054
1890,734921,1.0,3.0,0.649
1891,734921,1.0,3.0,0.41150000000000003
1892,734921,1.0,3.0,0.595
1893,734921,1.0,3.0,0.553
1894,734921,1.0,3.0,0.8150000000000001
1895,734921,1.0,3.0,0.4055
1896,734921,1.0,3.0,1.2775
1897,734921,1.0,3.0,0.934
1898,734921,1.0,3.0,0.7695
1899,734921,1.0,3.0,1.9105
1900,734921,1.0,3.0,0.487
1901,734921,1.0,3.0,0.4985
1902,734921,1.0,3.0,1.1815
1903,734921,1.0,3.0,0.418
1904,734921,1.0,3.0,1.032
1905,734921,1.0,3.0,0.5625
1906,734921,1.0,3.0,0.768
1907,734921,1.0,3.0,0.8525
1908,734921,1.0,3.0,1.6585
1909,734921,1.0,3.0,0.7605000000000001
1910,734921,1.0,3.0,0.3245
1911,734921,1.0,3.0,0.36
1912,734921,1.0,3.0,0.529
1913,734921,1.0,3.0,2.0985
1914,734921,1.0,3.0,1.566
1915,734921,1.0,3.0,0.6990000000000001
1916,734921,1.0,3.0,0.5640000000000001
1917,734921,1.0,3.0,0.4835
1918,734921,1.0,3.0,0.7775
1919,734921,1.0,3.0,0.47650000000000003
1920,734921,1.0,3.0,1.0585
1921,734921,1.0,3.0,0.9685
1922,734921,1.0,3.0,0.8905000000000001
1923,734921,1.0,3.0,0.366
1924,734921,1.0,3.0,0.40800000000000003
1925,734921,1.0,3.0,0.306
1926,734921,1.0,3.0,0.5835
1927,734921,1.0,3.0,0.309
1928,734921,1.0,3.0,0.531
1929,734921,1.0,3.0,0.991
1930,734921,1.0,3.0,0.921
1931,734921,1.0,3.0,0.374
1932,734921,1.0,3.0,0.59
1933,734921,1.0,3.0,0.8715
1934,734921,1.0,3.0,0.502
1935,734921,1.0,3.0,1.758
1936,734921,1.0,3.0,1.074
1937,734921,1.0,3.0,0.8435
1938,734921,1.0,3.0,0.727
1939,734921,1.0,3.0,0.328
1940,734921,1.0,3.0,0.5185
1941,734921,1.0,3.0,1.167
1942,734921,1.0,3.0,0.23900000000000002
1943,734921,1.0,3.0,2.17
1944,734921,1.0,3.0,1.245
1945,734921,1.0,3.0,1.1420000000000001
1946,734921,1.0,3.0,0.661
1947,734921,1.0,3.0,0.4805
1948,734921,1.0,3.0,0.3
1949,734921,1.0,3.0,0.5085000000000001
1950,734921,1.0,3.0,0.536
1951,734921,1.0,3.0,1.2055
1952,734921,1.0,3.0,0.315
1953,734921,1.0,3.0,0.231
1954,734921,1.0,3.0,0.8465
1955,734921,1.0,3.0,0.441
1956,734921,1.0,3.0,0.756
1957,734921,1.0,3.0,0.758
1958,734921,1.0,3.0,0.3895
1959,734921,1.0,3.0,2.2985
1960,734921,1.0,3.0,0.8465
1961,734921,1.0,3.0,0.794
1962,734921,1.0,3.0,1.174
1963,734921,1.0,3.0,0.9535
1964,734921,1.0,3.0,0.9855
1965,734921,1.0,3.0,1.6445
1966,734921,1.0,3.0,0.8195
1967,734921,1.0,3.0,0.907
1968,734921,1.0,3.0,0.382
1969,734921,1.0,3.0,1.7735
1970,734921,1.0,3.0,0.7215
1971,734921,1.0,3.0,0.40700000000000003
1972,734921,1.0,3.0,0.41500000000000004
1973,734921,1.0,3.0,0.9450000000000001
1974,734921,1.0,3.0,0.7545000000000001
1975,734921,1.0,3.0,1.0355
1976,734921,1.0,3.0,0.9385
1977,734921,1.0,3.0,0.4675
1978,734921,1.0,3.0,1.092
1979,734921,1.0,3.0,0.844
1980,734921,1.0,3.0,1.072
1981,734921,1.0,3.0,0.3405
1982,734921,1.0,3.0,0.807
1983,734921,1.0,3.0,0.489
1984,734921,1.0,3.0,0.445
1985,734921,1.0,3.0,0.7115
1986,734921,1.0,3.0,1.351
1987,734921,1.0,3.0,0.331
1988,734921,1.0,3.0,0.624
1989,734921,1.0,3.0,0.777
1990,734921,1.0,3.0,0.842
1991,734921,1.0,3.0,0.7345
1992,734921,1.0,3.0,1.131
1993,734921,1.0,3.0,1.6295
1994,734921,1.0,3.0,1.1215
1995,734921,1.0,3.0,0.5305
1996,734921,1.0,3.0,1.6595
1997,734921,1.0,3.0,1.7670000000000001
1998,734921,1.0,3.0,0.4645
1999,734921,1.0,3.0,0.7755
2000,734921,1.0,3.0,1.102
2001,734921,1.0,3.0,0.8665
2002,734921,1.0,3.0,0.4485
2003,734921,1.0,3.0,0.854
2004,734921,1.0,3.0,0.459
2005,734921,1.0,3.0,0.4235
2006,734921,1.0,3.0,0.5125
2007,734921,1.0,3.0,0.5795
2008,734921,1.0,3.0,0.9835
2009,734921,1.0,3.0,0.5945
2010,734921,1.0,3.0,0.623
2011,734921,1.0,3.0,0.4585
2012,734921,1.0,3.0,0.388
2013,734921,1.0,3.0,0.583
2014,734921,1.0,3.0,1.229
2015,734921,1.0,3.0,0.715
2016,734921,1.0,3.0,0.705
2017,734921,1.0,3.0,1.283
2018,734921,1.0,3.0,1.4915
2019,734921,1.0,3.0,0.6845
2020,734921,1.0,3.0,0.969
2021,734921,1.0,3.0,0.7165
2022,734921,1.0,3.0,0.6485
2023,734921,1.0,3.0,1.977
2024,734921,1.0,3.0,0.854
2025,734921,1.0,3.0,0.7305
2026,734921,1.0,3.0,0.5015000000000001
2027,734921,1.0,3.0,0.9510000000000001
2028,734921,1.0,3.0,3.1935000000000002
2029,734921,1.0,3.0,0.7925
2030,734921,1.0,3.0,0.458
2031,734921,1.0,3.0,1.2395
2032,734921,1.0,3.0,0.6465
2033,734921,1.0,3.0,1.4765
2034,734921,1.0,3.0,1.3405
2035,734921,1.0,3.0,0.542
2036,734921,1.0,3.0,0.4395
2037,734921,1.0,3.0,1.164
2038,734921,1.0,3.0,0.6935
2039,734921,1.0,3.0,0.9615
2040,734921,1.0,3.0,0.6355000000000001
2041,734921,1.0,3.0,0.503
2042,734921,1.0,3.0,1.3555
2043,734921,1.0,3.0,0.4345
2044,734921,1.0,3.0,0.9585
2045,734921,1.0,3.0,0.443
2046,734921,1.0,3.0,0.323
2047,734921,1.0,3.0,1.1105
2048,734921,1.0,3.0,0.6535
2049,734921,1.0,3.0,0.5650000000000001
2050,734921,1.0,3.0,0.8575
2051,734921,1.0,3.0,0.3295
2052,734921,1.0,3.0,1.4705000000000001
2053,734921,1.0,3.0,1.239
2054,734921,1.0,3.0,0.61
2055,734921,1.0,3.0,0.8405
2056,734921,1.0,3.0,0.6945
2057,734921,1.0,3.0,0.8155
2058,734921,1.0,3.0,0.859
2059,734921,1.0,3.0,0.435
2060,734921,1.0,3.0,0.7655000000000001
2061,734921,1.0,3.0,1.0555
2062,734921,1.0,3.0,0.523
2063,734921,1.0,3.0,0.5875
2064,734921,1.0,3.0,0.809
2065,734921,1.0,3.0,0.7155
2066,734921,1.0,3.0,0.989
2067,734921,1.0,3.0,0.704
2068,734921,1.0,3.0,0.54
2069,734921,1.0,3.0,1.7605
2070,734921,1.0,3.0,0.9995
2071,734921,1.0,3.0,0.766
2072,734921,1.0,3.0,0.771
2073,734921,1.0,3.0,0.5095000000000001
2074,734921,1.0,3.0,0.807
2075,734921,1.0,3.0,0.8290000000000001
2076,734921,1.0,3.0,0.6890000000000001
2077,734921,1.0,3.0,1.986
2078,734921,1.0,3.0,0.405
2079,734921,1.0,3.0,0.4955
2080,734921,1.0,3.0,0.5630000000000001
2081,734921,1.0,3.0,0.788
2082,734921,1.0,3.0,0.8835000000000001
2083,734921,1.0,3.0,0.7775
2084,734921,1.0,3.0,0.8415
2085,734921,1.0,3.0,0.461
2086,734921,1.0,3.0,0.854
2087,734921,1.0,3.0,0.47350000000000003
2088,734921,1.0,3.0,0.395
2089,734921,1.0,3.0,1.6355
2090,734921,1.0,3.0,0.3315
2091,734921,1.0,3.0,0.591
2092,734921,1.0,3.0,0.4925
2093,734921,1.0,3.0,0.6745
2094,734921,1.0,3.0,1.0405
2095,734921,1.0,3.0,0.893
2096,734921,1.0,3.0,0.7010000000000001
2097,734921,1.0,3.0,0.2725
2098,734921,1.0,3.0,0.5595
2099,734921,1.0,3.0,0.6815
2100,734921,1.0,3.0,1.1135
2101,734921,1.0,3.0,0.5965
2102,734921,1.0,3.0,0.6890000000000001
2103,734921,1.0,3.0,1.488
2104,734921,1.0,3.0,0.9975
2105,734921,1.0,3.0,1.645
2106,734921,1.0,3.0,0.862
2107,734921,1.0,3.0,1.211
2108,734921,1.0,3.0,0.486
2109,734921,1.0,3.0,1.274
2110,734921,1.0,3.0,0.6605
2111,734921,1.0,3.0,0.5655
2112,734921,1.0,3.0,2.3175
2113,734921,1.0,3.0,1.1345
2114,734921,1.0,3.0,1.1805
2115,734921,1.0,3.0,0.9595
2116,734921,1.0,3.0,1.081
2117,734921,1.0,3.0,1.2715
2118,734921,1.0,3.0,0.5625
2119,734921,1.0,3.0,1.544
2120,734921,1.0,3.0,1.722
2121,734921,1.0,3.0,0.665
2122,734921,1.0,3.0,0.864
2123,734921,1.0,3.0,0.3595
2124,734921,1.0,3.0,0.629
2125,734921,1.0,3.0,1.3940000000000001
2126,734921,1.0,3.0,0.732
2127,734921,1.0,3.0,1.383
2128,734921,1.0,3.0,0.41350000000000003
2129,734921,1.0,3.0,0.784
2130,734921,1.0,3.0,0.3655
2131,734921,1.0,3.0,0.865
2132,734921,1.0,3.0,0.686
2133,734921,1.0,3.0,0.9315
2134,734921,1.0,3.0,0.769
2135,734921,1.0,3.0,0.5395
2136,734921,1.0,3.0,0.5015000000000001
2137,734921,1.0,3.0,0.481
2138,734921,1.0,3.0,0.47000000000000003
2139,734921,1.0,3.0,2.189
2140,734921,1.0,3.0,1.2205
2141,734921,1.0,3.0,0.4185
2142,734921,1.0,3.0,2.9115
2143,734921,1.0,3.0,0.918
2144,734921,1.0,3.0,0.3955
2145,734921,1.0,3.0,0.548
2146,734921,1.0,3.0,0.3545
2147,734921,1.0,3.0,0.184
2148,734921,1.0,3.0,0.3585
2149,734921,1.0,3.0,1.0755000000000001
2150,734921,1.0,3.0,0.767
2151,734921,1.0,3.0,0.7165
2152,734921,1.0,3.0,0.848
2153,734921,1.0,3.0,0.543
2154,734921,1.0,3.0,1.0385
2155,734921,1.0,3.0,0.6305000000000001
2156,734921,1.0,3.0,0.40700000000000003
2157,734921,1.0,3.0,0.4315
2158,734921,1.0,3.0,1.045
2159,734921,1.0,3.0,0.6185
2160,734921,1.0,3.0,0.434
2161,734921,1.0,3.0,0.7605000000000001
2162,734921,1.0,3.0,1.0585
2163,734921,1.0,3.0,0.738
2164,734921,1.0,3.0,0.492
2165,734921,1.0,3.0,0.9895
2166,734921,1.0,3.0,0.4635
2167,734921,1.0,3.0,0.2175
2168,734921,1.0,3.0,0.9645
2169,734921,1.0,3.0,0.9235
2170,734921,1.0,3.0,1.062
2171,734921,1.0,3.0,0.7505000000000001
2172,734921,1.0,3.0,0.544
2173,734921,1.0,3.0,0.8625
2174,734921,1.0,3.0,0.3735
2175,734921,1.0,3.0,1.5225
2176,734921,1.0,3.0,0.667
2177,734921,1.0,3.0,0.9235
2178,734921,1.0,3.0,0.542
2179,734921,1.0,3.0,0.4875
2180,734921,1.0,3.0,0.802
2181,734921,1.0,3.0,0.47000000000000003
2182,734921,1.0,3.0,0.47600000000000003
2183,734921,1.0,3.0,0.839
2184,734921,1.0,3.0,0.317
2185,734921,1.0,3.0,0.4285
2186,734921,1.0,3.0,0.6990000000000001
2187,734921,1.0,3.0,2.483
2188,734921,1.0,3.0,0.5805
2189,734921,1.0,3.0,0.8355
2190,734921,1.0,3.0,1.52
2191,734921,1.0,3.0,0.37
2192,734921,1.0,3.0,0.6990000000000001
2193,734921,1.0,3.0,0.7165
2194,734921,1.0,3.0,0.608
2195,734921,1.0,3.0,0.47450000000000003
2196,734921,1.0,3.0,0.439
2197,734921,1.0,3.0,0.5985
2198,734921,1.0,3.0,1.0425
2199,734921,1.0,3.0,0.3995
2200,734921,1.0,3.0,1.12
2201,734921,1.0,3.0,0.521
2202,734921,1.0,3.0,1.0105
2203,734921,1.0,3.0,1.06
2204,734921,1.0,3.0,0.7515000000000001
2205,734921,1.0,3.0,0.8645
2206,734921,1.0,3.0,1.6475
2207,734921,1.0,3.0,0.4635
2208,734921,1.0,3.0,1.294
2209,734921,1.0,3.0,0.40700000000000003
2210,734921,1.0,3.0,1.1395
2211,734921,1.0,3.0,0.47900000000000004
2212,734921,1.0,3.0,0.2565
2213,734921,1.0,3.0,0.6900000000000001
2214,734921,1.0,3.0,0.3435
2215,734921,1.0,3.0,1.893
2216,734921,1.0,3.0,0.405
2217,734921,1.0,3.0,0.841
2218,734921,1.0,3.0,0.48
2219,734921,1.0,3.0,0.225
2220,734921,1.0,3.0,0.4855
2221,734921,1.0,3.0,3.1565
2222,734921,1.0,3.0,1.168
2223,734921,1.0,3.0,2.1045000000000003
2224,734921,1.0,3.0,1.579
2225,734921,1.0,3.0,0.581
2226,734921,1.0,3.0,0.6920000000000001
2227,734921,1.0,3.0,0.8745
2228,734921,1.0,3.0,0.8665
2229,734921,1.0,3.0,0.4355
2230,734921,1.0,3.0,1.7615
2231,734921,1.0,3.0,0.40750000000000003
2232,734921,1.0,3.0,1.0035
2233,734921,1.0,3.0,2.6355
2234,734921,1.0,3.0,0.393
2235,734921,1.0,3.0,1.266
2236,734921,1.0,3.0,1.0575
2237,734921,1.0,3.0,0.727
2238,734921,1.0,3.0,0.432
2239,734921,1.0,3.0,0.68
2240,734921,1.0,3.0,0.744
2241,734921,1.0,3.0,0.4
2242,734921,1.0,3.0,0.7030000000000001
2243,734921,1.0,3.0,1.0995
2244,734921,1.0,3.0,0.856
2245,734921,1.0,3.0,0.7985
2246,734921,1.0,3.0,0.649
2247,734921,1.0,3.0,1.7625
2248,734921,1.0,3.0,1.6135
2249,734921,1.0,3.0,0.431
2250,734921,1.0,3.0,0.5690000000000001
2251,734921,1.0,3.0,0.377
2252,734921,1.0,3.0,0.495
2253,734921,1.0,3.0,0.894
2254,734921,1.0,3.0,0.6035
2255,734921,1.0,3.0,0.6085
2256,734921,1.0,3.0,0.5475
2257,734921,1.0,3.0,0.335
2258,734921,1.0,3.0,1.247
2259,734921,1.0,3.0,0.47500000000000003
2260,734921,1.0,3.0,0.47900000000000004
2261,734921,1.0,3.0,0.4325
2262,734921,1.0,3.0,0.6975
2263,734921,1.0,3.0,0.599
2264,734921,1.0,3.0,0.879
2265,734921,1.0,3.0,0.1985
2266,734921,1.0,3.0,0.921
2267,734921,1.0,3.0,0.8195
2268,734921,1.0,3.0,0.41500000000000004
2269,734921,1.0,3.0,0.47200000000000003
2270,734921,1.0,3.0,0.618
2271,734921,1.0,3.0,0.7475
2272,734921,1.0,3.0,0.976
2273,734921,1.0,3.0,0.997
2274,734921,1.0,3.0,1.79
2275,734921,1.0,3.0,0.8175
2276,734921,1.0,3.0,0.497
2277,734921,1.0,3.0,0.81
2278,734921,1.0,3.0,1.1155
2279,734921,1.0,3.0,1.428
2280,734921,1.0,3.0,0.28150000000000003
2281,734921,1.0,3.0,0.19
2282,734921,1.0,3.0,0.402
2283,734921,1.0,3.0,0.8965
2284,734921,1.0,3.0,2.6515
2285,734921,1.0,3.0,0.6135
2286,734921,1.0,3.0,0.6005
2287,734921,1.0,3.0,0.398
2288,734921,1.0,3.0,0.9885
2289,734921,1.0,3.0,0.7435
2290,734921,1.0,3.0,0.203
2291,734921,1.0,3.0,0.648
2292,734921,1.0,3.0,0.7825
2293,734921,1.0,3.0,1.7465
2294,734921,1.0,3.0,0.245
2295,734921,1.0,3.0,1.563
2296,734921,1.0,3.0,0.423
2297,734921,1.0,3.0,0.8795000000000001
2298,734921,1.0,3.0,0.604
2299,734921,1.0,3.0,1.716
2300,734921,1.0,3.0,1.0065
2301,734921,1.0,3.0,0.5395
2302,734921,1.0,3.0,0.527
2303,734921,1.0,3.0,0.5115000000000001
2304,734921,1.0,3.0,1.0775000000000001
2305,734921,1.0,3.0,0.7155
2306,734921,1.0,3.0,1.481
2307,734921,1.0,3.0,0.6215
2308,734921,1.0,3.0,0.434
2309,734921,1.0,3.0,1.002
2310,734921,1.0,3.0,1.235
2311,734921,1.0,3.0,0.929
2312,734921,1.0,3.0,0.341
2313,734921,1.0,3.0,0.8190000000000001
2314,734921,1.0,3.0,0.4475
2315,734921,1.0,3.0,1.183
2316,734921,1.0,3.0,0.641
2317,734921,1.0,3.0,0.34450000000000003
2318,734921,1.0,3.0,0.612
2319,734921,1.0,3.0,1.999
2320,734921,1.0,3.0,0.6335000000000001
2321,734921,1.0,3.0,0.5805
2322,734921,1.0,3.0,1.199
2323,734921,1.0,3.0,0.8245
2324,734921,1.0,3.0,1.558
2325,734921,1.0,3.0,0.4
2326,734921,1.0,3.0,1.0905
2327,734921,1.0,3.0,0.4315
2328,734921,1.0,3.0,1.103
2329,734921,1.0,3.0,0.7255
2330,734921,1.0,3.0,0.4885
2331,734921,1.0,3.0,0.4845
2332,734921,1.0,3.0,1.6095
2333,734921,1.0,3.0,0.785
2334,734921,1.0,3.0,1.4675
2335,734921,1.0,3.0,3.221
2336,734921,1.0,3.0,0.855
2337,734921,1.0,3.0,2.137
2338,734921,1.0,3.0,1.4395
2339,734921,1.0,3.0,0.768
2340,734921,1.0,3.0,0.6975
2341,734921,1.0,3.0,0.8155
2342,734921,1.0,3.0,0.8615
2343,734921,1.0,3.0,0.28300000000000003
2344,734921,1.0,3.0,1.171
2345,734921,1.0,3.0,0.5730000000000001
2346,734921,1.0,3.0,0.7335
2347,734921,1.0,3.0,0.6415
2348,734921,1.0,3.0,0.6865
2349,734921,1.0,3.0,0.5385
2350,734921,1.0,3.0,0.979
2351,734921,1.0,3.0,0.7475
2352,734921,1.0,3.0,0.4045
2353,734921,1.0,3.0,0.5245
2354,734921,1.0,3.0,1.59
2355,734921,1.0,3.0,0.886
2356,734921,1.0,3.0,0.8915000000000001
2357,734921,1.0,3.0,0.9385
2358,734921,1.0,3.0,0.805
2359,734921,1.0,3.0,0.2435
2360,734921,1.0,3.0,0.7285
2361,734921,1.0,3.0,0.769
2362,734921,1.0,3.0,0.586
2363,734921,1.0,3.0,0.8395
2364,734921,1.0,3.0,0.6055
2365,734921,1.0,3.0,0.5680000000000001
2366,734921,1.0,3.0,0.543
2367,734921,1.0,3.0,0.47400000000000003
2368,734921,1.0,3.0,0.734
2369,734921,1.0,3.0,0.8425
2370,734921,1.0,3.0,1.6215
2371,734921,1.0,3.0,0.6685
2372,734921,1.0,3.0,0.2535
2373,734921,1.0,3.0,1.4805
2374,734921,1.0,3.0,0.8170000000000001
2375,734921,1.0,3.0,1.393
2376,734921,1.0,3.0,0.687
2377,734921,1.0,3.0,0.4955
2378,734921,1.0,3.0,0.4
2379,734921,1.0,3.0,0.4645
2380,734921,1.0,3.0,1.1965000000000001
2381,734921,1.0,3.0,0.3905
2382,734921,1.0,3.0,0.7475
2383,734921,1.0,3.0,0.6455
2384,734921,1.0,3.0,1.2135
2385,734921,1.0,3.0,0.729
2386,734921,1.0,3.0,0.518
2387,734921,1.0,3.0,0.5925
2388,734921,1.0,3.0,0.987
2389,734921,1.0,3.0,0.3635
2390,734921,1.0,3.0,1.5290000000000001
2391,734921,1.0,3.0,0.161
2392,734921,1.0,3.0,1.6985000000000001
2393,734921,1.0,3.0,0.885
2394,734921,1.0,3.0,1.6115
2395,734921,1.0,3.0,0.6970000000000001
2396,734921,1.0,3.0,0.6980000000000001
2397,734921,1.0,3.0,0.5815
2398,734921,1.0,3.0,0.8535
2399,734921,1.0,3.0,0.263
2400,734921,1.0,3.0,0.4195
2401,734921,1.0,3.0,1.1535
2402,734921,1.0,3.0,1.1725
2403,734921,1.0,3.0,0.9430000000000001
2404,734921,1.0,3.0,1.2845
2405,734921,1.0,3.0,1.099
2406,734921,1.0,3.0,0.456
2407,734921,1.0,3.0,0.5145
2408,734921,1.0,3.0,0.8320000000000001
2409,734921,1.0,3.0,0.3635
2410,734921,1.0,3.0,0.7535000000000001
2411,734921,1.0,3.0,0.3135
2412,734921,1.0,3.0,0.4325
2413,734921,1.0,3.0,0.5635
2414,734921,1.0,3.0,0.2225
2415,734921,1.0,3.0,0.47400000000000003
2416,734921,1.0,3.0,0.343
2417,734921,1.0,3.0,1.0815000000000001
2418,734921,1.0,3.0,0.5235
2419,734921,1.0,3.0,0.681
2420,734921,1.0,3.0,0.5105000000000001
2421,734921,1.0,3.0,0.75
2422,734921,1.0,3.0,0.586
2423,734921,1.0,3.0,1.2395
2424,734921,1.0,3.0,0.893
2425,734921,1.0,3.0,0.615
2426,734921,1.0,3.0,1.2785
2427,734921,1.0,3.0,1.168
2428,734921,1.0,3.0,0.602
2429,734921,1.0,3.0,0.468
2430,734921,1.0,3.0,0.7555000000000001
2431,734921,1.0,3.0,0.9480000000000001
2432,734921,1.0,3.0,0.3275
2433,734921,1.0,3.0,0.76
2434,734921,1.0,3.0,0.893
2435,734921,1.0,3.0,0.8045
2436,734921,1.0,3.0,0.704
2437,734921,1.0,3.0,0.3005
2438,734921,1.0,3.0,0.5695
2439,734921,1.0,3.0,0.8925000000000001
2440,734921,1.0,3.0,0.2165
2441,734921,1.0,3.0,1.0625
2442,734921,1.0,3.0,0.8485
2443,734921,1.0,3.0,1.194
2444,734921,1.0,3.0,1.349
2445,734921,1.0,3.0,0.8165
2446,734921,1.0,3.0,1.087
2447,734921,1.0,3.0,0.9440000000000001
2448,734921,1.0,3.0,0.5135
2449,734921,1.0,3.0,1.0495
2450,734921,1.0,3.0,1.8855
2451,734921,1.0,3.0,0.3825
2452,734921,1.0,3.0,1.3215000000000001
2453,734921,1.0,3.0,1.014
2454,734921,1.0,3.0,0.731
2455,734921,1.0,3.0,1.53
2456,734921,1.0,3.0,1.1855
2457,734921,1.0,3.0,1.0045
2458,734921,1.0,3.0,0.5435
2459,734921,1.0,3.0,0.302
2460,734921,1.0,3.0,0.298
2461,734921,1.0,3.0,0.872
2462,734921,1.0,3.0,0.7385
2463,734921,1.0,3.0,0.292
2464,734921,1.0,3.0,0.5795
2465,734921,1.0,3.0,0.7085
2466,734921,1.0,3.0,0.8535
2467,734921,1.0,3.0,0.8210000000000001
2468,734921,1.0,3.0,1.6380000000000001
2469,734921,1.0,3.0,1.2175
2470,734921,1.0,3.0,0.8645
2471,734921,1.0,3.0,1.094
2472,734921,1.0,3.0,1.3475
2473,734921,1.0,3.0,1.9545000000000001
2474,734921,1.0,3.0,0.6505
2475,734921,1.0,3.0,0.8725
2476,734921,1.0,3.0,0.46900000000000003
2477,734921,1.0,3.0,0.652
2478,734921,1.0,3.0,0.3825
2479,734921,1.0,3.0,0.5740000000000001
2480,734921,1.0,3.0,0.5135
2481,734921,1.0,3.0,0.4585
2482,734921,1.0,3.0,1.8860000000000001
2483,734921,1.0,3.0,0.6375000000000001
2484,734921,1.0,3.0,0.546
2485,734921,1.0,3.0,0.773
2486,734921,1.0,3.0,0.7905
2487,734921,1.0,3.0,0.7225
2488,734921,1.0,3.0,0.7175
2489,734921,1.0,3.0,0.774
2490,734921,1.0,3.0,0.523
2491,734921,1.0,3.0,0.9405
2492,734921,1.0,3.0,0.9555
2493,734921,1.0,3.0,0.8415
2494,734921,1.0,3.0,0.311
2495,734921,1.0,3.0,1.1895
2496,734921,1.0,3.0,0.176
2497,734921,1.0,3.0,0.359
2498,734921,1.0,3.0,1.2770000000000001
2499,734921,1.0,3.0,0.8145
2500,734921,1.0,3.0,0.907
2501,734921,1.0,3.0,0.2305
2502,734921,1.0,3.0,0.9915
2503,734921,1.0,3.0,0.9935
2504,734921,1.0,3.0,0.549
2505,734921,1.0,3.0,2.1045000000000003
2506,734921,1.0,3.0,0.453
2507,734921,1.0,3.0,1.3395000000000001
2508,734921,1.0,3.0,0.5925
2509,734921,1.0,3.0,0.318
2510,734921,1.0,3.0,0.5035000000000001
2511,734921,1.0,3.0,1.23
2512,734921,1.0,3.0,0.461
2513,734921,1.0,3.0,0.306
2514,734921,1.0,3.0,0.528
2515,734921,1.0,3.0,0.875
2516,734921,1.0,3.0,1.0375
2517,734921,1.0,3.0,1.0055
2518,734921,1.0,3.0,0.3895
2519,734921,1.0,3.0,0.716
2520,734921,1.0,3.0,1.322
2521,734921,1.0,3.0,0.5955
2522,734921,1.0,3.0,0.683
2523,734921,1.0,3.0,0.493
2524,734921,1.0,3.0,1.3545
2525,734921,1.0,3.0,0.6165
2526,734921,1.0,3.0,0.423
2527,734921,1.0,3.0,0.925
2528,734921,1.0,3.0,0.249
2529,734921,1.0,3.0,1.5225
2530,734921,1.0,3.0,0.604
2531,734921,1.0,3.0,2.3785
2532,734921,1.0,3.0,1.333
2533,734921,1.0,3.0,0.4675
2534,734921,1.0,3.0,0.847
2535,734921,1.0,3.0,1.3825
2536,734921,1.0,3.0,1.5605
2537,734921,1.0,3.0,0.397
2538,734921,1.0,3.0,1.5170000000000001
2539,734921,1.0,3.0,2.698
2540,734921,1.0,3.0,1.2225
2541,734921,1.0,3.0,0.4595
2542,734921,1.0,3.0,1.107
2543,734921,1.0,3.0,1.5455
2544,734921,1.0,3.0,1.0065
2545,734921,1.0,3.0,1.0095
2546,734921,1.0,3.0,0.3305
2547,734921,1.0,3.0,0.392
2548,734921,1.0,3.0,0.9625
2549,734921,1.0,3.0,0.9530000000000001
2550,734921,1.0,3.0,0.8055
2551,734921,1.0,3.0,0.7165
2552,734921,1.0,3.0,0.597
2553,734921,1.0,3.0,0.555
2554,734921,1.0,3.0,1.1675
2555,734921,1.0,3.0,1.104
2556,734921,1.0,3.0,0.861
2557,734921,1.0,3.0,1.9795
2558,734921,1.0,3.0,1.242
2559,734921,1.0,3.0,0.557
2560,734921,1.0,3.0,1.3645
2561,734921,1.0,3.0,0.7375
2562,734921,1.0,3.0,0.289
2563,734921,1.0,3.0,0.7545000000000001
2564,734921,1.0,3.0,0.845
2565,734921,1.0,3.0,0.5495
2566,734921,1.0,3.0,0.356
2567,734921,1.0,3.0,1.8345
2568,734921,1.0,3.0,0.4215
2569,734921,1.0,3.0,1.042
2570,734921,1.0,3.0,0.61
2571,734921,1.0,3.0,0.771
2572,734921,1.0,3.0,0.324
2573,734921,1.0,3.0,0.47650000000000003
2574,734921,1.0,3.0,0.5515
2575,734921,1.0,3.0,1.091
2576,734921,1.0,3.0,0.37
2577,734921,1.0,3.0,2.349
2578,734921,1.0,3.0,0.555
2579,734921,1.0,3.0,0.358
2580,734921,1.0,3.0,0.3685
2581,734921,1.0,3.0,0.617
2582,734921,1.0,3.0,0.363
2583,734921,1.0,3.0,0.8935000000000001
2584,734921,1.0,3.0,1.8780000000000001
2585,734921,1.0,3.0,2.2035
2586,734921,1.0,3.0,0.9635
2587,734921,1.0,3.0,1.669
2588,734921,1.0,3.0,1.5270000000000001
2589,734921,1.0,3.0,0.5465
2590,734921,1.0,3.0,0.658
2591,734921,1.0,3.0,1.217
2592,734921,1.0,3.0,0.725
2593,734921,1.0,3.0,0.54
2594,734921,1.0,3.0,0.5135
2595,734921,1.0,3.0,1.409
2596,734921,1.0,3.0,1.5155
2597,734921,1.0,3.0,0.395
2598,734921,1.0,3.0,0.341
2599,734921,1.0,3.0,0.73
2600,734921,1.0,3.0,0.9435
2601,734921,1.0,3.0,1.1555
2602,734921,1.0,3.0,0.65
2603,734921,1.0,3.0,1.7630000000000001
2604,734921,1.0,3.0,1.5305
2605,734921,1.0,3.0,0.63
2606,734921,1.0,3.0,0.534
2607,734921,1.0,3.0,0.4405
2608,734921,1.0,3.0,1.595
2609,734921,1.0,3.0,1.6005
2610,734921,1.0,3.0,0.3525
2611,734921,1.0,3.0,1.195
2612,734921,1.0,3.0,0.3215
2613,734921,1.0,3.0,0.595
2614,734921,1.0,3.0,1.016
2615,734921,1.0,3.0,0.7755
2616,734921,1.0,3.0,0.856
2617,734921,1.0,3.0,0.4605
2618,734921,1.0,3.0,0.321
2619,734921,1.0,3.0,0.41600000000000004
2620,734921,1.0,3.0,0.7915
2621,734921,1.0,3.0,0.8375
2622,734921,1.0,3.0,0.4
2623,734921,1.0,3.0,0.6605
2624,734921,1.0,3.0,3.365
2625,734921,1.0,3.0,0.861
2626,734921,1.0,3.0,0.8325
2627,734921,1.0,3.0,0.555
2628,734921,1.0,3.0,1.0905
2629,734921,1.0,3.0,1.058
2630,734921,1.0,3.0,0.622
2631,734921,1.0,3.0,0.8075
2632,734921,1.0,3.0,1.159
2633,734921,1.0,3.0,0.6315000000000001
2634,734921,1.0,3.0,1.2395
2635,734921,1.0,3.0,1.776
2636,734921,1.0,3.0,0.588
2637,734921,1.0,3.0,0.804
2638,734921,1.0,3.0,1.1105
2639,734921,1.0,3.0,0.8135
2640,734921,1.0,3.0,0.5615
2641,734921,1.0,3.0,0.723
2642,734921,1.0,3.0,1.0125
2643,734921,1.0,3.0,0.717
2644,734921,1.0,3.0,0.406
2645,734921,1.0,3.0,1.0965
2646,734921,1.0,3.0,0.8290000000000001
2647,734921,1.0,3.0,1.6885000000000001
2648,734921,1.0,3.0,0.667
2649,734921,1.0,3.0,0.86
2650,734921,1.0,3.0,0.6525
2651,734921,1.0,3.0,1.1365
2652,734921,1.0,3.0,0.3565
2653,734921,1.0,3.0,0.528
2654,734921,1.0,3.0,0.41350000000000003
2655,734921,1.0,3.0,0.8225
2656,734921,1.0,3.0,0.8765000000000001
2657,734921,1.0,3.0,1.1995
2658,734921,1.0,3.0,0.6895
2659,734921,1.0,3.0,1.844
2660,734921,1.0,3.0,0.916
2661,734921,1.0,3.0,2.3575
2662,734921,1.0,3.0,0.2895
2663,734921,1.0,3.0,0.3885
2664,734921,1.0,3.0,0.46900000000000003
2665,734921,1.0,3.0,0.678
2666,734921,1.0,3.0,0.763
2667,734921,1.0,3.0,0.722
2668,734921,1.0,3.0,2.5355
2669,734921,1.0,3.0,0.961
2670,734921,1.0,3.0,0.833
2671,734921,1.0,3.0,1.0765
2672,734921,1.0,3.0,0.5265
2673,734921,1.0,3.0,0.6865
2674,734921,1.0,3.0,1.7345
2675,734921,1.0,3.0,0.47750000000000004
2676,734921,1.0,3.0,0.486
2677,734921,1.0,3.0,0.683
2678,734921,1.0,3.0,0.7245
2679,734921,1.0,3.0,1.156
2680,734921,1.0,3.0,0.459
2681,734921,1.0,3.0,0.6405
2682,734921,1.0,3.0,0.3605
2683,734921,1.0,3.0,0.399
2684,734921,1.0,3.0,0.841
2685,734921,1.0,3.0,0.76
2686,734921,1.0,3.0,1.1945000000000001
2687,734921,1.0,3.0,0.927
2688,734921,1.0,3.0,0.8655
2689,734921,1.0,3.0,0.931
2690,734921,1.0,3.0,0.3645
2691,734921,1.0,3.0,0.9430000000000001
2692,734921,1.0,3.0,0.47350000000000003
2693,734921,1.0,3.0,0.3895
2694,734921,1.0,3.0,2.3425000000000002
2695,734921,1.0,3.0,0.1975
2696,734921,1.0,3.0,0.52
2697,734921,1.0,3.0,0.4495
2698,734921,1.0,3.0,0.9355
2699,734921,1.0,3.0,0.5095000000000001
2700,734921,1.0,3.0,0.6235
2701,734921,1.0,3.0,1.2145000000000001
2702,734921,1.0,3.0,0.4505
2703,734921,1.0,3.0,0.8555
2704,734921,1.0,3.0,1.106
2705,734921,1.0,3.0,0.4335
2706,734921,1.0,3.0,0.374
2707,734921,1.0,3.0,0.507
2708,734921,1.0,3.0,0.6795
2709,734921,1.0,3.0,0.6505
2710,734921,1.0,3.0,0.5095000000000001
2711,734921,1.0,3.0,0.904
2712,734921,1.0,3.0,0.925
2713,734921,1.0,3.0,0.441
2714,734921,1.0,3.0,0.6355000000000001
2715,734921,1.0,3.0,0.7020000000000001
2716,734921,1.0,3.0,0.707
2717,734921,1.0,3.0,0.503
2718,734921,1.0,3.0,1.1495
2719,734921,1.0,3.0,1.4175
2720,734921,1.0,3.0,0.307
2721,734921,1.0,3.0,0.748
2722,734921,1.0,3.0,0.5545
2723,734921,1.0,3.0,0.6405
2724,734921,1.0,3.0,0.47450000000000003
2725,734921,1.0,3.0,1.1865
2726,734921,1.0,3.0,0.873
2727,734921,1.0,3.0,0.9575
2728,734921,1.0,3.0,0.268
2729,734921,1.0,3.0,0.88
2730,734921,1.0,3.0,0.3055
2731,734921,1.0,3.0,0.869
2732,734921,1.0,3.0,0.6175
2733,734921,1.0,3.0,0.364
2734,734921,1.0,3.0,0.8305
2735,734921,1.0,3.0,0.5025000000000001
2736,734921,1.0,3.0,0.851
2737,734921,1.0,3.0,0.9105
2738,734921,1.0,3.0,0.879
2739,734921,1.0,3.0,0.561
2740,734921,1.0,3.0,0.465
2741,734921,1.0,3.0,0.3745
2742,734921,1.0,3.0,0.562
2743,734921,1.0,3.0,1.4515
2744,734921,1.0,3.0,0.3305
2745,734921,1.0,3.0,0.544
2746,734921,1.0,3.0,0.4235
2747,734921,1.0,3.0,0.7725
2748,734921,1.0,3.0,0.922
2749,734921,1.0,3.0,0.8005
2750,734921,1.0,3.0,0.5670000000000001
2751,734921,1.0,3.0,0.6915
2752,734921,1.0,3.0,1.35
2753,734921,1.0,3.0,0.6985
2754,734921,1.0,3.0,0.615
2755,734921,1.0,3.0,0.8835000000000001
2756,734921,1.0,3.0,0.869
2757,734921,1.0,3.0,0.6765
2758,734921,1.0,3.0,0.8935000000000001
2759,734921,1.0,3.0,0.937
2760,734921,1.0,3.0,1.4305
2761,734921,1.0,3.0,0.317
2762,734921,1.0,3.0,0.623
2763,734921,1.0,3.0,0.9455
2764,734921,1.0,3.0,0.558
2765,734921,1.0,3.0,0.4025
2766,734921,1.0,3.0,0.459
2767,734921,1.0,3.0,1.008
2768,734921,1.0,3.0,1.5190000000000001
2769,734921,1.0,3.0,0.7030000000000001
2770,734921,1.0,3.0,0.4195
2771,734921,1.0,3.0,0.877
2772,734921,1.0,3.0,0.538
2773,734921,1.0,3.0,1.7415
2774,734921,1.0,3.0,1.31
2775,734921,1.0,3.0,0.8285
2776,734921,1.0,3.0,0.3415
2777,734921,1.0,3.0,1.354
2778,734921,1.0,3.0,0.427
2779,734921,1.0,3.0,1.803
2780,734921,1.0,3.0,1.371
2781,734921,1.0,3.0,0.3075
2782,734921,1.0,3.0,1.2945
2783,734921,1.0,3.0,0.8655
2784,734921,1.0,3.0,0.7775
2785,734921,1.0,3.0,0.6325000000000001
2786,734921,1.0,3.0,0.496
2787,734921,1.0,3.0,1.352
2788,734921,1.0,3.0,0.637
2789,734921,1.0,3.0,1.044
2790,734921,1.0,3.0,1.324
2791,734921,1.0,3.0,0.7165
2792,734921,1.0,3.0,0.745
2793,734921,1.0,3.0,0.7205
2794,734921,1.0,3.0,1.0030000000000001
2795,734921,1.0,3.0,0.772
2796,734921,1.0,3.0,0.4965
2797,734921,1.0,3.0,0.444
2798,734921,1.0,3.0,0.965
2799,734921,1.0,3.0,1.1360000000000001
2800,734921,1.0,3.0,1.447
2801,734921,1.0,3.0,1.217
2802,734921,1.0,3.0,0.672
2803,734921,1.0,3.0,0.304
2804,734921,1.0,3.0,0.605
2805,734921,1.0,3.0,0.41150000000000003
2806,734921,1.0,3.0,1.1885000000000001
2807,734921,1.0,3.0,0.905
2808,734921,1.0,3.0,0.9845
2809,734921,1.0,3.0,0.6875
2810,734921,1.0,3.0,0.5045000000000001
2811,734921,1.0,3.0,1.686
2812,734921,1.0,3.0,0.326
2813,734921,1.0,3.0,1.554
2814,734921,1.0,3.0,0.5335
2815,734921,1.0,3.0,1.0355
2816,734921,1.0,3.0,0.75
2817,734921,1.0,3.0,0.3195
2818,734921,1.0,3.0,0.5775
2819,734921,1.0,3.0,1.1755
2820,734921,1.0,3.0,0.507
2821,734921,1.0,3.0,0.8885000000000001
2822,734921,1.0,3.0,0.4955
2823,734921,1.0,3.0,1.041
2824,734921,1.0,3.0,0.6195
2825,734921,1.0,3.0,0.6915
2826,734921,1.0,3.0,0.41450000000000004
2827,734921,1.0,3.0,0.6105
2828,734921,1.0,3.0,2.023
2829,734921,1.0,3.0,0.487
2830,734921,1.0,3.0,0.41200000000000003
2831,734921,1.0,3.0,1.0090000000000001
2832,734921,1.0,3.0,0.605
2833,734921,1.0,3.0,0.915
2834,734921,1.0,3.0,1.3125
2835,734921,1.0,3.0,0.526
2836,734921,1.0,3.0,2.0115
2837,734921,1.0,3.0,0.28750000000000003
2838,734921,1.0,3.0,0.5625
2839,734921,1.0,3.0,3.3415
2840,734921,1.0,3.0,0.6815
2841,734921,1.0,3.0,0.453
2842,734921,1.0,3.0,0.5955
2843,734921,1.0,3.0,0.7665000000000001
2844,734921,1.0,3.0,0.5690000000000001
2845,734921,1.0,3.0,0.3165
2846,734921,1.0,3.0,0.20550000000000002
2847,734921,1.0,3.0,0.8905000000000001
2848,734921,1.0,3.0,0.5035000000000001
2849,734921,1.0,3.0,1.0005
2850,734921,1.0,3.0,1.582
2851,734921,1.0,3.0,1.0875000000000001
2852,734921,1.0,3.0,0.862
2853,734921,1.0,3.0,0.3565
2854,734921,1.0,3.0,0.6265000000000001
2855,734921,1.0,3.0,1.2690000000000001
2856,734921,1.0,3.0,0.375
2857,734921,1.0,3.0,0.581
2858,734921,1.0,3.0,0.2525
2859,734921,1.0,3.0,1.8315000000000001
2860,734921,1.0,3.0,0.47350000000000003
2861,734921,1.0,3.0,0.47200000000000003
2862,734921,1.0,3.0,1.2445
2863,734921,1.0,3.0,0.5145
2864,734921,1.0,3.0,0.9025
2865,734921,1.0,3.0,0.4555
2866,734921,1.0,3.0,0.3625
2867,734921,1.0,3.0,0.462
2868,734921,1.0,3.0,0.2215
2869,734921,1.0,3.0,0.8905000000000001
2870,734921,1.0,3.0,1.5310000000000001
2871,734921,1.0,3.0,0.4
2872,734921,1.0,3.0,0.5015000000000001
2873,734921,1.0,3.0,0.3115
2874,734921,1.0,3.0,0.3095
2875,734921,1.0,3.0,1.9625000000000001
2876,734921,1.0,3.0,1.2215
2877,734921,1.0,3.0,1.576
2878,734921,1.0,3.0,1.738
2879,734921,1.0,3.0,0.9535
2880,734921,1.0,3.0,0.253
2881,734921,1.0,3.0,0.5335
2882,734921,1.0,3.0,0.7555000000000001
2883,734921,1.0,3.0,0.636
2884,734921,1.0,3.0,0.9540000000000001
2885,734921,1.0,3.0,0.28200000000000003
2886,734921,1.0,3.0,0.785
2887,734921,1.0,3.0,0.4475
2888,734921,1.0,3.0,0.332
2889,734921,1.0,3.0,1.3575
2890,734921,1.0,3.0,1.025
2891,734921,1.0,3.0,1.0625
2892,734921,1.0,3.0,0.643
2893,734921,1.0,3.0,0.1795
2894,734921,1.0,3.0,1.3735
2895,734921,1.0,3.0,1.492
2896,734921,1.0,3.0,0.6865
2897,734921,1.0,3.0,0.8045
2898,734921,1.0,3.0,0.802
2899,734921,1.0,3.0,0.3085
2900,734921,1.0,3.0,0.3605
2901,734921,1.0,3.0,0.3315
2902,734921,1.0,3.0,0.9025
2903,734921,1.0,3.0,1.0955
2904,734921,1.0,3.0,0.934
2905,734921,1.0,3.0,0.679
2906,734921,1.0,3.0,1.6320000000000001
2907,734921,1.0,3.0,0.3695
2908,734921,1.0,3.0,2.301
2909,734921,1.0,3.0,0.92
2910,734921,1.0,3.0,0.8165
2911,734921,1.0,3.0,0.87
2912,734921,1.0,3.0,0.877
2913,734921,1.0,3.0,0.6485
2914,734921,1.0,3.0,0.6815
2915,734921,1.0,3.0,0.7955
2916,734921,1.0,3.0,1.2005000000000001
2917,734921,1.0,3.0,1.931
2918,734921,1.0,3.0,0.674
2919,734921,1.0,3.0,0.4565
2920,734921,1.0,3.0,0.419
2921,734921,1.0,3.0,0.5670000000000001
2922,734921,1.0,3.0,1.5995000000000001
2923,734921,1.0,3.0,0.4305
2924,734921,1.0,3.0,0.6045
2925,734921,1.0,3.0,0.4315
2926,734921,1.0,3.0,1.243
2927,734921,1.0,3.0,0.5055000000000001
2928,734921,1.0,3.0,0.3925
2929,734921,1.0,3.0,0.849
2930,734921,1.0,3.0,0.5700000000000001
2931,734921,1.0,3.0,0.4845
2932,734921,1.0,3.0,0.789
2933,734921,1.0,3.0,1.2655
2934,734921,1.0,3.0,0.723
2935,734921,1.0,3.0,1.29
2936,734921,1.0,3.0,0.779
2937,734921,1.0,3.0,1.1555
2938,734921,1.0,3.0,0.641
2939,734921,1.0,3.0,0.4855
2940,734921,1.0,3.0,0.9845
2941,734921,1.0,3.0,0.4035
2942,734921,1.0,3.0,0.1925
2943,734921,1.0,3.0,0.279
2944,734921,1.0,3.0,0.8130000000000001
2945,734921,1.0,3.0,1.093
2946,734921,1.0,3.0,1.133
2947,734921,1.0,3.0,0.803
2948,734921,1.0,3.0,0.1995
2949,734921,1.0,3.0,0.6295000000000001
2950,734921,1.0,3.0,0.555
2951,734921,1.0,3.0,0.273
2952,734921,1.0,3.0,1.264
2953,734921,1.0,3.0,0.9065
2954,734921,1.0,3.0,0.8045
2955,734921,1.0,3.0,1.174
2956,734921,1.0,3.0,0.8795000000000001
2957,734921,1.0,3.0,0.735
2958,734921,1.0,3.0,0.212
2959,734921,1.0,3.0,1.3965
2960,734921,1.0,3.0,0.9495
2961,734921,1.0,3.0,0.513
2962,734921,1.0,3.0,0.5225
2963,734921,1.0,3.0,0.33
2964,734921,1.0,3.0,0.8150000000000001
2965,734921,1.0,3.0,0.462
2966,734921,1.0,3.0,1.055
2967,734921,1.0,3.0,1.1955
2968,734921,1.0,3.0,0.899
2969,734921,1.0,3.0,0.451
2970,734921,1.0,3.0,0.4645
2971,734921,1.0,3.0,0.535
2972,734921,1.0,3.0,0.517
2973,734921,1.0,3.0,1.778
2974,734921,1.0,3.0,0.856
2975,734921,1.0,3.0,1.0275
2976,734921,1.0,3.0,0.23550000000000001
2977,734921,1.0,3.0,0.501
2978,734921,1.0,3.0,0.5545
2979,734921,1.0,3.0,0.9685
2980,734921,1.0,3.0,2.4775
2981,734921,1.0,3.0,0.7195
2982,734921,1.0,3.0,0.49
2983,734921,1.0,3.0,0.5825
2984,734921,1.0,3.0,0.8465
2985,734921,1.0,3.0,0.315
2986,734921,1.0,3.0,0.47750000000000004
2987,734921,1.0,3.0,0.7755
2988,734921,1.0,3.0,0.5035000000000001
2989,734921,1.0,3.0,0.625
2990,734921,1.0,3.0,0.424
2991,734921,1.0,3.0,1.3435000000000001
2992,734921,1.0,3.0,0.5515
2993,734921,1.0,3.0,0.3975
2994,734921,1.0,3.0,1.291
2995,734921,1.0,3.0,0.5005000000000001
2996,734921,1.0,3.0,0.5385
2997,734921,1.0,3.0,0.6805
2998,734921,1.0,3.0,0.5740000000000001
2999,734921,1.0,3.0,0.527
3000,734921,1.0,3.0,0.8975
3001,734921,1.0,3.0,0.3155
3002,734921,1.0,3.0,0.559
3003,734921,1.0,3.0,1.0745
3004,734921,1.0,3.0,0.8045
3005,734921,1.0,3.0,0.8625
3006,734921,1.0,3.0,1.223
3007,734921,1.0,3.0,1.2265
3008,734921,1.0,3.0,0.547
3009,734921,1.0,3.0,0.3055
3010,734921,1.0,3.0,1.943
3011,734921,1.0,3.0,1.2025000000000001
3012,734921,1.0,3.0,0.81
3013,734921,1.0,3.0,1.2665
3014,734921,1.0,3.0,0.4165
3015,734921,1.0,3.0,0.33
3016,734921,1.0,3.0,0.966
3017,734921,1.0,3.0,0.841
3018,734921,1.0,3.0,0.835
3019,734921,1.0,3.0,0.367
3020,734921,1.0,3.0,0.8240000000000001
3021,734921,1.0,3.0,0.8215
3022,734921,1.0,3.0,0.3165
3023,734921,1.0,3.0,0.2605
3024,734921,1.0,3.0,0.5
3025,734921,1.0,3.0,0.687
3026,734921,1.0,3.0,0.551
3027,734921,1.0,3.0,1.0535
3028,734921,1.0,3.0,0.462
3029,734921,1.0,3.0,0.673
3030,734921,1.0,3.0,0.4285
3031,734921,1.0,3.0,0.44
3032,734921,1.0,3.0,0.7825
3033,734921,1.0,3.0,1.0025
3034,734921,1.0,3.0,0.261
3035,734921,1.0,3.0,1.3305
3036,734921,1.0,3.0,1.4455
3037,734921,1.0,3.0,0.663
3038,734921,1.0,3.0,1.228
3039,734921,1.0,3.0,0.8140000000000001
3040,734921,1.0,3.0,1.5685
3041,734921,1.0,3.0,0.9865
3042,734921,1.0,3.0,0.9725
3043,734921,1.0,3.0,0.666
3044,734921,1.0,3.0,1.0465
3045,734921,1.0,3.0,1.187
3046,734921,1.0,3.0,0.5655
3047,734921,1.0,3.0,0.9455
3048,734921,1.0,3.0,1.4085
3049,734921,1.0,3.0,0.577
3050,734921,1.0,3.0,0.872
3051,734921,1.0,3.0,0.34750000000000003
3052,734921,1.0,3.0,0.9570000000000001
3053,734921,1.0,3.0,0.6895
3054,734921,1.0,3.0,2.5615
3055,734921,1.0,3.0,0.842
3056,734921,1.0,3.0,0.41450000000000004
3057,734921,1.0,3.0,0.6745
3058,734921,1.0,3.0,0.72
3059,734921,1.0,3.0,0.4565
3060,734921,1.0,3.0,0.5455
3061,734921,1.0,3.0,0.615
3062,734921,1.0,3.0,1.9140000000000001
3063,734921,1.0,3.0,2.7905
3064,734921,1.0,3.0,0.28200000000000003
3065,734921,1.0,3.0,0.448
3066,734921,1.0,3.0,0.517
3067,734921,1.0,3.0,0.234
3068,734921,1.0,3.0,0.862
3069,734921,1.0,3.0,0.7775
3070,734921,1.0,3.0,0.6960000000000001
3071,734921,1.0,3.0,0.532
3072,734921,1.0,3.0,0.6315000000000001
3073,734921,1.0,3.0,0.485
3074,734921,1.0,3.0,0.6825
3075,734921,1.0,3.0,0.3925
3076,734921,1.0,3.0,0.47300000000000003
3077,734921,1.0,3.0,0.5405
3078,734921,1.0,3.0,0.551
3079,734921,1.0,3.0,0.8200000000000001
3080,734921,1.0,3.0,0.5875
3081,734921,1.0,3.0,1.863
3082,734921,1.0,3.0,0.8825000000000001
3083,734921,1.0,3.0,0.649
3084,734921,1.0,3.0,0.6890000000000001
3085,734921,1.0,3.0,0.4975
3086,734921,1.0,3.0,0.625
3087,734921,1.0,3.0,0.8585
3088,734921,1.0,3.0,0.648
3089,734921,1.0,3.0,0.6305000000000001
3090,734921,1.0,3.0,2.8465000000000003
3091,734921,1.0,3.0,0.622
3092,734921,1.0,3.0,1.236
3093,734921,1.0,3.0,0.23550000000000001
3094,734921,1.0,3.0,0.7115
3095,734921,1.0,3.0,0.7405
3096,734921,1.0,3.0,1.0375
3097,734921,1.0,3.0,1.1065
3098,734921,1.0,3.0,0.873
3099,734921,1.0,3.0,0.375
3100,734921,1.0,3.0,0.362
3101,734921,1.0,3.0,0.5875
3102,734921,1.0,3.0,0.621
3103,734921,1.0,3.0,0.2755
3104,734921,1.0,3.0,0.343
3105,734921,1.0,3.0,1.758
3106,734921,1.0,3.0,0.8335
3107,734921,1.0,3.0,0.35050000000000003
3108,734921,1.0,3.0,1.8425
3109,734921,1.0,3.0,2.011
3110,734921,1.0,3.0,0.6065
3111,734921,1.0,3.0,0.843
3112,734921,1.0,3.0,0.6665
3113,734921,1.0,3.0,0.5660000000000001
3114,734921,1.0,3.0,1.172
3115,734921,1.0,3.0,0.487
3116,734921,1.0,3.0,2.4405
3117,734921,1.0,3.0,1.4825
3118,734921,1.0,3.0,0.7975
3119,734921,1.0,3.0,0.43
3120,734921,1.0,3.0,0.546
3121,734921,1.0,3.0,0.35150000000000003
3122,734921,1.0,3.0,0.4485
3123,734921,1.0,3.0,0.913
3124,734921,1.0,3.0,0.704
3125,734921,1.0,3.0,1.7
3126,734921,1.0,3.0,0.4645
3127,734921,1.0,3.0,0.609
3128,734921,1.0,3.0,0.7025
3129,734921,1.0,3.0,0.8935000000000001
3130,734921,1.0,3.0,0.507
3131,734921,1.0,3.0,0.5265
3132,734921,1.0,3.0,0.47550000000000003
3133,734921,1.0,3.0,0.9835
3134,734921,1.0,3.0,1.1785
3135,734921,1.0,3.0,0.9445
3136,734921,1.0,3.0,0.7855
3137,734921,1.0,3.0,0.6455
3138,734921,1.0,3.0,0.734
3139,734921,1.0,3.0,0.56
3140,734921,1.0,3.0,0.6615
3141,734921,1.0,3.0,0.684
3142,734921,1.0,3.0,0.779
3143,734921,1.0,3.0,0.423
3144,734921,1.0,3.0,0.9205
3145,734921,1.0,3.0,0.318
3146,734921,1.0,3.0,0.6035
3147,734921,1.0,3.0,0.4345
3148,734921,1.0,3.0,1.1265
3149,734921,1.0,3.0,0.392
3150,734921,1.0,3.0,1.181
3151,734921,1.0,3.0,0.898
3152,734921,1.0,3.0,0.6405
3153,734921,1.0,3.0,0.4965
3154,734921,1.0,3.0,0.8665
3155,734921,1.0,3.0,0.6375000000000001
3156,734921,1.0,3.0,0.4025
3157,734921,1.0,3.0,0.965
3158,734921,1.0,3.0,0.259
3159,734921,1.0,3.0,0.3155
3160,734921,1.0,3.0,0.266
3161,734921,1.0,3.0,1.2585
3162,734921,1.0,3.0,1.187
3163,734921,1.0,3.0,0.317
3164,734921,1.0,3.0,0.393
3165,734921,1.0,3.0,2.6255
3166,734921,1.0,3.0,1.591
3167,734921,1.0,3.0,1.576
3168,734921,1.0,3.0,0.359
3169,734921,1.0,3.0,1.1205
3170,734921,1.0,3.0,0.2495
3171,734921,1.0,3.0,1.002
3172,734921,1.0,3.0,0.882
3173,734921,1.0,3.0,0.8735
3174,734921,1.0,3.0,0.978
3175,734921,1.0,3.0,0.5385
3176,734921,1.0,3.0,0.728
3177,734921,1.0,3.0,1.3045
3178,734921,1.0,3.0,0.537
3179,734921,1.0,3.0,0.844
3180,734921,1.0,3.0,0.742
3181,734921,1.0,3.0,1.054
3182,734921,1.0,3.0,1.1965000000000001
3183,734921,1.0,3.0,1.318
3184,734921,1.0,3.0,0.4665
3185,734921,1.0,3.0,0.352
3186,734921,1.0,3.0,0.5885
3187,734921,1.0,3.0,0.34
3188,734921,1.0,3.0,0.8735
3189,734921,1.0,3.0,0.536
3190,734921,1.0,3.0,0.28
3191,734921,1.0,3.0,0.6315000000000001
3192,734921,1.0,3.0,1.037
3193,734921,1.0,3.0,0.7435
3194,734921,1.0,3.0,0.599
3195,734921,1.0,3.0,0.6595
3196,734921,1.0,3.0,0.92
3197,734921,1.0,3.0,0.7185
3198,734921,1.0,3.0,1.0115
3199,734921,1.0,3.0,0.5455
3200,734921,1.0,3.0,0.685
3201,734921,1.0,3.0,0.289
3202,734921,1.0,3.0,0.799
3203,734921,1.0,3.0,0.4595
3204,734921,1.0,3.0,0.743
3205,734921,1.0,3.0,0.785
3206,734921,1.0,3.0,0.522
3207,734921,1.0,3.0,0.537
3208,734921,1.0,3.0,0.484
3209,734921,1.0,3.0,1.181
3210,734921,1.0,3.0,0.6155
3211,734921,1.0,3.0,0.42
3212,734921,1.0,3.0,0.23750000000000002
3213,734921,1.0,3.0,0.3235
3214,734921,1.0,3.0,0.406
3215,734921,1.0,3.0,1.4965
3216,734921,1.0,3.0,0.9295
3217,734921,1.0,3.0,0.72
3218,734921,1.0,3.0,1.2875
3219,734921,1.0,3.0,0.847
3220,734921,1.0,3.0,0.6855
3221,734921,1.0,3.0,0.5285
3222,734921,1.0,3.0,0.9550000000000001
3223,734921,1.0,3.0,0.3415
3224,734921,1.0,3.0,0.8215
3225,734921,1.0,3.0,2.4795000000000003
3226,734921,1.0,3.0,0.4655
3227,734921,1.0,3.0,0.9145
3228,734921,1.0,3.0,0.5275
3229,734921,1.0,3.0,0.791
3230,734921,1.0,3.0,1.875
3231,734921,1.0,3.0,0.664
3232,734921,1.0,3.0,0.47650000000000003
3233,734921,1.0,3.0,2.099
3234,734921,1.0,3.0,0.555
3235,734921,1.0,3.0,0.2135
3236,734921,1.0,3.0,0.4685
3237,734921,1.0,3.0,0.7685
3238,734921,1.0,3.0,0.882
3239,734921,1.0,3.0,0.9055
3240,734921,1.0,3.0,0.7855
3241,734921,1.0,3.0,1.0655000000000001
3242,734921,1.0,3.0,0.406
3243,734921,1.0,3.0,0.4175
3244,734921,1.0,3.0,0.381
3245,734921,1.0,3.0,0.8395
3246,734921,1.0,3.0,0.715
3247,734921,1.0,3.0,0.259
3248,734921,1.0,3.0,1.4585000000000001
3249,734921,1.0,3.0,0.7365
3250,734921,1.0,3.0,0.2265
3251,734921,1.0,3.0,1.0085
3252,734921,1.0,3.0,0.876
3253,734921,1.0,3.0,0.6755
3254,734921,1.0,3.0,0.405
3255,734921,1.0,3.0,1.1255
3256,734921,1.0,3.0,0.595
3257,734921,1.0,3.0,1.1125
3258,734921,1.0,3.0,0.487
3259,734921,1.0,3.0,2.119
3260,734921,1.0,3.0,0.3645
3261,734921,1.0,3.0,1.2105000000000001
3262,734921,1.0,3.0,0.4605
3263,734921,1.0,3.0,1.09
3264,734921,1.0,3.0,0.375
3265,734921,1.0,3.0,0.6375000000000001
3266,734921,1.0,3.0,0.209
3267,734921,1.0,3.0,0.6895
3268,734921,1.0,3.0,0.3235
3269,734921,1.0,3.0,0.3295
3270,734921,1.0,3.0,0.799
3271,734921,1.0,3.0,0.5675
3272,734921,1.0,3.0,0.84
3273,734921,1.0,3.0,0.9775
3274,734921,1.0,3.0,1.0345
3275,734921,1.0,3.0,0.803
3276,734921,1.0,3.0,1.073
3277,734921,1.0,3.0,0.727
3278,734921,1.0,3.0,0.7765
3279,734921,1.0,3.0,1.356
3280,734921,1.0,3.0,0.453
3281,734921,1.0,3.0,0.642
3282,734921,1.0,3.0,0.6585
3283,734921,1.0,3.0,1.226
3284,734921,1.0,3.0,0.4195
3285,734921,1.0,3.0,0.5325
3286,734921,1.0,3.0,0.668
3287,734921,1.0,3.0,0.792
3288,734921,1.0,3.0,0.3595
3289,734921,1.0,3.0,0.47150000000000003
3290,734921,1.0,3.0,1.166
3291,734921,1.0,3.0,0.642
3292,734921,1.0,3.0,0.7785
3293,734921,1.0,3.0,0.5075000000000001
3294,734921,1.0,3.0,0.62
3295,734921,1.0,3.0,0.6135
3296,734921,1.0,3.0,0.4265
3297,734921,1.0,3.0,0.66
3298,734921,1.0,3.0,2.669
3299,734921,1.0,3.0,1.034
3300,734921,1.0,3.0,0.518
3301,734921,1.0,3.0,0.654
3302,734921,1.0,3.0,0.8065
3303,734921,1.0,3.0,0.7945
3304,734921,1.0,3.0,0.606
3305,734921,1.0,3.0,1.1785
3306,734921,1.0,3.0,2.465
3307,734921,1.0,3.0,0.549
3308,734921,1.0,3.0,0.968
3309,734921,1.0,3.0,0.851
3310,734921,1.0,3.0,0.3435
3311,734921,1.0,3.0,0.8085
3312,734921,1.0,3.0,0.4315
3313,734921,1.0,3.0,0.8985
3314,734921,1.0,3.0,0.4475
3315,734921,1.0,3.0,0.5545
3316,734921,1.0,3.0,0.5955
3317,734921,1.0,3.0,1.11
3318,734921,1.0,3.0,1.084
3319,734921,1.0,3.0,0.711
3320,734921,1.0,3.0,0.5045000000000001
3321,734921,1.0,3.0,0.652
3322,734921,1.0,3.0,0.898
3323,734921,1.0,3.0,0.556
3324,734921,1.0,3.0,0.615
3325,734921,1.0,3.0,0.3875
3326,734921,1.0,3.0,0.5975
3327,734921,1.0,3.0,0.781
3328,734921,1.0,3.0,0.356
3329,734921,1.0,3.0,0.7185
3330,734921,1.0,3.0,1.8175000000000001
3331,734921,1.0,3.0,0.3775
3332,734921,1.0,3.0,1.2285
3333,734921,1.0,3.0,0.506
3334,734921,1.0,3.0,0.901
3335,734921,1.0,3.0,0.47250000000000003
3336,734921,1.0,3.0,0.403
3337,734921,1.0,3.0,1.0645
3338,734921,1.0,3.0,0.9550000000000001
3339,734921,1.0,3.0,0.8895000000000001
3340,734921,1.0,3.0,0.6395000000000001
3341,734921,1.0,3.0,0.562
3342,734921,1.0,3.0,0.886
3343,734921,1.0,3.0,0.6755
3344,734921,1.0,3.0,1.2750000000000001
3345,734921,1.0,3.0,0.33
3346,734921,1.0,3.0,0.526
3347,734921,1.0,3.0,0.3615
3348,734921,1.0,3.0,0.7405
3349,734921,1.0,3.0,0.805
3350,734921,1.0,3.0,0.489
3351,734921,1.0,3.0,0.58
3352,734921,1.0,3.0,1.1375
3353,734921,1.0,3.0,0.732
3354,734921,1.0,3.0,0.355
3355,734921,1.0,3.0,0.302
3356,734921,1.0,3.0,1.5050000000000001
3357,734921,1.0,3.0,1.416
3358,734921,1.0,3.0,0.28350000000000003
3359,734921,1.0,3.0,0.7955
3360,734921,1.0,3.0,0.615
3361,734921,1.0,3.0,1.478
3362,734921,1.0,3.0,0.5975
3363,734921,1.0,3.0,0.7345
3364,734921,1.0,3.0,0.441
3365,734921,1.0,3.0,0.7395
3366,734921,1.0,3.0,0.376
3367,734921,1.0,3.0,0.808
3368,734921,1.0,3.0,0.8405
3369,734921,1.0,3.0,0.684
3370,734921,1.0,3.0,0.887
3371,734921,1.0,3.0,0.8140000000000001
3372,734921,1.0,3.0,0.1905
3373,734921,1.0,3.0,0.9635
3374,734921,1.0,3.0,0.361
3375,734921,1.0,3.0,3.1870000000000003
3376,734921,1.0,3.0,0.7245
3377,734921,1.0,3.0,0.2895
3378,734921,1.0,3.0,0.8735
3379,734921,1.0,3.0,1.0325
3380,734921,1.0,3.0,1.314
3381,734921,1.0,3.0,1.248
3382,734921,1.0,3.0,1.158
3383,734921,1.0,3.0,0.6385000000000001
3384,734921,1.0,3.0,0.3715
3385,734921,1.0,3.0,0.968
3386,734921,1.0,3.0,0.545
3387,734921,1.0,3.0,0.9105
3388,734921,1.0,3.0,0.332
3389,734921,1.0,3.0,0.6635
3390,734921,1.0,3.0,1.8455000000000001
3391,734921,1.0,3.0,0.795
3392,734921,1.0,3.0,0.5625
3393,734921,1.0,3.0,1.434
3394,734921,1.0,3.0,1.2245
3395,734921,1.0,3.0,0.7915
3396,734921,1.0,3.0,0.8455
3397,734921,1.0,3.0,1.2195
3398,734921,1.0,3.0,1.4815
3399,734921,1.0,3.0,1.0090000000000001
3400,734921,1.0,3.0,0.5125
3401,734921,1.0,3.0,0.778
3402,734921,1.0,3.0,0.915
3403,734921,1.0,3.0,0.337
3404,734921,1.0,3.0,0.9445
3405,734921,1.0,3.0,0.4415
3406,734921,1.0,3.0,1.1305
3407,734921,1.0,3.0,0.4905
3408,734921,1.0,3.0,0.606
3409,734921,1.0,3.0,1.553
3410,734921,1.0,3.0,1.2815
3411,734921,1.0,3.0,1.9735
3412,734921,1.0,3.0,0.668
3413,734921,1.0,3.0,0.4805
3414,734921,1.0,3.0,0.6115
3415,734921,1.0,3.0,0.9325
3416,734921,1.0,3.0,1.0245
3417,734921,1.0,3.0,1.4035
3418,734921,1.0,3.0,0.5075000000000001
3419,734921,1.0,3.0,0.431
3420,734921,1.0,3.0,0.294
3421,734921,1.0,3.0,0.5475
3422,734921,1.0,3.0,0.7635000000000001
3423,734921,1.0,3.0,0.625
3424,734921,1.0,3.0,0.399
3425,734921,1.0,3.0,1.5875000000000001
3426,734921,1.0,3.0,0.578
3427,734921,1.0,3.0,1.231
3428,734921,1.0,3.0,0.3795
3429,734921,1.0,3.0,0.418
3430,734921,1.0,3.0,0.6335000000000001
3431,734921,1.0,3.0,1.122
3432,734921,1.0,3.0,0.634
3433,734921,1.0,3.0,0.397
3434,734921,1.0,3.0,0.873
3435,734921,1.0,3.0,0.424
3436,734921,1.0,3.0,0.433
3437,734921,1.0,3.0,2.8335
3438,734921,1.0,3.0,0.6485
3439,734921,1.0,3.0,1.805
3440,734921,1.0,3.0,0.335
3441,734921,1.0,3.0,1.157
3442,734921,1.0,3.0,0.6005
3443,734921,1.0,3.0,0.715
3444,734921,1.0,3.0,1.5
3445,734921,1.0,3.0,2.0245
3446,734921,1.0,3.0,0.47250000000000003
3447,734921,1.0,3.0,1.5535
3448,734921,1.0,3.0,0.23550000000000001
3449,734921,1.0,3.0,0.9615
3450,734921,1.0,3.0,1.0545
3451,734921,1.0,3.0,1.099
3452,734921,1.0,3.0,0.3915
3453,734921,1.0,3.0,0.7735
3454,734921,1.0,3.0,0.8425
3455,734921,1.0,3.0,0.4985
3456,734921,1.0,3.0,1.1715
3457,734921,1.0,3.0,0.334
3458,734921,1.0,3.0,2.207
3459,734921,1.0,3.0,0.3565
3460,734921,1.0,3.0,0.7865
3461,734921,1.0,3.0,0.5255
3462,734921,1.0,3.0,0.713
3463,734921,1.0,3.0,0.5685
3464,734921,1.0,3.0,0.537
3465,734921,1.0,3.0,1.831
3466,734921,1.0,3.0,0.397
3467,734921,1.0,3.0,0.308
3468,734921,1.0,3.0,0.608
3469,734921,1.0,3.0,1.0130000000000001
3470,734921,1.0,3.0,0.5335
3471,734921,1.0,3.0,0.436
3472,734921,1.0,3.0,0.7925
3473,734921,1.0,3.0,0.2805
3474,734921,1.0,3.0,1.5375
3475,734921,1.0,3.0,0.791
3476,734921,1.0,3.0,0.77
3477,734921,1.0,3.0,0.601
3478,734921,1.0,3.0,1.458
3479,734921,1.0,3.0,0.597
3480,734921,1.0,3.0,1.8645
3481,734921,1.0,3.0,1.351
3482,734921,1.0,3.0,1.116
3483,734921,1.0,3.0,1.329
3484,734921,1.0,3.0,1.1225
3485,734921,1.0,3.0,0.5585
3486,734921,1.0,3.0,1.2375
3487,734921,1.0,3.0,0.4365
3488,734921,1.0,3.0,0.246
3489,734921,1.0,3.0,1.12
3490,734921,1.0,3.0,1.079
3491,734921,1.0,3.0,0.8275
3492,734921,1.0,3.0,1.3575
3493,734921,1.0,3.0,0.2695
3494,734921,1.0,3.0,0.272
3495,734921,1.0,3.0,0.9285
3496,734921,1.0,3.0,0.9875
3497,734921,1.0,3.0,0.65
3498,734921,1.0,3.0,0.6845
3499,734921,1.0,3.0,0.6365000000000001
3500,734921,1.0,3.0,1.041
3501,734921,1.0,3.0,1.4115
3502,734921,1.0,3.0,0.6950000000000001
3503,734921,1.0,3.0,1.2765
3504,734921,1.0,3.0,0.4315
3505,734921,1.0,3.0,0.3285
3506,734921,1.0,3.0,0.6615
3507,734921,1.0,3.0,0.37
3508,734921,1.0,3.0,0.6135
3509,734921,1.0,3.0,0.3685
3510,734921,1.0,3.0,0.4995
3511,734921,1.0,3.0,0.641
3512,734921,1.0,3.0,0.47600000000000003
3513,734921,1.0,3.0,0.4325
3514,734921,1.0,3.0,0.4365
3515,734921,1.0,3.0,1.995
3516,734921,1.0,3.0,0.444
3517,734921,1.0,3.0,1.4085
3518,734921,1.0,3.0,1.0
3519,734921,1.0,3.0,0.6735
3520,734921,1.0,3.0,0.9625
3521,734921,1.0,3.0,0.8385
3522,734921,1.0,3.0,1.8235000000000001
3523,734921,1.0,3.0,0.28200000000000003
3524,734921,1.0,3.0,0.5680000000000001
3525,734921,1.0,3.0,1.1125
3526,734921,1.0,3.0,0.40950000000000003
3527,734921,1.0,3.0,0.91
3528,734921,1.0,3.0,1.06
3529,734921,1.0,3.0,0.577
3530,734921,1.0,3.0,0.4005
3531,734921,1.0,3.0,1.333
3532,734921,1.0,3.0,0.9055
3533,734921,1.0,3.0,1.308
3534,734921,1.0,3.0,0.2935
3535,734921,1.0,3.0,0.783
3536,734921,1.0,3.0,1.169
3537,734921,1.0,3.0,1.5085
3538,734921,1.0,3.0,0.5680000000000001
3539,734921,1.0,3.0,1.3195000000000001
3540,734921,1.0,3.0,0.708
3541,734921,1.0,3.0,0.3725
3542,734921,1.0,3.0,0.47850000000000004
3543,734921,1.0,3.0,0.915
3544,734921,1.0,3.0,0.7885
3545,734921,1.0,3.0,0.5745
3546,734921,1.0,3.0,1.108
3547,734921,1.0,3.0,1.309
3548,734921,1.0,3.0,0.8225
3549,734921,1.0,3.0,0.8705
3550,734921,1.0,3.0,0.506
3551,734921,1.0,3.0,0.5505
3552,734921,1.0,3.0,0.3125
3553,734921,1.0,3.0,1.0855000000000001
3554,734921,1.0,3.0,0.608
3555,734921,1.0,3.0,0.991
3556,734921,1.0,3.0,1.1195
3557,734921,1.0,3.0,0.6155
3558,734921,1.0,3.0,0.713
3559,734921,1.0,3.0,0.402
3560,734921,1.0,3.0,1.7910000000000001
3561,734921,1.0,3.0,0.7045
3562,734921,1.0,3.0,0.333
3563,734921,1.0,3.0,0.7185
3564,734921,1.0,3.0,1.0170000000000001
3565,734921,1.0,3.0,0.5065000000000001
3566,734921,1.0,3.0,0.489
3567,734921,1.0,3.0,0.336
3568,734921,1.0,3.0,1.188
3569,734921,1.0,3.0,0.9145
3570,734921,1.0,3.0,0.4585
3571,734921,1.0,3.0,0.773
3572,734921,1.0,3.0,1.9525000000000001
3573,734921,1.0,3.0,0.3535
3574,734921,1.0,3.0,0.243
3575,734921,1.0,3.0,0.298
3576,734921,1.0,3.0,1.1975
3577,734921,1.0,3.0,0.7035
3578,734921,1.0,3.0,1.0050000000000001
3579,734921,1.0,3.0,0.8965
3580,734921,1.0,3.0,2.0615
3581,734921,1.0,3.0,0.7030000000000001
3582,734921,1.0,3.0,0.4245
3583,734921,1.0,3.0,1.385
3584,734921,1.0,3.0,0.335
3585,734921,1.0,3.0,0.3375
3586,734921,1.0,3.0,0.5630000000000001
3587,734921,1.0,3.0,1.802
3588,734921,1.0,3.0,0.7145
3589,734921,1.0,3.0,0.5435
3590,734921,1.0,3.0,0.377
3591,734921,1.0,3.0,1.99
3592,734921,1.0,3.0,0.7935
3593,734921,1.0,3.0,1.301
3594,734921,1.0,3.0,0.333
3595,734921,1.0,3.0,1.0915
3596,734921,1.0,3.0,0.386
3597,734921,1.0,3.0,0.6255000000000001
3598,734921,1.0,3.0,1.824
3599,734921,1.0,3.0,0.64
3600,734921,1.0,3.0,0.4465
3601,734921,1.0,3.0,0.867
3602,734921,1.0,3.0,1.208
3603,734921,1.0,3.0,0.3335
3604,734921,1.0,3.0,1.062
3605,734921,1.0,3.0,0.343
3606,734921,1.0,3.0,0.5690000000000001
3607,734921,1.0,3.0,1.312
3608,734921,1.0,3.0,1.2385
3609,734921,1.0,3.0,0.675
3610,734921,1.0,3.0,0.4545
3611,734921,1.0,3.0,0.682
3612,734921,1.0,3.0,0.9265
3613,734921,1.0,3.0,1.7605
3614,734921,1.0,3.0,0.835
3615,734921,1.0,3.0,0.3155
3616,734921,1.0,3.0,0.3775
3617,734921,1.0,3.0,0.41450000000000004
3618,734921,1.0,3.0,0.459
3619,734921,1.0,3.0,0.7435
3620,734921,1.0,3.0,0.4915
3621,734921,1.0,3.0,0.8300000000000001
3622,734921,1.0,3.0,2.5595
3623,734921,1.0,3.0,1.2475
3624,734921,1.0,3.0,0.6435
3625,734921,1.0,3.0,0.34900000000000003
3626,734921,1.0,3.0,0.7845
3627,734921,1.0,3.0,0.3555
3628,734921,1.0,3.0,1.061
3629,734921,1.0,3.0,0.2665
3630,734921,1.0,3.0,1.5155
3631,734921,1.0,3.0,0.903
3632,734921,1.0,3.0,0.6535
3633,734921,1.0,3.0,0.864
3634,734921,1.0,3.0,1.041
3635,734921,1.0,3.0,0.4025
3636,734921,1.0,3.0,0.4515
3637,734921,1.0,3.0,0.86
3638,734921,1.0,3.0,1.0405
3639,734921,1.0,3.0,1.359
3640,734921,1.0,3.0,1.0095
3641,734921,1.0,3.0,1.441
3642,734921,1.0,3.0,0.5345
3643,734921,1.0,3.0,0.75
3644,734921,1.0,3.0,1.016
3645,734921,1.0,3.0,0.3815
3646,734921,1.0,3.0,1.025
3647,734921,1.0,3.0,0.3015
3648,734921,1.0,3.0,0.7585000000000001
3649,734921,1.0,3.0,0.988
3650,734921,1.0,3.0,2.403
3651,734921,1.0,3.0,0.5585
3652,734921,1.0,3.0,0.368
3653,734921,1.0,3.0,0.47950000000000004
3654,734921,1.0,3.0,0.6915
3655,734921,1.0,3.0,0.5505
3656,734921,1.0,3.0,0.68
3657,734921,1.0,3.0,0.55
3658,734921,1.0,3.0,0.9460000000000001
3659,734921,1.0,3.0,0.5315
3660,734921,1.0,3.0,0.6405
3661,734921,1.0,3.0,0.5975
3662,734921,1.0,3.0,0.4915
3663,734921,1.0,3.0,0.47200000000000003
3664,734921,1.0,3.0,1.7365
3665,734921,1.0,3.0,0.812
3666,734921,1.0,3.0,0.35100000000000003
3667,734921,1.0,3.0,1.182
3668,734921,1.0,3.0,0.81
3669,734921,1.0,3.0,0.2465
3670,734921,1.0,3.0,0.388
3671,734921,1.0,3.0,0.5630000000000001
3672,734921,1.0,3.0,0.3055
3673,734921,1.0,3.0,0.336
3674,734921,1.0,3.0,0.766
3675,734921,1.0,3.0,0.6565
3676,734921,1.0,3.0,0.6405
3677,734921,1.0,3.0,1.1525
3678,734921,1.0,3.0,0.7605000000000001
3679,734921,1.0,3.0,0.312
3680,734921,1.0,3.0,0.562
3681,734921,1.0,3.0,0.622
3682,734921,1.0,3.0,0.317
3683,734921,1.0,3.0,0.746
3684,734921,1.0,3.0,0.767
3685,734921,1.0,3.0,0.555
3686,734921,1.0,3.0,0.8415
3687,734921,1.0,3.0,1.1380000000000001
3688,734921,1.0,3.0,1.3465
3689,734921,1.0,3.0,0.503
3690,734921,1.0,3.0,0.676
3691,734921,1.0,3.0,0.9135
3692,734921,1.0,3.0,1.836
3693,734921,1.0,3.0,0.439
3694,734921,1.0,3.0,1.2345
3695,734921,1.0,3.0,1.0295
3696,734921,1.0,3.0,1.049
3697,734921,1.0,3.0,0.684
3698,734921,1.0,3.0,0.34
3699,734921,1.0,3.0,0.583
3700,734921,1.0,3.0,0.4305
3701,734921,1.0,3.0,2.5895
3702,734921,1.0,3.0,0.58
3703,734921,1.0,3.0,0.6015
3704,734921,1.0,3.0,2.231
3705,734921,1.0,3.0,0.514
3706,734921,1.0,3.0,2.4755000000000003
3707,734921,1.0,3.0,0.908
3708,734921,1.0,3.0,0.72
3709,734921,1.0,3.0,0.609
3710,734921,1.0,3.0,1.0455
3711,734921,1.0,3.0,0.482
3712,734921,1.0,3.0,0.7685
3713,734921,1.0,3.0,1.0075
3714,734921,1.0,3.0,0.6195
3715,734921,1.0,3.0,0.676
3716,734921,1.0,3.0,0.4485
3717,734921,1.0,3.0,0.5710000000000001
3718,734921,1.0,3.0,0.579
3719,734921,1.0,3.0,0.762
3720,734921,1.0,3.0,0.7035
3721,734921,1.0,3.0,0.308
3722,734921,1.0,3.0,0.8180000000000001
3723,734921,1.0,3.0,0.9570000000000001
3724,734921,1.0,3.0,0.9865
3725,734921,1.0,3.0,1.3085
3726,734921,1.0,3.0,1.049
3727,734921,1.0,3.0,0.4865
3728,734921,1.0,3.0,0.771
3729,734921,1.0,3.0,1.3225
3730,734921,1.0,3.0,0.8665
3731,734921,1.0,3.0,2.411
3732,734921,1.0,3.0,1.0305
3733,734921,1.0,3.0,2.083
3734,734921,1.0,3.0,3.088
3735,734921,1.0,3.0,0.3915
3736,734921,1.0,3.0,0.5505
3737,734921,1.0,3.0,0.806
3738,734921,1.0,3.0,0.31
3739,734921,1.0,3.0,1.756
3740,734921,1.0,3.0,0.932
3741,734921,1.0,3.0,0.7815
3742,734921,1.0,3.0,0.619
3743,734921,1.0,3.0,0.553
3744,734921,1.0,3.0,0.3905
3745,734921,1.0,3.0,0.6275000000000001
3746,734921,1.0,3.0,0.5885
3747,734921,1.0,3.0,1.863
3748,734921,1.0,3.0,0.8015
3749,734921,1.0,3.0,0.53
3750,734921,1.0,3.0,0.28200000000000003
3751,734921,1.0,3.0,2.4
3752,734921,1.0,3.0,0.339
3753,734921,1.0,3.0,0.6075
3754,734921,1.0,3.0,1.0985
3755,734921,1.0,3.0,1.2735
3756,734921,1.0,3.0,1.3095
3757,734921,1.0,3.0,0.6940000000000001
3758,734921,1.0,3.0,0.442
3759,734921,1.0,3.0,1.1645
3760,734921,1.0,3.0,0.9155
3761,734921,1.0,3.0,1.3215000000000001
3762,734921,1.0,3.0,0.6975
3763,734921,1.0,3.0,0.371
3764,734921,1.0,3.0,0.7745
3765,734921,1.0,3.0,1.2385
3766,734921,1.0,3.0,0.541
3767,734921,1.0,3.0,1.076
3768,734921,1.0,3.0,0.41100000000000003
3769,734921,1.0,3.0,0.5185
3770,734921,1.0,3.0,0.7855
3771,734921,1.0,3.0,0.753
3772,734921,1.0,3.0,1.526
3773,734921,1.0,3.0,0.604
3774,734921,1.0,3.0,0.219
3775,734921,1.0,3.0,0.41450000000000004
3776,734921,1.0,3.0,1.1175
3777,734921,1.0,3.0,0.5435
3778,734921,1.0,3.0,0.9015
3779,734921,1.0,3.0,0.4545
3780,734921,1.0,3.0,0.4985
3781,734921,1.0,3.0,3.4465
3782,734921,1.0,3.0,0.3675
3783,734921,1.0,3.0,1.375
3784,734921,1.0,3.0,0.9295
3785,734921,1.0,3.0,0.3235
3786,734921,1.0,3.0,0.7735
3787,734921,1.0,3.0,0.377
3788,734921,1.0,3.0,1.055
3789,734921,1.0,3.0,0.4675
3790,734921,1.0,3.0,1.2195
3791,734921,1.0,3.0,0.808
3792,734921,1.0,3.0,0.639
3793,734921,1.0,3.0,0.788
3794,734921,1.0,3.0,0.3235
3795,734921,1.0,3.0,0.6035
3796,734921,1.0,3.0,1.459
3797,734921,1.0,3.0,0.6625
3798,734921,1.0,3.0,0.9485
3799,734921,1.0,3.0,0.5585
3800,734921,1.0,3.0,0.8425
3801,734921,1.0,3.0,0.393
3802,734921,1.0,3.0,1.027
3803,734921,1.0,3.0,0.5655
3804,734921,1.0,3.0,0.582
3805,734921,1.0,3.0,0.6960000000000001
3806,734921,1.0,3.0,1.1320000000000001
3807,734921,1.0,3.0,1.0205
3808,734921,1.0,3.0,0.537
3809,734921,1.0,3.0,0.4175
3810,734921,1.0,3.0,0.6385000000000001
3811,734921,1.0,3.0,0.505
3812,734921,1.0,3.0,0.253
3813,734921,1.0,3.0,0.8190000000000001
3814,734921,1.0,3.0,1.361
3815,734921,1.0,3.0,0.481
3816,734921,1.0,3.0,0.648
3817,734921,1.0,3.0,1.2005000000000001
3818,734921,1.0,3.0,0.764
3819,734921,1.0,3.0,0.886
3820,734921,1.0,3.0,0.47000000000000003
3821,734921,1.0,3.0,0.447
3822,734921,1.0,3.0,1.4765
3823,734921,1.0,3.0,1.206
3824,734921,1.0,3.0,1.0555
3825,734921,1.0,3.0,0.7625000000000001
3826,734921,1.0,3.0,0.281
3827,734921,1.0,3.0,1.1545
3828,734921,1.0,3.0,0.687
3829,734921,1.0,3.0,0.6525
3830,734921,1.0,3.0,1.1025
3831,734921,1.0,3.0,1.1595
3832,734921,1.0,3.0,0.7605000000000001
3833,734921,1.0,3.0,0.4535
3834,734921,1.0,3.0,0.6765
3835,734921,1.0,3.0,1.0110000000000001
3836,734921,1.0,3.0,1.2765
3837,734921,1.0,3.0,0.7675000000000001
3838,734921,1.0,3.0,0.357
3839,734921,1.0,3.0,1.0905
3840,734921,1.0,3.0,0.615
3841,734921,1.0,3.0,0.403
3842,734921,1.0,3.0,0.656
3843,734921,1.0,3.0,0.4855
3844,734921,1.0,3.0,0.46950000000000003
3845,734921,1.0,3.0,0.3565
3846,734921,1.0,3.0,2.0555
3847,734921,1.0,3.0,0.6285000000000001
3848,734921,1.0,3.0,0.5835
3849,734921,1.0,3.0,0.8445
3850,734921,1.0,3.0,0.4845
3851,734921,1.0,3.0,0.2445
3852,734921,1.0,3.0,0.335
3853,734921,1.0,3.0,0.6945
3854,734921,1.0,3.0,2.5635
3855,734921,1.0,3.0,0.41250000000000003
3856,734921,1.0,3.0,0.5720000000000001
3857,734921,1.0,3.0,0.962
3858,734921,1.0,3.0,1.703
3859,734921,1.0,3.0,0.5715
3860,734921,1.0,3.0,0.803
3861,734921,1.0,3.0,0.865
3862,734921,1.0,3.0,1.2765
3863,734921,1.0,3.0,1.104
3864,734921,1.0,3.0,0.592
3865,734921,1.0,3.0,0.4395
3866,734921,1.0,3.0,0.3955
3867,734921,1.0,3.0,0.603
3868,734921,1.0,3.0,0.5605
3869,734921,1.0,3.0,0.738
3870,734921,1.0,3.0,0.248
3871,734921,1.0,3.0,0.4815
3872,734921,1.0,3.0,1.373
3873,734921,1.0,3.0,0.3275
3874,734921,1.0,3.0,0.8855000000000001
3875,734921,1.0,3.0,0.337
3876,734921,1.0,3.0,0.531
3877,734921,1.0,3.0,0.7855
3878,734921,1.0,3.0,0.2945
3879,734921,1.0,3.0,0.652
3880,734921,1.0,3.0,2.834
3881,734921,1.0,3.0,0.562
3882,734921,1.0,3.0,1.122
3883,734921,1.0,3.0,0.402
3884,734921,1.0,3.0,1.0665
3885,734921,1.0,3.0,0.678
3886,734921,1.0,3.0,0.5305
3887,734921,1.0,3.0,0.5975
3888,734921,1.0,3.0,1.7645
3889,734921,1.0,3.0,0.9885
3890,734921,1.0,3.0,0.4805
3891,734921,1.0,3.0,0.509
3892,734921,1.0,3.0,0.383
3893,734921,1.0,3.0,0.40950000000000003
3894,734921,1.0,3.0,1.9315
3895,734921,1.0,3.0,0.772
3896,734921,1.0,3.0,0.5865
3897,734921,1.0,3.0,0.8615
3898,734921,1.0,3.0,0.429
3899,734921,1.0,3.0,0.7205
3900,734921,1.0,3.0,1.605
3901,734921,1.0,3.0,0.667
3902,734921,1.0,3.0,0.5785
3903,734921,1.0,3.0,1.3880000000000001
3904,734921,1.0,3.0,1.5330000000000001
3905,734921,1.0,3.0,0.548
3906,734921,1.0,3.0,0.891
3907,734921,1.0,3.0,1.324
3908,734921,1.0,3.0,1.4535
3909,734921,1.0,3.0,1.7325
3910,734921,1.0,3.0,0.4335
3911,734921,1.0,3.0,0.9505
3912,734921,1.0,3.0,0.311
3913,734921,1.0,3.0,1.086
3914,734921,1.0,3.0,0.988
3915,734921,1.0,3.0,0.3425
3916,734921,1.0,3.0,0.361
3917,734921,1.0,3.0,0.465
3918,734921,1.0,3.0,0.5740000000000001
3919,734921,1.0,3.0,0.7385
3920,734921,1.0,3.0,0.482
3921,734921,1.0,3.0,1.047
3922,734921,1.0,3.0,1.0505
3923,734921,1.0,3.0,0.397
3924,734921,1.0,3.0,0.5760000000000001
3925,734921,1.0,3.0,0.333
3926,734921,1.0,3.0,0.6735
3927,734921,1.0,3.0,1.5165
3928,734921,1.0,3.0,0.643
3929,734921,1.0,3.0,0.809
3930,734921,1.0,3.0,0.6955
3931,734921,1.0,3.0,0.855
3932,734921,1.0,3.0,1.715
3933,734921,1.0,3.0,0.496
3934,734921,1.0,3.0,1.3745
3935,734921,1.0,3.0,0.6915
3936,734921,1.0,3.0,0.971
3937,734921,1.0,3.0,0.5135
3938,734921,1.0,3.0,0.527
3939,734921,1.0,3.0,1.238
3940,734921,1.0,3.0,0.626
3941,734921,1.0,3.0,0.8155
3942,734921,1.0,3.0,2.179
3943,734921,1.0,3.0,0.495
3944,734921,1.0,3.0,2.1275
3945,734921,1.0,3.0,0.664
3946,734921,1.0,3.0,0.863
3947,734921,1.0,3.0,0.929
3948,734921,1.0,3.0,0.6625
3949,734921,1.0,3.0,0.586
3950,734921,1.0,3.0,1.399
3951,734921,1.0,3.0,0.7975
3952,734921,1.0,3.0,1.9735
3953,734921,1.0,3.0,0.7095
3954,734921,1.0,3.0,0.5815
3955,734921,1.0,3.0,1.2175
3956,734921,1.0,3.0,0.306
3957,734921,1.0,3.0,0.608
3958,734921,1.0,3.0,0.644
3959,734921,1.0,3.0,0.41400000000000003
3960,734921,1.0,3.0,0.8305
3961,734921,1.0,3.0,0.43
3962,734921,1.0,3.0,3.9130000000000003
3963,734921,1.0,3.0,0.7555000000000001
3964,734921,1.0,3.0,0.58
3965,734921,1.0,3.0,1.8415000000000001
3966,734921,1.0,3.0,0.857
3967,734921,1.0,3.0,0.41000000000000003
3968,734921,1.0,3.0,0.527
3969,734921,1.0,3.0,1.2665
3970,734921,1.0,3.0,0.8505
3971,734921,1.0,3.0,0.492
3972,734921,1.0,3.0,0.706
3973,734921,1.0,3.0,1.1755
3974,734921,1.0,3.0,0.2485
3975,734921,1.0,3.0,1.385
3976,734921,1.0,3.0,0.4245
3977,734921,1.0,3.0,0.28350000000000003
3978,734921,1.0,3.0,1.1500000000000001
3979,734921,1.0,3.0,0.731
3980,734921,1.0,3.0,0.72
3981,734921,1.0,3.0,0.419
3982,734921,1.0,3.0,2.969
3983,734921,1.0,3.0,0.905
3984,734921,1.0,3.0,0.357
3985,734921,1.0,3.0,2.5180000000000002
3986,734921,1.0,3.0,1.7155
3987,734921,1.0,3.0,0.221
3988,734921,1.0,3.0,0.5115000000000001
3989,734921,1.0,3.0,0.3665
3990,734921,1.0,3.0,1.0115
3991,734921,1.0,3.0,1.5115
3992,734921,1.0,3.0,0.641
3993,734921,1.0,3.0,0.257
3994,734921,1.0,3.0,0.557
3995,734921,1.0,3.0,0.6900000000000001
3996,734921,1.0,3.0,0.797
3997,734921,1.0,3.0,1.1785
3998,734921,1.0,3.0,0.252
3999,734921,1.0,3.0,0.9485
4000,734921,1.0,3.0,0.7195
4001,734921,1.0,3.0,0.9815
4002,734921,1.0,3.0,0.2755
4003,734921,1.0,3.0,0.3705
4004,734921,1.0,3.0,0.774
4005,734921,1.0,3.0,0.72
4006,734921,1.0,3.0,0.5655
4007,734921,1.0,3.0,0.619
4008,734921,1.0,3.0,0.268
4009,734921,1.0,3.0,0.5715
4010,734921,1.0,3.0,0.37
4011,734921,1.0,3.0,0.879
4012,734921,1.0,3.0,1.1285
4013,734921,1.0,3.0,0.6835
4014,734921,1.0,3.0,0.713
4015,734921,1.0,3.0,0.733
4016,734921,1.0,3.0,0.365
4017,734921,1.0,3.0,0.878
4018,734921,1.0,3.0,1.1815
4019,734921,1.0,3.0,0.6890000000000001
4020,734921,1.0,3.0,0.6900000000000001
4021,734921,1.0,3.0,0.2225
4022,734921,1.0,3.0,0.337
4023,734921,1.0,3.0,1.1365
4024,734921,1.0,3.0,0.34500000000000003
4025,734921,1.0,3.0,1.2115
4026,734921,1.0,3.0,0.41150000000000003
4027,734921,1.0,3.0,0.4345
4028,734921,1.0,3.0,0.7135
4029,734921,1.0,3.0,0.6045
4030,734921,1.0,3.0,0.556
4031,734921,1.0,3.0,0.4005
4032,734921,1.0,3.0,0.805
4033,734921,1.0,3.0,1.493
4034,734921,1.0,3.0,0.481
4035,734921,1.0,3.0,0.3925
4036,734921,1.0,3.0,1.056
4037,734921,1.0,3.0,0.5055000000000001
4038,734921,1.0,3.0,1.108
4039,734921,1.0,3.0,0.8995
4040,734921,1.0,3.0,0.883
4041,734921,1.0,3.0,0.7825
4042,734921,1.0,3.0,2.0775
4043,734921,1.0,3.0,1.203
4044,734921,1.0,3.0,0.455
4045,734921,1.0,3.0,0.366
4046,734921,1.0,3.0,0.4505
4047,734921,1.0,3.0,1.207
4048,734921,1.0,3.0,0.914
4049,734921,1.0,3.0,0.6075
4050,734921,1.0,3.0,1.2795
4051,734921,1.0,3.0,0.403
4052,734921,1.0,3.0,0.601
4053,734921,1.0,3.0,0.5445
4054,734921,1.0,3.0,0.3
4055,734921,1.0,3.0,0.715
4056,734921,1.0,3.0,0.7695
4057,734921,1.0,3.0,0.774
4058,734921,1.0,3.0,0.724
4059,734921,1.0,3.0,0.935
4060,734921,1.0,3.0,0.488
4061,734921,1.0,3.0,0.549
4062,734921,1.0,3.0,0.608
4063,734921,1.0,3.0,0.5865
4064,734921,1.0,3.0,0.795
4065,734921,1.0,3.0,0.7865
4066,734921,1.0,3.0,0.5595
4067,734921,1.0,3.0,0.8825000000000001
4068,734921,1.0,3.0,1.989
4069,734921,1.0,3.0,0.8355
4070,734921,1.0,3.0,1.222
4071,734921,1.0,3.0,0.9585
4072,734921,1.0,3.0,1.4295
4073,734921,1.0,3.0,0.7475
4074,734921,1.0,3.0,0.4245
4075,734921,1.0,3.0,0.43
4076,734921,1.0,3.0,0.91
4077,734921,1.0,3.0,1.0130000000000001
4078,734921,1.0,3.0,0.613
4079,734921,1.0,3.0,1.1305
4080,734921,1.0,3.0,0.6045
4081,734921,1.0,3.0,0.686
4082,734921,1.0,3.0,1.0625
4083,734921,1.0,3.0,0.883
4084,734921,1.0,3.0,1.4195
4085,734921,1.0,3.0,0.5655
4086,734921,1.0,3.0,1.1545
4087,734921,1.0,3.0,0.656
4088,734921,1.0,3.0,1.3
4089,734921,1.0,3.0,0.7075
4090,734921,1.0,3.0,0.3965
4091,734921,1.0,3.0,0.736
4092,734921,1.0,3.0,0.3675
4093,734921,1.0,3.0,1.4505000000000001
4094,734921,1.0,3.0,1.139
4095,734921,1.0,3.0,0.913
4096,734921,1.0,3.0,0.5015000000000001
4097,734921,1.0,3.0,1.1405
4098,734921,1.0,3.0,1.587
4099,734921,1.0,3.0,0.545
4100,734921,1.0,3.0,0.5445
4101,734921,1.0,3.0,1.5035
4102,734921,1.0,3.0,0.9995
4103,734921,1.0,3.0,0.5195
4104,734921,1.0,3.0,0.781
4105,734921,1.0,3.0,0.8505
4106,734921,1.0,3.0,0.375
4107,734921,1.0,3.0,0.989
4108,734921,1.0,3.0,1.1215
4109,734921,1.0,3.0,0.5555
4110,734921,1.0,3.0,0.4815
4111,734921,1.0,3.0,0.9480000000000001
4112,734921,1.0,3.0,2.472
4113,734921,1.0,3.0,0.455
4114,734921,1.0,3.0,0.837
4115,734921,1.0,3.0,0.6885
4116,734921,1.0,3.0,0.532
4117,734921,1.0,3.0,0.28
4118,734921,1.0,3.0,0.8385
4119,734921,1.0,3.0,0.6855
4120,734921,1.0,3.0,0.53
4121,734921,1.0,3.0,0.7325
4122,734921,1.0,3.0,0.259
4123,734921,1.0,3.0,1.6825
4124,734921,1.0,3.0,1.8485
4125,734921,1.0,3.0,1.4405000000000001
4126,734921,1.0,3.0,0.898
4127,734921,1.0,3.0,0.3975
4128,734921,1.0,3.0,1.1715
4129,734921,1.0,3.0,0.4515
4130,734921,1.0,3.0,0.5425
4131,734921,1.0,3.0,0.6075
4132,734921,1.0,3.0,0.8155
4133,734921,1.0,3.0,0.323
4134,734921,1.0,3.0,2.468
4135,734921,1.0,3.0,0.5495
4136,734921,1.0,3.0,0.983
4137,734921,1.0,3.0,1.526
4138,734921,1.0,3.0,0.8465
4139,734921,1.0,3.0,0.4905
4140,734921,1.0,3.0,1.3405
4141,734921,1.0,3.0,0.7015
4142,734921,1.0,3.0,0.3205
4143,734921,1.0,3.0,0.7655000000000001
4144,734921,1.0,3.0,0.442
4145,734921,1.0,3.0,1.1565
4146,734921,1.0,3.0,0.51
4147,734921,1.0,3.0,1.4445000000000001
4148,734921,1.0,3.0,1.0025
4149,734921,1.0,3.0,0.653
4150,734921,1.0,3.0,0.768
4151,734921,1.0,3.0,1.613
4152,734921,1.0,3.0,0.9745
4153,734921,1.0,3.0,1.7570000000000001
4154,734921,1.0,3.0,0.614
4155,734921,1.0,3.0,0.6135
4156,734921,1.0,3.0,2.302
4157,734921,1.0,3.0,0.3835
4158,734921,1.0,3.0,0.51
4159,734921,1.0,3.0,1.817
4160,734921,1.0,3.0,0.72
4161,734921,1.0,3.0,0.8365
4162,734921,1.0,3.0,0.389
4163,734921,1.0,3.0,1.137
4164,734921,1.0,3.0,0.9495
4165,734921,1.0,3.0,1.297
4166,734921,1.0,3.0,0.356
4167,734921,1.0,3.0,0.7465
4168,734921,1.0,3.0,1.1665
4169,734921,1.0,3.0,0.9895
4170,734921,1.0,3.0,0.7675000000000001
4171,734921,1.0,3.0,1.526
4172,734921,1.0,3.0,1.0745
4173,734921,1.0,3.0,0.6930000000000001
4174,734921,1.0,3.0,0.75
4175,734921,1.0,3.0,1.7075
4176,734921,1.0,3.0,0.41200000000000003
4177,734921,1.0,3.0,0.2675
4178,734921,1.0,3.0,0.20500000000000002
4179,734921,1.0,3.0,1.231
4180,734921,1.0,3.0,0.6265000000000001
4181,734921,1.0,3.0,0.3615
4182,734921,1.0,3.0,0.9635
4183,734921,1.0,3.0,0.8795000000000001
4184,734921,1.0,3.0,0.8300000000000001
4185,734921,1.0,3.0,1.313
4186,734921,1.0,3.0,0.2525
4187,734921,1.0,3.0,0.4525
4188,734921,1.0,3.0,0.67
4189,734921,1.0,3.0,1.208
4190,734921,1.0,3.0,0.6825
4191,734921,1.0,3.0,0.6905
4192,734921,1.0,3.0,1.0855000000000001
4193,734921,1.0,3.0,1.1675
4194,734921,1.0,3.0,1.42
4195,734921,1.0,3.0,1.2035
4196,734921,1.0,3.0,0.7005
4197,734921,1.0,3.0,1.312
4198,734921,1.0,3.0,0.5655
4199,734921,1.0,3.0,1.1365
4200,734921,1.0,3.0,0.846
4201,734921,1.0,3.0,1.044
4202,734921,1.0,3.0,1.5815000000000001
4203,734921,1.0,3.0,0.383
4204,734921,1.0,3.0,1.413
4205,734921,1.0,3.0,0.333
4206,734921,1.0,3.0,0.5035000000000001
4207,734921,1.0,3.0,0.4175
4208,734921,1.0,3.0,0.906
4209,734921,1.0,3.0,0.3885
4210,734921,1.0,3.0,0.4575
4211,734921,1.0,3.0,0.996
4212,734921,1.0,3.0,0.5585
4213,734921,1.0,3.0,0.8240000000000001
4214,734921,1.0,3.0,0.5445
4215,734921,1.0,3.0,0.4405
4216,734921,1.0,3.0,0.6075
4217,734921,1.0,3.0,1.0275
4218,734921,1.0,3.0,0.863
4219,734921,1.0,3.0,0.8895000000000001
4220,734921,1.0,3.0,0.4935
4221,734921,1.0,3.0,0.8555
4222,734921,1.0,3.0,1.0195
4223,734921,1.0,3.0,0.871
4224,734921,1.0,3.0,0.435
4225,734921,1.0,3.0,0.6960000000000001
4226,734921,1.0,3.0,0.5245
4227,734921,1.0,3.0,0.34750000000000003
4228,734921,1.0,3.0,0.4565
4229,734921,1.0,3.0,0.719
4230,734921,1.0,3.0,1.7465
4231,734921,1.0,3.0,1.098
4232,734921,1.0,3.0,0.766
4233,734921,1.0,3.0,1.606
4234,734921,1.0,3.0,0.47950000000000004
4235,734921,1.0,3.0,0.253
4236,734921,1.0,3.0,1.236
4237,734921,1.0,3.0,0.4555
4238,734921,1.0,3.0,0.6515
4239,734921,1.0,3.0,1.0695000000000001
4240,734921,1.0,3.0,0.618
4241,734921,1.0,3.0,0.3715
4242,734921,1.0,3.0,1.191
4243,734921,1.0,3.0,0.679
4244,734921,1.0,3.0,1.25
4245,734921,1.0,3.0,0.849
4246,734921,1.0,3.0,0.4905
4247,734921,1.0,3.0,0.97
4248,734921,1.0,3.0,1.2670000000000001
4249,734921,1.0,3.0,0.9785
4250,734921,1.0,3.0,0.9915
4251,734921,1.0,3.0,1.075
4252,734921,1.0,3.0,0.7095
4253,734921,1.0,3.0,0.7385
4254,734921,1.0,3.0,0.856
4255,734921,1.0,3.0,0.42
4256,734921,1.0,3.0,0.3195
4257,734921,1.0,3.0,1.69
4258,734921,1.0,3.0,0.4595
4259,734921,1.0,3.0,0.928
4260,734921,1.0,3.0,0.2565
4261,734921,1.0,3.0,1.5095
4262,734921,1.0,3.0,0.36
4263,734921,1.0,3.0,0.973
4264,734921,1.0,3.0,0.5845
4265,734921,1.0,3.0,1.454
4266,734921,1.0,3.0,0.5955
4267,734921,1.0,3.0,1.2415
4268,734921,1.0,3.0,0.6355000000000001
4269,734921,1.0,3.0,0.358
4270,734921,1.0,3.0,0.3285
4271,734921,1.0,3.0,0.85
4272,734921,1.0,3.0,1.2650000000000001
4273,734921,1.0,3.0,0.492
4274,734921,1.0,3.0,0.426
4275,734921,1.0,3.0,0.2965
4276,734921,1.0,3.0,0.602
4277,734921,1.0,3.0,0.3935
4278,734921,1.0,3.0,1.691
4279,734921,1.0,3.0,0.5275
4280,734921,1.0,3.0,0.911
4281,734921,1.0,3.0,1.2315
4282,734921,1.0,3.0,1.0
4283,734921,1.0,3.0,0.41300000000000003
4284,734921,1.0,3.0,2.4875000000000003
4285,734921,1.0,3.0,0.6275000000000001
4286,734921,1.0,3.0,1.56
4287,734921,1.0,3.0,1.032
4288,734921,1.0,3.0,0.583
4289,734921,1.0,3.0,0.5005000000000001
4290,734921,1.0,3.0,1.305
4291,734921,1.0,3.0,0.7265
4292,734921,1.0,3.0,0.577
4293,734921,1.0,3.0,0.763
4294,734921,1.0,3.0,0.7855
4295,734921,1.0,3.0,0.32
4296,734921,1.0,3.0,0.657
4297,734921,1.0,3.0,1.2145000000000001
4298,734921,1.0,3.0,0.461
4299,734921,1.0,3.0,1.338
4300,734921,1.0,3.0,0.9115
4301,734921,1.0,3.0,1.1460000000000001
4302,734921,1.0,3.0,0.6905
4303,734921,1.0,3.0,0.547
4304,734921,1.0,3.0,0.9505
4305,734921,1.0,3.0,1.3725
4306,734921,1.0,3.0,0.3335
4307,734921,1.0,3.0,1.6125
4308,734921,1.0,3.0,0.78
4309,734921,1.0,3.0,1.6125
4310,734921,1.0,3.0,0.8245
4311,734921,1.0,3.0,0.1965
4312,734921,1.0,3.0,0.63
4313,734921,1.0,3.0,1.647
4314,734921,1.0,3.0,1.649
4315,734921,1.0,3.0,0.3045
4316,734921,1.0,3.0,0.481
4317,734921,1.0,3.0,0.3845
4318,734921,1.0,3.0,1.2995
4319,734921,1.0,3.0,1.2055
4320,734921,1.0,3.0,0.623
4321,734921,1.0,3.0,0.2895
4322,734921,1.0,3.0,0.5935
4323,734921,1.0,3.0,1.542
4324,734921,1.0,3.0,0.4675
4325,734921,1.0,3.0,0.718
4326,734921,1.0,3.0,0.641
4327,734921,1.0,3.0,0.494
4328,734921,1.0,3.0,0.466
4329,734921,1.0,3.0,1.3215000000000001
4330,734921,1.0,3.0,0.55
4331,734921,1.0,3.0,0.9590000000000001
4332,734921,1.0,3.0,0.9775
4333,734921,1.0,3.0,2.3705
4334,734921,1.0,3.0,0.28650000000000003
4335,734921,1.0,3.0,0.6645
4336,734921,1.0,3.0,0.7625000000000001
4337,734921,1.0,3.0,0.5685
4338,734921,1.0,3.0,1.2505
4339,734921,1.0,3.0,0.209
4340,734921,1.0,3.0,0.8220000000000001
4341,734921,1.0,3.0,1.819
4342,734921,1.0,3.0,2.486
4343,734921,1.0,3.0,1.201
4344,734921,1.0,3.0,1.2525
4345,734921,1.0,3.0,0.306
4346,734921,1.0,3.0,0.5625
4347,734921,1.0,3.0,0.7655000000000001
4348,734921,1.0,3.0,0.805
4349,734921,1.0,3.0,0.9805
4350,734921,1.0,3.0,1.0005
4351,734921,1.0,3.0,0.851
4352,734921,1.0,3.0,0.7785
4353,734921,1.0,3.0,1.3415000000000001
4354,734921,1.0,3.0,0.652
4355,734921,1.0,3.0,0.843
4356,734921,1.0,3.0,1.3195000000000001
4357,734921,1.0,3.0,1.0050000000000001
4358,734921,1.0,3.0,0.7565000000000001
4359,734921,1.0,3.0,1.454
4360,734921,1.0,3.0,0.482
4361,734921,1.0,3.0,0.4255
4362,734921,1.0,3.0,0.778
4363,734921,1.0,3.0,0.434
4364,734921,1.0,3.0,0.8015
4365,734921,1.0,3.0,0.6980000000000001
4366,734921,1.0,3.0,0.486
4367,734921,1.0,3.0,0.666
4368,734921,1.0,3.0,1.0255
4369,734921,1.0,3.0,1.338
4370,734921,1.0,3.0,0.8245
4371,734921,1.0,3.0,0.4975
4372,734921,1.0,3.0,0.6135
4373,734921,1.0,3.0,0.674
4374,734921,1.0,3.0,0.4525
4375,734921,1.0,3.0,0.998
4376,734921,1.0,3.0,0.773
4377,734921,1.0,3.0,0.3325
4378,734921,1.0,3.0,0.8025
4379,734921,1.0,3.0,0.5355
4380,734921,1.0,3.0,1.0205
4381,734921,1.0,3.0,0.4845
4382,734921,1.0,3.0,0.6345000000000001
4383,734921,1.0,3.0,1.7215
4384,734921,1.0,3.0,1.046
4385,734921,1.0,3.0,1.5095
4386,734921,1.0,3.0,0.391
4387,734921,1.0,3.0,1.0495
4388,734921,1.0,3.0,0.73
4389,734921,1.0,3.0,1.5085
4390,734921,1.0,3.0,0.4905
4391,734921,1.0,3.0,0.4815
4392,734921,1.0,3.0,0.315
4393,734921,1.0,3.0,1.237
4394,734921,1.0,3.0,1.295
4395,734921,1.0,3.0,0.327
4396,734921,1.0,3.0,0.72
4397,734921,1.0,3.0,0.786
4398,734921,1.0,3.0,0.997
4399,734921,1.0,3.0,0.5805
4400,734921,1.0,3.0,1.94
4401,734921,1.0,3.0,1.22
4402,734921,1.0,3.0,1.0785
4403,734921,1.0,3.0,1.4185
4404,734921,1.0,3.0,0.5255
4405,734921,1.0,3.0,0.488
4406,734921,1.0,3.0,0.6135
4407,734921,1.0,3.0,0.3105
4408,734921,1.0,3.0,0.38
4409,734921,1.0,3.0,0.8085
4410,734921,1.0,3.0,1.21
4411,734921,1.0,3.0,0.719
4412,734921,1.0,3.0,0.652
4413,734921,1.0,3.0,0.709
4414,734921,1.0,3.0,1.0345
4415,734921,1.0,3.0,0.613
4416,734921,1.0,3.0,1.934
4417,734921,1.0,3.0,1.2165
4418,734921,1.0,3.0,1.3955
4419,734921,1.0,3.0,1.1225
4420,734921,1.0,3.0,0.7105
4421,734921,1.0,3.0,1.7495
4422,734921,1.0,3.0,0.5785
4423,734921,1.0,3.0,0.325
4424,734921,1.0,3.0,1.234
4425,734921,1.0,3.0,0.7225
4426,734921,1.0,3.0,1.1845
4427,734921,1.0,3.0,0.47150000000000003
4428,734921,1.0,3.0,0.543
4429,734921,1.0,3.0,0.6815
4430,734921,1.0,3.0,0.672
4431,734921,1.0,3.0,0.67
4432,734921,1.0,3.0,0.4425
4433,734921,1.0,3.0,1.1445
4434,734921,1.0,3.0,1.174
4435,734921,1.0,3.0,0.37
4436,734921,1.0,3.0,0.747
4437,734921,1.0,3.0,0.546
4438,734921,1.0,3.0,1.4635
4439,734921,1.0,3.0,0.6585
4440,734921,1.0,3.0,0.519
4441,734921,1.0,3.0,1.1285
4442,734921,1.0,3.0,0.561
4443,734921,1.0,3.0,0.928
4444,734921,1.0,3.0,0.3995
4445,734921,1.0,3.0,1.053
4446,734921,1.0,3.0,0.7955
4447,734921,1.0,3.0,0.3885
4448,734921,1.0,3.0,0.9395
4449,734921,1.0,3.0,0.6715
4450,734921,1.0,3.0,0.8855000000000001
4451,734921,1.0,3.0,0.5665
4452,734921,1.0,3.0,0.929
4453,734921,1.0,3.0,1.1105
4454,734921,1.0,3.0,0.2765
4455,734921,1.0,3.0,0.605
4456,734921,1.0,3.0,0.47150000000000003
4457,734921,1.0,3.0,0.6745
4458,734921,1.0,3.0,0.4425
4459,734921,1.0,3.0,0.8185
4460,734921,1.0,3.0,0.41000000000000003
4461,734921,1.0,3.0,2.17
4462,734921,1.0,3.0,0.6045
4463,734921,1.0,3.0,0.511
4464,734921,1.0,3.0,0.5255
4465,734921,1.0,3.0,0.883
4466,734921,1.0,3.0,0.9445
4467,734921,1.0,3.0,0.525
4468,734921,1.0,3.0,0.5925
4469,734921,1.0,3.0,1.5475
4470,734921,1.0,3.0,1.115
4471,734921,1.0,3.0,0.545
4472,734921,1.0,3.0,0.926
4473,734921,1.0,3.0,0.3165
4474,734921,1.0,3.0,0.732
4475,734921,1.0,3.0,0.978
4476,734921,1.0,3.0,0.468
4477,734921,1.0,3.0,0.6985
4478,734921,1.0,3.0,1.798
4479,734921,1.0,3.0,1.7730000000000001
4480,734921,1.0,3.0,0.7685
4481,734921,1.0,3.0,1.0815000000000001
4482,734921,1.0,3.0,0.4385
4483,734921,1.0,3.0,0.9865
4484,734921,1.0,3.0,0.513
4485,734921,1.0,3.0,0.546
4486,734921,1.0,3.0,1.11
4487,734921,1.0,3.0,0.7165
4488,734921,1.0,3.0,1.5115
4489,734921,1.0,3.0,0.834
4490,734921,1.0,3.0,0.3865
4491,734921,1.0,3.0,0.964
4492,734921,1.0,3.0,0.244
4493,734921,1.0,3.0,0.988
4494,734921,1.0,3.0,1.583
4495,734921,1.0,3.0,0.4975
4496,734921,1.0,3.0,1.1360000000000001
4497,734921,1.0,3.0,0.339
4498,734921,1.0,3.0,1.495
4499,734921,1.0,3.0,0.5645
4500,734921,1.0,3.0,1.4995
4501,734921,1.0,3.0,0.4045
4502,734921,1.0,3.0,0.562
4503,734921,1.0,3.0,0.4995
4504,734921,1.0,3.0,0.8195
4505,734921,1.0,3.0,1.401
4506,734921,1.0,3.0,1.6945000000000001
4507,734921,1.0,3.0,0.848
4508,734921,1.0,3.0,0.4605
4509,734921,1.0,3.0,0.3645
4510,734921,1.0,3.0,0.66
4511,734921,1.0,3.0,0.5535
4512,734921,1.0,3.0,0.894
4513,734921,1.0,3.0,0.5835
4514,734921,1.0,3.0,0.3905
4515,734921,1.0,3.0,1.3755
4516,734921,1.0,3.0,0.9525
4517,734921,1.0,3.0,0.871
4518,734921,1.0,3.0,0.757
4519,734921,1.0,3.0,0.58
4520,734921,1.0,3.0,0.7065
4521,734921,1.0,3.0,0.5605
4522,734921,1.0,3.0,0.8230000000000001
4523,734921,1.0,3.0,0.594
4524,734921,1.0,3.0,0.34900000000000003
4525,734921,1.0,3.0,0.2565
4526,734921,1.0,3.0,1.0745
4527,734921,1.0,3.0,2.02
4528,734921,1.0,3.0,0.638
4529,734921,1.0,3.0,0.5805
4530,734921,1.0,3.0,0.753
4531,734921,1.0,3.0,0.999
4532,734921,1.0,3.0,1.963
4533,734921,1.0,3.0,0.6785
4534,734921,1.0,3.0,0.884
4535,734921,1.0,3.0,1.608
4536,734921,1.0,3.0,0.7025
4537,734921,1.0,3.0,1.2325
4538,734921,1.0,3.0,0.45
4539,734921,1.0,3.0,0.7605000000000001
4540,734921,1.0,3.0,1.499
4541,734921,1.0,3.0,0.8255
4542,734921,1.0,3.0,0.7020000000000001
4543,734921,1.0,3.0,0.622
4544,734921,1.0,3.0,0.3695
4545,734921,1.0,3.0,0.512
4546,734921,1.0,3.0,1.176
4547,734921,1.0,3.0,0.4055
4548,734921,1.0,3.0,0.716
4549,734921,1.0,3.0,0.8685
4550,734921,1.0,3.0,0.757
4551,734921,1.0,3.0,0.5175
4552,734921,1.0,3.0,0.5045000000000001
4553,734921,1.0,3.0,0.6275000000000001
4554,734921,1.0,3.0,1.25
4555,734921,1.0,3.0,0.5750000000000001
4556,734921,1.0,3.0,0.509
4557,734921,1.0,3.0,1.605
4558,734921,1.0,3.0,1.052
4559,734921,1.0,3.0,0.463
4560,734921,1.0,3.0,0.497
4561,734921,1.0,3.0,0.7435
4562,734921,1.0,3.0,0.8235
4563,734921,1.0,3.0,1.3645
4564,734921,1.0,3.0,1.853
4565,734921,1.0,3.0,0.531
4566,734921,1.0,3.0,0.726
4567,734921,1.0,3.0,1.056
4568,734921,1.0,3.0,0.786
4569,734921,1.0,3.0,1.155
4570,734921,1.0,3.0,0.417
4571,734921,1.0,3.0,1.1175
4572,734921,1.0,3.0,0.929
4573,734921,1.0,3.0,0.548
4574,734921,1.0,3.0,1.5090000000000001
4575,734921,1.0,3.0,0.9785
4576,734921,1.0,3.0,0.3375
4577,734921,1.0,3.0,0.8975
4578,734921,1.0,3.0,0.4265
4579,734921,1.0,3.0,0.8005
4580,734921,1.0,3.0,1.7485
4581,734921,1.0,3.0,1.2775
4582,734921,1.0,3.0,1.3785
4583,734921,1.0,3.0,1.004
4584,734921,1.0,3.0,0.394
4585,734921,1.0,3.0,0.391
4586,734921,1.0,3.0,0.8905000000000001
4587,734921,1.0,3.0,0.6655
4588,734921,1.0,3.0,1.3605
4589,734921,1.0,3.0,0.8210000000000001
4590,734921,1.0,3.0,0.7795
4591,734921,1.0,3.0,0.5465
4592,734921,1.0,3.0,0.5295
4593,734921,1.0,3.0,0.7905
4594,734921,1.0,3.0,0.523
4595,734921,1.0,3.0,0.3585
4596,734921,1.0,3.0,0.6175
4597,734921,1.0,3.0,0.9555
4598,734921,1.0,3.0,1.5330000000000001
4599,734921,1.0,3.0,2.0140000000000002
4600,734921,1.0,3.0,0.5915
4601,734921,1.0,3.0,0.8585
4602,734921,1.0,3.0,0.4255
4603,734921,1.0,3.0,1.121
4604,734921,1.0,3.0,0.2165
4605,734921,1.0,3.0,0.8155
4606,734921,1.0,3.0,1.647
4607,734921,1.0,3.0,0.773
4608,734921,1.0,3.0,1.56
4609,734921,1.0,3.0,0.726
4610,734921,1.0,3.0,0.8275
4611,734921,1.0,3.0,0.559
4612,734921,1.0,3.0,0.747
4613,734921,1.0,3.0,0.47200000000000003
4614,734921,1.0,3.0,0.3555
4615,734921,1.0,3.0,0.4545
4616,734921,1.0,3.0,2.3825
4617,734921,1.0,3.0,0.511
4618,734921,1.0,3.0,0.9765
4619,734921,1.0,3.0,1.1225
4620,734921,1.0,3.0,0.7405
4621,734921,1.0,3.0,0.6215
4622,734921,1.0,3.0,0.6325000000000001
4623,734921,1.0,3.0,1.194
4624,734921,1.0,3.0,0.8200000000000001
4625,734921,1.0,3.0,1.0945
4626,734921,1.0,3.0,0.4005
4627,734921,1.0,3.0,0.462
4628,734921,1.0,3.0,0.9045
4629,734921,1.0,3.0,0.8325
4630,734921,1.0,3.0,0.664
4631,734921,1.0,3.0,0.373
4632,734921,1.0,3.0,1.615
4633,734921,1.0,3.0,1.211
4634,734921,1.0,3.0,0.731
4635,734921,1.0,3.0,0.4835
4636,734921,1.0,3.0,1.0255
4637,734921,1.0,3.0,0.6855
4638,734921,1.0,3.0,1.0875000000000001
4639,734921,1.0,3.0,0.6135
4640,734921,1.0,3.0,1.041
4641,734921,1.0,3.0,3.2165
4642,734921,1.0,3.0,0.7915
4643,734921,1.0,3.0,1.068
4644,734921,1.0,3.0,0.555
4645,734921,1.0,3.0,0.96
4646,734921,1.0,3.0,0.5205
4647,734921,1.0,3.0,0.372
4648,734921,1.0,3.0,1.1935
4649,734921,1.0,3.0,0.6485
4650,734921,1.0,3.0,0.5855
4651,734921,1.0,3.0,0.799
4652,734921,1.0,3.0,1.118
4653,734921,1.0,3.0,0.898
4654,734921,1.0,3.0,2.096
4655,734921,1.0,3.0,0.398
4656,734921,1.0,3.0,0.5775
4657,734921,1.0,3.0,0.40950000000000003
4658,734921,1.0,3.0,0.40900000000000003
4659,734921,1.0,3.0,0.3115
4660,734921,1.0,3.0,0.9565
4661,734921,1.0,3.0,0.5735
4662,734921,1.0,3.0,0.2965
4663,734921,1.0,3.0,0.841
4664,734921,1.0,3.0,0.366
4665,734921,1.0,3.0,1.423
4666,734921,1.0,3.0,1.1395
4667,734921,1.0,3.0,2.1125
4668,734921,1.0,3.0,0.8785000000000001
4669,734921,1.0,3.0,0.5660000000000001
4670,734921,1.0,3.0,0.686
4671,734921,1.0,3.0,0.5690000000000001
4672,734921,1.0,3.0,0.428
4673,734921,1.0,3.0,0.601
4674,734921,1.0,3.0,0.631
4675,734921,1.0,3.0,1.7515
4676,734921,1.0,3.0,0.8225
4677,734921,1.0,3.0,1.101
4678,734921,1.0,3.0,0.41250000000000003
4679,734921,1.0,3.0,0.533
4680,734921,1.0,3.0,0.4435
4681,734921,1.0,3.0,0.732
4682,734921,1.0,3.0,1.608
4683,734921,1.0,3.0,0.321
4684,734921,1.0,3.0,1.209
4685,734921,1.0,3.0,0.6125
4686,734921,1.0,3.0,0.1955
4687,734921,1.0,3.0,1.1365
4688,734921,1.0,3.0,0.5355
4689,734921,1.0,3.0,0.4985
4690,734921,1.0,3.0,0.604
4691,734921,1.0,3.0,0.915
4692,734921,1.0,3.0,0.8935000000000001
4693,734921,1.0,3.0,0.9185
4694,734921,1.0,3.0,0.661
4695,734921,1.0,3.0,0.4955
4696,734921,1.0,3.0,0.91
4697,734921,1.0,3.0,0.7245
4698,734921,1.0,3.0,1.0125
4699,734921,1.0,3.0,0.47650000000000003
4700,734921,1.0,3.0,0.623
4701,734921,1.0,3.0,0.5425
4702,734921,1.0,3.0,0.3525
4703,734921,1.0,3.0,0.8835000000000001
4704,734921,1.0,3.0,0.6375000000000001
4705,734921,1.0,3.0,1.0205
4706,734921,1.0,3.0,0.455
4707,734921,1.0,3.0,0.7655000000000001
4708,734921,1.0,3.0,1.2585
4709,734921,1.0,3.0,1.0965
4710,734921,1.0,3.0,0.5515
4711,734921,1.0,3.0,0.5935
4712,734921,1.0,3.0,0.4525
4713,734921,1.0,3.0,0.316
4714,734921,1.0,3.0,0.598
4715,734921,1.0,3.0,1.4755
4716,734921,1.0,3.0,0.791
4717,734921,1.0,3.0,0.9895
4718,734921,1.0,3.0,0.3115
4719,734921,1.0,3.0,0.6215
4720,734921,1.0,3.0,1.1320000000000001
4721,734921,1.0,3.0,0.9115
4722,734921,1.0,3.0,0.708
4723,734921,1.0,3.0,0.753
4724,734921,1.0,3.0,0.8210000000000001
4725,734921,1.0,3.0,0.399
4726,734921,1.0,3.0,0.6925
4727,734921,1.0,3.0,0.3235
4728,734921,1.0,3.0,0.23950000000000002
4729,734921,1.0,3.0,0.8465
4730,734921,1.0,3.0,0.619
4731,734921,1.0,3.0,0.4555
4732,734921,1.0,3.0,1.305
4733,734921,1.0,3.0,0.899
4734,734921,1.0,3.0,0.4475
4735,734921,1.0,3.0,0.4915
4736,734921,1.0,3.0,0.801
4737,734921,1.0,3.0,1.085
4738,734921,1.0,3.0,0.3915
4739,734921,1.0,3.0,0.9885
4740,734921,1.0,3.0,0.9540000000000001
4741,734921,1.0,3.0,0.9725
4742,734921,1.0,3.0,1.1535
4743,734921,1.0,3.0,0.8115
4744,734921,1.0,3.0,0.447
4745,734921,1.0,3.0,0.58
4746,734921,1.0,3.0,1.0150000000000001
4747,734921,1.0,3.0,1.4405000000000001
4748,734921,1.0,3.0,0.3655
4749,734921,1.0,3.0,1.1440000000000001
4750,734921,1.0,3.0,0.7525000000000001
4751,734921,1.0,3.0,0.6235
4752,734921,1.0,3.0,0.787
4753,734921,1.0,3.0,1.366
4754,734921,1.0,3.0,0.8775000000000001
4755,734921,1.0,3.0,0.9075
4756,734921,1.0,3.0,0.628
4757,734921,1.0,3.0,0.3995
4758,734921,1.0,3.0,1.0745
4759,734921,1.0,3.0,0.297
4760,734921,1.0,3.0,0.582
4761,734921,1.0,3.0,1.849
4762,734921,1.0,3.0,0.876
4763,734921,1.0,3.0,2.1215
4764,734921,1.0,3.0,1.1975
4765,734921,1.0,3.0,0.6285000000000001
4766,734921,1.0,3.0,0.673
4767,734921,1.0,3.0,0.3875
4768,734921,1.0,3.0,0.257
4769,734921,1.0,3.0,0.62
4770,734921,1.0,3.0,1.2425
4771,734921,1.0,3.0,0.506
4772,734921,1.0,3.0,1.816
4773,734921,1.0,3.0,1.1375
4774,734921,1.0,3.0,1.0135
4775,734921,1.0,3.0,0.3275
4776,734921,1.0,3.0,1.372
4777,734921,1.0,3.0,0.8895000000000001
4778,734921,1.0,3.0,0.34
4779,734921,1.0,3.0,1.3645
4780,734921,1.0,3.0,0.766
4781,734921,1.0,3.0,0.775
4782,734921,1.0,3.0,1.6755
4783,734921,1.0,3.0,0.63
4784,734921,1.0,3.0,0.8725
4785,734921,1.0,3.0,0.5585
4786,734921,1.0,3.0,0.7625000000000001
4787,734921,1.0,3.0,0.341
4788,734921,1.0,3.0,1.5665
4789,734921,1.0,3.0,0.502
4790,734921,1.0,3.0,0.7925
4791,734921,1.0,3.0,1.6415
4792,734921,1.0,3.0,1.3515
4793,734921,1.0,3.0,0.42
4794,734921,1.0,3.0,1.2355
4795,734921,1.0,3.0,0.8205
4796,734921,1.0,3.0,0.487
4797,734921,1.0,3.0,0.771
4798,734921,1.0,3.0,1.227
4799,734921,1.0,3.0,0.7635000000000001
4800,734921,1.0,3.0,0.6125
4801,734921,1.0,3.0,0.7755
4802,734921,1.0,3.0,0.5775
4803,734921,1.0,3.0,0.3675
4804,734921,1.0,3.0,0.6905
4805,734921,1.0,3.0,0.796
4806,734921,1.0,3.0,0.512
4807,734921,1.0,3.0,1.028
4808,734921,1.0,3.0,0.541
4809,734921,1.0,3.0,0.47800000000000004
4810,734921,1.0,3.0,0.4815
4811,734921,1.0,3.0,1.0275
4812,734921,1.0,3.0,0.624
4813,734921,1.0,3.0,0.47150000000000003
4814,734921,1.0,3.0,0.497
4815,734921,1.0,3.0,0.234
4816,734921,1.0,3.0,0.466
4817,734921,1.0,3.0,0.9520000000000001
4818,734921,1.0,3.0,0.5735
4819,734921,1.0,3.0,0.5215
4820,734921,1.0,3.0,0.4235
4821,734921,1.0,3.0,1.1975
4822,734921,1.0,3.0,0.439
4823,734921,1.0,3.0,1.0695000000000001
4824,734921,1.0,3.0,0.32
4825,734921,1.0,3.0,0.708
4826,734921,1.0,3.0,0.63
4827,734921,1.0,3.0,2.2880000000000003
4828,734921,1.0,3.0,1.418
4829,734921,1.0,3.0,0.5365
4830,734921,1.0,3.0,0.8235
4831,734921,1.0,3.0,1.4000000000000001
4832,734921,1.0,3.0,0.612
4833,734921,1.0,3.0,1.1045
4834,734921,1.0,3.0,0.896
4835,734921,1.0,3.0,0.4835
4836,734921,1.0,3.0,0.833
4837,734921,1.0,3.0,0.558
4838,734921,1.0,3.0,0.5525
4839,734921,1.0,3.0,0.805
4840,734921,1.0,3.0,0.995
4841,734921,1.0,3.0,0.9580000000000001
4842,734921,1.0,3.0,1.2790000000000001
4843,734921,1.0,3.0,0.5105000000000001
4844,734921,1.0,3.0,0.5855
4845,734921,1.0,3.0,1.092
4846,734921,1.0,3.0,0.602
4847,734921,1.0,3.0,1.481
4848,734921,1.0,3.0,0.603
4849,734921,1.0,3.0,0.808
4850,734921,1.0,3.0,0.742
4851,734921,1.0,3.0,0.595
4852,734921,1.0,3.0,0.859
4853,734921,1.0,3.0,1.592
4854,734921,1.0,3.0,0.7155
4855,734921,1.0,3.0,1.137
4856,734921,1.0,3.0,0.3605
4857,734921,1.0,3.0,1.068
4858,734921,1.0,3.0,0.8415
4859,734921,1.0,3.0,0.5315
4860,734921,1.0,3.0,1.0150000000000001
4861,734921,1.0,3.0,0.267
4862,734921,1.0,3.0,0.732
4863,734921,1.0,3.0,0.636
4864,734921,1.0,3.0,1.245
4865,734921,1.0,3.0,0.5895
4866,734921,1.0,3.0,0.4615
4867,734921,1.0,3.0,0.9525
4868,734921,1.0,3.0,0.7885
4869,734921,1.0,3.0,0.518
4870,734921,1.0,3.0,0.6415
4871,734921,1.0,3.0,0.626
4872,734921,1.0,3.0,0.9825
4873,734921,1.0,3.0,1.5635000000000001
4874,734921,1.0,3.0,0.5475
4875,734921,1.0,3.0,0.776
4876,734921,1.0,3.0,0.904
4877,734921,1.0,3.0,0.6775
4878,734921,1.0,3.0,1.19
4879,734921,1.0,3.0,0.555
4880,734921,1.0,3.0,0.669
4881,734921,1.0,3.0,1.0505
4882,734921,1.0,3.0,1.202
4883,734921,1.0,3.0,0.8265
4884,734921,1.0,3.0,0.5395
4885,734921,1.0,3.0,0.6890000000000001
4886,734921,1.0,3.0,0.3795
4887,734921,1.0,3.0,0.5265
4888,734921,1.0,3.0,0.5535
4889,734921,1.0,3.0,0.7685
4890,734921,1.0,3.0,0.511
4891,734921,1.0,3.0,0.638
4892,734921,1.0,3.0,0.37
4893,734921,1.0,3.0,0.4395
4894,734921,1.0,3.0,1.5615
4895,734921,1.0,3.0,0.456
4896,734921,1.0,3.0,1.7275
4897,734921,1.0,3.0,0.6925
4898,734921,1.0,3.0,1.3145
4899,734921,1.0,3.0,2.076
4900,734921,1.0,3.0,0.9470000000000001
4901,734921,1.0,3.0,0.7365
4902,734921,1.0,3.0,0.608
4903,734921,1.0,3.0,0.503
4904,734921,1.0,3.0,0.9965
4905,734921,1.0,3.0,1.348
4906,734921,1.0,3.0,0.9035
4907,734921,1.0,3.0,0.4945
4908,734921,1.0,3.0,0.6175
4909,734921,1.0,3.0,0.389
4910,734921,1.0,3.0,0.775
4911,734921,1.0,3.0,1.4505000000000001
4912,734921,1.0,3.0,0.5975
4913,734921,1.0,3.0,1.7635
4914,734921,1.0,3.0,0.47550000000000003
4915,734921,1.0,3.0,1.258
4916,734921,1.0,3.0,0.558
4917,734921,1.0,3.0,0.5225
4918,734921,1.0,3.0,0.5670000000000001
4919,734921,1.0,3.0,0.8150000000000001
4920,734921,1.0,3.0,0.839
4921,734921,1.0,3.0,0.6725
4922,734921,1.0,3.0,1.8825
4923,734921,1.0,3.0,0.7275
4924,734921,1.0,3.0,0.655
4925,734921,1.0,3.0,0.6275000000000001
4926,734921,1.0,3.0,0.333
4927,734921,1.0,3.0,0.47250000000000003
4928,734921,1.0,3.0,1.8545
4929,734921,1.0,3.0,0.34900000000000003
4930,734921,1.0,3.0,0.8375
4931,734921,1.0,3.0,1.12
4932,734921,1.0,3.0,0.7355
4933,734921,1.0,3.0,0.6435
4934,734921,1.0,3.0,0.7405
4935,734921,1.0,3.0,0.4165
4936,734921,1.0,3.0,0.593
4937,734921,1.0,3.0,1.1375
4938,734921,1.0,3.0,0.514
4939,734921,1.0,3.0,0.8240000000000001
4940,734921,1.0,3.0,1.0805
4941,734921,1.0,3.0,0.23700000000000002
4942,734921,1.0,3.0,0.7345
4943,734921,1.0,3.0,0.539
4944,734921,1.0,3.0,0.403
4945,734921,1.0,3.0,0.595
4946,734921,1.0,3.0,0.981
4947,734921,1.0,3.0,1.6565
4948,734921,1.0,3.0,0.8405
4949,734921,1.0,3.0,1.352
4950,734921,1.0,3.0,1.2645
4951,734921,1.0,3.0,0.462
4952,734921,1.0,3.0,0.427
4953,734921,1.0,3.0,0.3605
4954,734921,1.0,3.0,1.0255
4955,734921,1.0,3.0,1.375
4956,734921,1.0,3.0,0.41300000000000003
4957,734921,1.0,3.0,0.9815
4958,734921,1.0,3.0,1.7085000000000001
4959,734921,1.0,3.0,0.47000000000000003
4960,734921,1.0,3.0,0.579
4961,734921,1.0,3.0,0.5365
4962,734921,1.0,3.0,0.6960000000000001
4963,734921,1.0,3.0,0.9455
4964,734921,1.0,3.0,0.675
4965,734921,1.0,3.0,0.5625
4966,734921,1.0,3.0,2.569
4967,734921,1.0,3.0,1.2945
4968,734921,1.0,3.0,1.0825
4969,734921,1.0,3.0,0.506
4970,734921,1.0,3.0,1.975
4971,734921,1.0,3.0,0.484
4972,734921,1.0,3.0,1.639
4973,734921,1.0,3.0,1.051
4974,734921,1.0,3.0,0.597
4975,734921,1.0,3.0,1.342
4976,734921,1.0,3.0,0.6185
4977,734921,1.0,3.0,0.4175
4978,734921,1.0,3.0,0.4165
4979,734921,1.0,3.0,1.106
4980,734921,1.0,3.0,0.289
4981,734921,1.0,3.0,1.107
4982,734921,1.0,3.0,1.154
4983,734921,1.0,3.0,3.9050000000000002
4984,734921,1.0,3.0,0.8545
4985,734921,1.0,3.0,0.9435
4986,734921,1.0,3.0,1.0
4987,734921,1.0,3.0,0.3215
4988,734921,1.0,3.0,0.2975
4989,734921,1.0,3.0,1.9895
4990,734921,1.0,3.0,1.098
4991,734921,1.0,3.0,3.2295000000000003
4992,734921,1.0,3.0,1.797
4993,734921,1.0,3.0,0.8785000000000001
4994,734921,1.0,3.0,0.493
4995,734921,1.0,3.0,0.6205
4996,734921,1.0,3.0,0.554
4997,734921,1.0,3.0,0.382
4998,734921,1.0,3.0,0.6950000000000001
4999,734921,1.0,3.0,1.0525
5000,734921,1.0,3.0,0.40850000000000003
