path_id,seed,hit_rho_0p00_s,j_at_hit_rho_0p00,hit_rho_0p25_s,j_at_hit_rho_0p25,hit_rho_0p50_s,j_at_hit_rho_0p50,hit_rho_0p75_s,j_at_hit_rho_0p75,hit_rho_1p00_s,j_at_hit_rho_1p00
1,734921,0.264,111.51228577099074,0.2675,85.0391610919036,0.269,65.34123080078919,0.27,49.96743506104195,0.2975,34.00608673473509
2,734921,0.158,28.74803829136306,0.159,25.33643541568905,0.2605,22.78160332501894,0.271,20.9727748254044,0.4865,22.96433589616239
3,734921,0.4355,34.80970241142637,0.436,35.10766655843604,0.446,37.48581059997417,0.446,42.9819874401075,0.446,66.66904598551268
4,734921,0.34500000000000003,264.1279509560193,0.34550000000000003,265.62818078941655,0.34550000000000003,254.4845159179464,0.34600000000000003,228.24041828514456,0.34600000000000003,151.4079693618951
5,734921,0.225,2897.9167444745985,0.20800000000000002,2906.879226306314,0.20750000000000002,2481.619334539598,0.1865,1677.4706372420214,0.184,375.55857120564434
6,734921,0.5325,1010.6334971784523,0.5305,1223.5675766327101,0.5215,1447.1055958819352,0.513,1625.5732418715147,0.3955,1352.7340039427343
7,734921,0.132,56.80860857562347,0.132,46.099902358499584,0.132,37.62488303743869,0.132,30.344120435923806,0.1345,21.069023546341054
8,734921,0.8210000000000001,10130.892278169515,0.8735,12998.78530737286,0.8735,12864.23997287171,0.85,9222.734128208816,0.678,1543.5207327965747
9,734921,0.417,94.54421963707138,0.595,170.4128845514186,0.623,532.8066048147481,0.7125,3005.073766953118,0.79,65209.63278229834
10,734921,0.224,144.5549884629603,0.1885,106.28170922890774,0.187,80.58388001570414,0.1775,59.606102827345374,0.168,32.283798573745486
11,734921,0.156,89.0997629791473,0.1545,95.20454927652689,0.1525,100.81550200879168,0.15,105.7555749566028,0.1495,108.38092136691337
12,734921,0.441,2063.008206001818,0.4415,2461.3210644339065,0.4415,2709.0750046141948,0.4415,2670.6242814462103,0.438,1541.1565356391368
13,734921,0.3895,699.7628713174188,0.403,1667.5227595470444,0.41200000000000003,3826.1878367780564,0.47650000000000003,8744.944379123273,0.48,28908.31856763172
14,734921,0.6715,77.17224250585814,0.6715,92.20684692707003,0.67,115.1198323705605,0.6525,140.81817264555892,0.5145,161.88618266198566
15,734921,0.3325,473.0991056219617,0.3325,462.80691757971795,0.3325,452.768683423596,0.332,421.74558178830307,0.3265,249.14675496816128
16,734921,0.3675,116.03972471554997,0.334,44.25203235119142,0.326,20.794589588011313,0.3175,13.285626636350425,0.2445,9.978581912151379
17,734921,0.405,9481.817122885903,0.4045,7997.078597287593,0.3835,6901.406820647238,0.3785,5511.668615099029,0.35150000000000003,2212.587456382843
18,734921,0.546,370.9446696448236,0.548,324.58961508303474,0.5525,283.4013806279144,0.551,235.87909240819383,0.518,140.44781553289275
19,734921,0.129,42.21232956277427,0.1655,56.28593945690971,0.17350000000000002,105.49957701440167,0.219,329.95776165471256,0.2945,4769.550275563323
20,734921,0.41100000000000003,32.88525060385973,0.3965,25.89550215954415,0.276,23.004698107010693,0.2085,21.469691427695167,0.111,21.36788063656818
21,734921,0.178,91.0920708170252,0.151,88.41318498213946,0.151,85.97064149077875,0.15,83.28603882081927,0.14400000000000002,77.7907982592423
22,734921,0.1805,12.10599797182572,0.213,14.265104595729525,0.2145,17.703652933058844,0.216,24.15312281960859,0.2525,56.70491800591675
23,734921,0.135,14.838991607996977,0.1405,17.840801421867976,0.1615,22.115450458757337,0.20650000000000002,29.68155282116748,0.234,75.05352242450172
24,734921,0.2685,220.29541846164665,0.5670000000000001,263.57057666178565,0.5805,366.64323163626165,0.5805,684.6648090177943,0.5805,1069.9788898870986
25,734921,0.4375,2826.523331025323,0.422,1834.9901122797166,0.3885,1170.6554578785353,0.3195,668.2309423551254,0.2765,163.9210227298374
26,734921,0.3245,54.60244995015192,0.325,75.65794631905015,0.327,117.6931593374067,0.3285,213.7185964436943,0.3555,654.9819581465537
27,734921,0.7010000000000001,667.6983548625316,0.709,690.0386903442668,0.709,652.1202699049697,0.6975,510.08025994238636,0.4285,189.2554541928665
28,734921,0.37,846.4482347885805,0.378,2135.582147611008,0.3865,5036.358838212336,0.4025,10651.197018494138,0.41250000000000003,12678.919086320104
29,734921,0.1545,37.00510437547149,0.1545,34.679517958577385,0.1605,33.04604267518179,0.1685,32.52787661435839,0.241,39.22706718748281
30,734921,0.3405,31.997751364367844,0.343,42.57908289027444,0.34500000000000003,56.75429897305248,0.359,75.78981183342796,0.385,109.23789642526576
31,734921,0.5005000000000001,3186.5009512952934,0.5035000000000001,2701.798196387529,0.5,1919.1395889268235,0.499,1041.6989174649611,0.274,233.26432542696236
32,734921,0.2635,64.29560398430819,0.2675,73.41569932600423,0.28350000000000003,83.46046044310701,0.29,96.26391325548173,0.321,171.66692579635776
33,734921,0.3005,77.92914992554589,0.299,101.79720316270881,0.297,142.22482839635035,0.28350000000000003,220.79511820477188,0.2505,575.1930276249404
34,734921,0.7425,2028.6074944475058,0.8185,6200.329712068764,0.893,19346.37487501638,0.906,66564.9883311227,0.8005,421272.2171646245
35,734921,0.1365,121.61425160041594,0.1355,92.15394771686103,0.1355,68.4686069801464,0.1345,48.96732478045125,0.1355,28.030229649410256
36,734921,0.167,95.19640875854768,0.1665,99.0009475431097,0.1665,102.54297118216817,0.1665,105.65441368028672,0.167,106.36315125211486
37,734921,0.247,110.17243310953275,0.246,103.69592067290394,0.2445,99.95048907302487,0.2425,98.22781613823544,0.23950000000000002,97.81910763433123
38,734921,0.211,14.809852391150253,0.20700000000000002,10.137159093868195,0.20500000000000002,7.79607473483959,0.1765,6.516625893430247,0.17350000000000002,5.998093017466392
39,734921,0.1395,22.009218591269843,0.14400000000000002,22.62221967435389,0.152,23.664594465336997,0.157,25.502844303305086,0.1865,33.12662689108582
40,734921,0.176,183.33398720932672,0.1815,294.3910877986136,0.1895,496.64214333658333,0.1965,933.3099539937546,0.2465,3285.9804542987354
41,734921,0.2255,9.021254315108635,0.2255,9.73147910347913,0.2635,11.789807374555677,0.2645,18.314959074162783,0.2935,100.94758931076358
42,734921,0.3815,605.2467921500185,0.3595,299.6454236062546,0.337,190.4567699447323,0.28750000000000003,179.79438004258242,0.2455,255.84932614425972
43,734921,0.28300000000000003,100.66762832991994,0.2415,82.23564780270745,0.228,66.3168485976088,0.192,49.744135535458895,0.183,23.827458754401544
44,734921,0.454,1497.1401068345142,0.428,948.2956264910373,0.385,649.1895409735082,0.34700000000000003,462.27106862997,0.2705,264.7997104303302
45,734921,0.20700000000000002,65.04239239146484,0.20700000000000002,56.30623215258096,0.20650000000000002,48.97396809601612,0.20600000000000002,42.01327226042235,0.203,31.366553149646723
46,734921,0.338,803.3695641397763,0.337,598.1662910952258,0.333,378.6657262963967,0.333,188.70423547383498,0.3235,33.32505655969683
47,734921,0.1685,218.95885525678105,0.171,236.67744879232666,0.17400000000000002,253.77964850740284,0.178,271.95407112188667,0.245,305.97323276302205
48,734921,0.49,152.42756380499122,0.3625,148.48394187805098,0.23450000000000001,140.9874663313046,0.171,128.19435463047225,0.1645,93.61839856572001
49,734921,0.209,173.49439242308162,0.209,239.090372064605,0.2105,318.2649651187904,0.246,417.4228136781001,0.243,619.6902440284238
50,734921,0.485,670383.3221963755,0.4875,659277.6393337115,0.4865,442334.6869893414,0.4815,182684.56102055035,0.4315,15939.918825509396
51,734921,0.2605,48.00753312014969,0.2605,60.58754217488133,0.2605,80.89211555531091,0.2605,118.55715194340388,0.2605,272.69316746147234
52,734921,0.587,3085.0515917261205,0.585,1665.8693769868707,0.5795,870.7468739716902,0.4935,432.21492502354903,0.40750000000000003,97.42239007020021
53,734921,0.084,24.03309392045051,0.08750000000000001,25.152494549069406,0.0915,26.84430521076198,0.10350000000000001,29.78857542013182,0.214,44.960948334210926
54,734921,0.2775,433.2047114186755,0.24,315.7291476185694,0.1985,223.779410279854,0.1855,151.33229605220106,0.17300000000000001,75.14817751789131
55,734921,0.1355,20.618570708532438,0.1355,19.139148915790237,0.1355,18.053395493739846,0.1355,17.285395611509937,0.145,17.48620693594734
56,734921,0.7265,3212.0010670430825,0.7265,4064.0844201451005,0.7225,4815.2968869198785,0.7165,4774.071858358764,0.6255000000000001,1725.3189711634554
57,734921,0.3415,692.4630765963766,0.315,404.3787490641607,0.28,326.88115067700477,0.2525,298.4435824700059,0.232,222.23505117386117
58,734921,0.1225,12.378638815324306,0.1205,11.380540394177922,0.105,10.769889496208265,0.10250000000000001,10.49972677656089,0.101,11.545545526287052
59,734921,0.1565,10.618535126660383,0.16,11.382969494987409,0.1615,12.75187024515869,0.163,16.140145069943753,0.178,64.51955298424238
60,734921,0.11900000000000001,13.824160784103357,0.1055,12.22468983019546,0.10250000000000001,11.342033705991966,0.098,10.911494369041437,0.08700000000000001,11.641668469143386
61,734921,0.20500000000000002,187.80504138567196,0.2175,134.78865263606627,0.219,92.64278212199929,0.222,58.62846709591567,0.2325,23.104274157818423
62,734921,0.1875,1782.23321528233,0.187,967.585373803326,0.186,479.76536536657,0.155,201.66460503492635,0.154,34.90524665779118
63,734921,0.63,1057.8922364387568,0.6545,1248.9623736583806,0.6545,1420.7279138838298,0.649,1299.5542588048634,0.6245,318.7032986822676
64,734921,0.1625,747.3471167958904,0.1625,704.5052617302084,0.1625,637.4956363561917,0.1625,537.3024235401588,0.1625,301.7120848393901
65,734921,0.323,88.70976780204566,0.315,114.41703102151256,0.309,153.11018148880578,0.303,219.9390905110803,0.2685,472.2794530780836
66,734921,0.2405,631.97323431104,0.2285,361.6125264452894,0.186,184.27743066454116,0.17550000000000002,75.51003680003711,0.161,14.694753276084159
67,734921,0.3215,137.37855635918103,0.2575,117.40014953377948,0.186,98.3496026728317,0.184,79.93745059900053,0.17200000000000001,56.27392658316493
68,734921,0.444,1568.3071684732474,0.4665,2053.3232736033283,0.739,2530.65608516941,0.776,2932.0552951126397,0.81,2878.226827038828
69,734921,0.1685,33.259732712785905,0.1685,42.48216585904671,0.1695,54.83342047621775,0.1705,73.80146929947018,0.201,139.4604172285046
70,734921,0.16,19.465783410356345,0.16,33.808629983941344,0.1635,62.472552618367274,0.17,128.82437646982746,0.17550000000000002,530.9120267556607
71,734921,0.4295,133.73298146462508,0.433,117.84389771120205,0.4605,103.7633067017363,0.4615,91.45476011311541,0.46,85.50271810982099
72,734921,0.327,2459.370689938807,0.325,1247.4458824732276,0.306,565.7553058754382,0.281,224.195258580281,0.254,83.85500879337972
73,734921,0.28250000000000003,76.47824018316412,0.28250000000000003,96.46083039196907,0.28150000000000003,125.96356449376327,0.2795,175.66787394898824,0.2765,335.86613374897513
74,734921,0.318,71.32108751314101,0.318,74.2475469864435,0.318,74.74073957204116,0.318,71.49510114909178,0.3175,57.59147513909698
75,734921,0.3745,160.55239390745956,0.374,138.76193595083626,0.3705,133.8200373823866,0.35000000000000003,137.09792153155504,0.3205,146.51486832178844
76,734921,0.65,443.7297799554262,0.609,232.65126878560955,0.292,124.4511084380168,0.279,70.38683790685262,0.2105,49.123434867283
77,734921,0.14300000000000002,26.38527436992175,0.1515,24.892030421683287,0.152,23.8209668816552,0.17550000000000002,23.040890479863684,0.195,22.796957458500998
78,734921,0.5255,299.87296825501784,0.5325,608.1343859836929,0.5885,1289.4810309738118,0.6685,2738.1793319130657,0.7020000000000001,5691.953267419718
79,734921,0.295,110.69683614056473,0.2975,154.8916952195481,0.41200000000000003,222.5384843681143,0.4615,329.62110507657775,0.5875,575.8370787660008
80,734921,0.1925,65.99918564873161,0.1905,65.29519200843768,0.1765,64.48832630028612,0.17550000000000002,63.43272971649305,0.17500000000000002,60.989786864412665
81,734921,0.1165,63.19767579778914,0.11750000000000001,74.47683425590218,0.1515,91.9964744419224,0.165,130.12478529373206,0.169,894.6289052307014
82,734921,0.3545,4538.667314907767,0.356,4233.231827715363,0.3595,3743.482715918775,0.3595,2963.8499062025803,0.35050000000000003,1179.4765762275638
83,734921,0.244,1417.057632404314,0.2685,1534.1214703792632,0.269,1497.5809404518686,0.27,1266.9067402503017,0.2715,554.1991847767946
84,734921,0.3385,93.61886305875503,0.5565,95.19931733167756,0.5680000000000001,96.13617821711044,0.6145,96.78677019763127,0.6880000000000001,101.03881177664695
85,734921,0.463,1156.1279393122495,0.463,1079.5285126650233,0.463,936.891437091677,0.463,728.6516725609328,0.45,335.78794307407526
86,734921,0.5085000000000001,9444.28499928708,0.5085000000000001,2576.3171105611827,0.508,758.0152895906258,0.5015000000000001,308.5014215809878,0.249,129.57617413553973
87,734921,0.4435,151.9282842883811,0.463,199.31301380797368,0.499,405.05986742413177,0.516,1187.9469602955714,0.557,6439.106144079072
88,734921,0.2595,72.23686356528134,0.255,71.41462584296171,0.251,70.9732635675335,0.2495,69.28431860535123,0.21,56.99968536499495
89,734921,0.3535,60.62451428356106,0.35050000000000003,42.29351894371876,0.35000000000000003,31.127857093963083,0.313,24.192177196977106,0.1805,21.33492636774732
90,734921,0.152,65.45766409986128,0.1515,55.561145275402936,0.1515,47.84388283895748,0.1515,40.943100991707915,0.152,30.724226034664675
91,734921,0.23950000000000002,26.751408499114984,0.255,47.2837541321983,0.2605,92.65388743182257,0.269,214.68169626136205,0.298,1191.1781263107684
92,734921,0.481,1558.848115647853,0.40650000000000003,1057.7679527985417,0.2905,739.5193675400727,0.267,480.3991123840148,0.1875,181.94289843315107
93,734921,0.3195,49.63793434294985,0.35150000000000003,40.770150851028795,0.354,33.956522498704274,0.367,28.206258885400487,0.372,21.059533812805512
94,734921,0.21,27.872400198105737,0.2145,30.42373115816225,0.2175,34.59296915408261,0.272,42.3856785225234,0.275,74.74865522688624
95,734921,0.1695,21.295470407238167,0.1695,24.164399435054285,0.1695,28.54892444889874,0.169,36.00297201997121,0.1695,65.96314588087077
96,734921,0.166,53.0699342670447,0.166,55.23067989842898,0.166,56.98020746636371,0.167,58.40897534795197,0.228,61.21796358368128
97,734921,0.303,41.83908079016868,0.303,28.641896207451616,0.303,21.198849495912327,0.303,16.2952660392191,0.302,11.601968669521508
98,734921,0.307,285.825699185491,0.1925,117.4106243982317,0.1655,55.2901422628722,0.153,29.257878000666874,0.138,13.637159028711064
99,734921,0.2085,51.419213963747225,0.20550000000000002,40.430123208506444,0.20500000000000002,33.17450547439167,0.1935,28.02927200544656,0.1925,23.772644962935583
100,734921,0.3615,181.54616123381996,0.3565,162.51834580510362,0.333,146.7157347222308,0.3235,135.23497766518042,0.2625,140.6093931137177
101,734921,0.3895,1017.2637543646504,0.3915,866.8191539691069,0.397,704.8235246860226,0.406,526.0458437389358,0.40900000000000003,241.2118600067405
102,734921,0.1145,32.087220394634166,0.114,38.767536079939894,0.1145,48.25947069632193,0.2115,63.420438791239185,0.209,113.20761776529582
103,734921,0.417,32426.076374879645,0.417,36119.129901558044,0.417,34185.280756571134,0.41600000000000004,25411.11939327959,0.377,5141.631408869992
104,734921,0.979,17069.384321096237,0.972,31280.002713073853,0.9470000000000001,42856.48973932008,0.8695,38184.260969516676,0.6955,5806.44163593576
105,734921,0.377,219.73149695686175,0.38,208.8884386457181,0.3895,196.29512133621648,0.393,186.64909964662473,0.3925,216.07087708641802
106,734921,0.1275,67.67751545826897,0.1275,67.6101855496522,0.129,71.04368393102672,0.1295,78.81090304834566,0.316,105.65820756310805
107,734921,0.442,1016.0294705231678,0.44,424.265245539795,0.4375,184.07872306781016,0.40650000000000003,79.55143114590322,0.2905,20.88923990521013
108,734921,0.23550000000000001,14.272342215203084,0.23500000000000001,17.34626155734815,0.23450000000000001,22.075459957774694,0.23450000000000001,30.561709977964572,0.2335,68.64284934531123
109,734921,0.2885,19.79426439471163,0.292,19.54924754942296,0.292,19.93578206880325,0.292,21.20874980651665,0.2995,27.47820015880363
110,734921,0.17400000000000002,144.35621845867993,0.17300000000000001,104.75090535981276,0.17300000000000001,77.09257564238095,0.17200000000000001,56.40679530651251,0.171,34.46629281070831
111,734921,0.3125,758.6002751800964,0.314,948.1405360965792,0.3185,1186.680184338752,0.3185,1471.9257097033696,0.3695,1659.8810648100368
112,734921,0.29,8463.748300858542,0.2765,3225.275586174289,0.2755,1165.1199612652867,0.274,375.2217642709205,0.227,76.51983678068747
113,734921,0.3855,589.6470938503758,0.3775,785.6160330590582,0.3725,1022.8660683145121,0.355,1315.8823669521141,0.3045,1662.808414397187
114,734921,0.34400000000000003,41.038226386593074,0.3435,46.01255881127321,0.335,52.53871260857482,0.327,62.16387882327075,0.158,91.00087482758596
115,734921,0.2445,498.25812783228326,0.245,553.199523837289,0.246,595.2557636847856,0.2515,619.4802136233588,0.2625,563.8216436175065
116,734921,0.259,264.460676099812,0.258,210.40924867008295,0.256,164.88019423205182,0.25,128.64947389123662,0.2265,90.31832714756973
117,734921,0.23950000000000002,81.05950918176549,0.2405,110.84834793506919,0.268,151.215834370271,0.2785,207.86681241061186,0.281,317.52546695816704
118,734921,0.3195,82.3742451599954,0.3205,222.15140406401179,0.321,624.2961289459322,0.321,1812.3287074209584,0.321,8269.006952580941
119,734921,0.228,233.36192085343487,0.229,471.4712875836798,0.229,1008.3342242161776,0.251,2365.3176222027532,0.277,9912.192963813764
120,734921,0.1965,261.93029310734795,0.214,185.14601720608255,0.2185,145.90691141327923,0.2215,128.61424998317054,0.227,121.4360564718201
121,734921,0.4,673.7832747631915,0.41600000000000004,907.4799806338793,0.421,1172.1719650302612,0.4635,1470.1795137440845,0.47450000000000003,1792.925235565514
122,734921,0.2165,49.455265111948464,0.2195,71.96937901122094,0.2275,122.01413204271411,0.2435,274.6313732835093,0.383,2180.448625458383
123,734921,0.433,10987.291646336986,0.332,5792.881946108653,0.309,3812.0017254056434,0.28800000000000003,2595.6340058727155,0.257,794.6395359014771
124,734921,0.5955,494.21417826956724,0.6005,658.5896577654258,0.602,872.6209652708275,0.6,1216.5295644989467,0.5635,1743.0243053319764
125,734921,0.3375,80.36977749012088,0.35150000000000003,79.2061580575594,0.3605,97.78494984843677,0.435,168.53583957623167,0.446,656.6161800035004
126,734921,0.47300000000000003,8158.659131424881,0.482,16767.630015201696,0.4975,30106.12451851569,0.504,45612.78497438599,0.504,39447.338696866434
127,734921,0.5815,929.6254009994584,0.5815,1037.7462969293176,0.5815,1091.3708300744784,0.581,1033.7434261491862,0.506,484.5655794794009
128,734921,0.2135,77.73479155438862,0.215,65.32534742180152,0.216,55.95481012584421,0.216,49.39509222171812,0.218,49.29832746564563
129,734921,0.0905,32.68132617302042,0.098,32.16138650250953,0.0995,32.33503947906013,0.1085,33.91783318448655,0.2655,54.00392161908933
130,734921,0.217,51.19503745811195,0.2185,78.4328927208373,0.2195,123.85578476419278,0.2425,211.4953074960998,0.2555,606.2043610369577
131,734921,0.2405,464.4842017102315,0.2405,471.4103278725676,0.2405,467.20928316552926,0.2405,448.9310923163541,0.241,362.06575258155044
132,734921,0.20500000000000002,22.815133661577256,0.20500000000000002,25.60570852538317,0.20500000000000002,29.562557610342193,0.20500000000000002,35.93117834651825,0.209,58.76590710225823
133,734921,0.2515,48.83933577338557,0.2735,56.37678632688321,0.3085,66.4701071439255,0.3175,81.25298174012488,0.4855,118.93018805359827
134,734921,0.1555,24.98067477297146,0.182,33.787750055451966,0.197,53.48878951039128,0.2095,117.31061248736626,0.7905,3646.9162446652335
135,734921,0.17300000000000001,306.7456526742588,0.17450000000000002,266.36637548864485,0.1765,225.36876188460135,0.1855,183.34492956941412,0.2025,122.03676999730763
136,734921,0.4185,25.53785622220758,0.41200000000000003,14.096330984727896,0.3885,12.560481196932646,0.247,12.968924662026758,0.23650000000000002,18.954426541281002
137,734921,0.596,1077.168283142598,0.6135,3362.6066836725627,0.645,16134.282445734223,0.7475,106317.47866523163,0.767,1042214.2783871896
138,734921,0.23550000000000001,76.36369389816747,0.23550000000000001,95.39365410795403,0.234,119.9424877988174,0.2325,154.88777077889128,0.2325,246.58358685948565
139,734921,0.223,56.33280045547263,0.289,74.53655345935171,0.2925,103.96735161671216,0.368,161.6853101450638,0.47550000000000003,509.4185496491319
140,734921,0.355,59063.8601142443,0.389,48719.16854788467,0.403,32367.32271069154,0.4045,15524.594459243872,0.461,1482.8188174887669
141,734921,0.297,978.44633184998,0.2985,1000.0135185635992,0.3105,970.371735551853,0.321,871.8665997244549,0.338,522.8928477961874
142,734921,0.2795,114.3625936490114,0.2755,76.20369235660065,0.2105,55.520951670623354,0.157,41.87188348868364,0.13,27.358796082716136
143,734921,0.289,482.1401539989473,0.268,414.1536813350051,0.2615,335.7132596374277,0.2555,247.99793529869174,0.2405,114.60652376074202
144,734921,0.3355,287.16506981525976,0.3335,350.0260547498832,0.3155,467.4875459819703,0.28200000000000003,668.4952421857072,0.20500000000000002,1148.374969588187
145,734921,0.341,238.34860862099046,0.3385,173.04892177768193,0.3365,122.37456756937166,0.331,82.12115613124618,0.3245,39.46487684210054
146,734921,0.158,29.97712062356345,0.158,30.238106540093668,0.158,30.867498875471135,0.1585,31.85005060372554,0.1625,34.51040407663451
147,734921,0.1675,22.328966965200042,0.1785,21.625439574778323,0.1925,22.09164383857047,0.241,25.501495924660134,0.4935,71.11815532175859
148,734921,0.134,14.73678052059077,0.1345,15.132923849709202,0.139,16.33017568641508,0.14,19.331648037720647,0.148,41.074080573178044
149,734921,0.256,166.79351905233733,0.2545,157.33029465302164,0.2545,146.87349036955848,0.2405,134.05965914024202,0.215,105.43288226771779
150,734921,0.08,36.14786826085703,0.08,34.86363777179271,0.081,34.034812998656314,0.0815,33.56533002260958,0.091,33.76988377554158
151,734921,0.3955,1245.182592183467,0.4455,1900.327880363259,0.446,2590.7331537108203,0.446,3079.7762930480717,0.444,2157.313338494107
152,734921,0.4385,26392.888527643307,0.4345,12249.079973541478,0.3585,4947.0918678882745,0.3315,1814.3488113430778,0.2235,505.6482097587427
153,734921,0.24,80.25444665715061,0.20650000000000002,35.15606871156836,0.1875,18.94019717138498,0.1775,12.520899832056564,0.11750000000000001,9.54604077208897
154,734921,0.28750000000000003,61.59142992474115,0.28650000000000003,76.41848247424693,0.278,99.21163892578593,0.276,138.8765310199768,0.275,289.1878621414029
155,734921,0.357,293.33265848897673,0.363,426.5913628500553,0.3905,572.8922068451533,0.4005,697.3828830783815,0.4005,755.323486265834
156,734921,0.23850000000000002,27.173444045217735,0.2405,21.245732347796896,0.2405,18.100011439793615,0.2415,16.272667185248405,0.278,14.971847726580021
157,734921,0.132,74.55471162846827,0.132,90.8271532540684,0.134,111.60708834407565,0.138,140.56270010112473,0.145,214.00305617327396
158,734921,0.2315,96.00139995475739,0.2315,139.91637714335613,0.232,206.39891619507608,0.232,326.1907747564577,0.2325,894.5725072935102
159,734921,0.308,19.054464761106036,0.31,20.362199393616567,0.31,21.592818521074758,0.31,22.995666616036083,0.31,31.530624519057685
160,734921,0.7485,2543.905226702349,0.491,873.2237629779282,0.4395,306.78524703670587,0.321,125.22530875611615,0.2955,65.24346602273938
161,734921,0.6465,1377.4074832332606,0.639,1718.2942502093695,0.6335000000000001,1973.531931998161,0.5315,2072.7006657712764,0.365,1574.1192216518982
162,734921,0.1845,240.14148674411885,0.1945,238.95185349623955,0.1955,229.1974053759575,0.197,207.3373399661077,0.2095,137.81575595412775
163,734921,0.247,81.54790066849013,0.23700000000000002,78.4746762935359,0.1865,75.57373222840869,0.1765,72.57239630356648,0.17350000000000002,67.55973845126104
164,734921,0.28200000000000003,596.4006425553614,0.28450000000000003,363.8857129728857,0.28200000000000003,228.56035947343767,0.265,141.14072948417828,0.264,63.47562600690072
165,734921,0.451,2956.9189491967204,0.4915,3437.1625414544437,0.504,3633.5456775572125,0.513,3472.0573154054778,0.536,2345.9807355129246
166,734921,0.1395,83.37573489334159,0.1235,62.12990793985105,0.1225,46.896451627879685,0.1225,34.092290606851165,0.114,17.57798687687816
167,734921,0.292,87.3223383433618,0.2925,112.80590790780809,0.294,144.53388746274453,0.296,186.17221779616307,0.3025,262.2101755296517
168,734921,0.369,434.3821941122147,0.3705,977.5359486520482,0.398,2023.0086240243188,0.399,3886.1442987788205,0.399,7195.4494225105445
169,734921,0.17250000000000001,74.28925770860344,0.149,56.84774354541301,0.1445,44.36213731397375,0.1385,34.492798779775484,0.1335,23.33512969738256
170,734921,0.383,44.96506441708067,0.388,47.51018758414871,0.3975,49.10840559703279,0.3975,50.347446940966286,0.388,71.09110111131835
171,734921,0.277,24.19200524671197,0.2785,29.388974487054195,0.28400000000000003,37.080207328185125,0.3145,51.63061039909741,0.373,133.61686092641813
172,734921,0.23750000000000002,34.54186385879746,0.23650000000000002,31.511721428519746,0.23600000000000002,29.34094599503784,0.23500000000000001,27.765152790082507,0.2325,27.256890431015982
173,734921,0.18,23.770056001749033,0.1785,20.346629069429795,0.1775,17.864781120491095,0.1775,16.022607349364655,0.182,15.064789247869692
174,734921,0.153,21.34634742095636,0.153,23.337746496257495,0.1625,26.65674458069611,0.163,32.851184591292416,0.17400000000000002,62.50853557801594
175,734921,0.395,5825.518518742973,0.374,3612.4799420591075,0.367,1948.8891777063434,0.3525,851.8403492799983,0.32,142.0573339145138
176,734921,0.337,7884.418286323023,0.3315,2736.084328699081,0.265,792.1271882146704,0.257,182.11098922864588,0.23750000000000002,28.705055234937568
177,734921,0.193,177.3672950890664,0.193,228.45542661297537,0.193,282.64898878388266,0.193,332.74089639226435,0.1995,343.9039936851928
178,734921,0.192,288.49522469032144,0.192,270.733169719464,0.193,239.74142916230534,0.193,196.69556191378922,0.215,119.78859344207547
179,734921,0.2285,56.17878772068689,0.2255,52.178626399613904,0.199,47.54853763231076,0.1985,41.4515123946583,0.192,28.143489936054284
180,734921,0.316,2072.6967936997894,0.336,3179.97317134057,0.356,4490.902304915606,0.363,5644.776536100659,0.4475,4430.317635451127
181,734921,0.146,56.60282318637835,0.1465,49.051186828322464,0.147,42.20356695918114,0.1485,35.79979375853875,0.1715,28.415058165557106
182,734921,0.338,28.246060897043336,0.34500000000000003,42.08997592157831,0.4295,68.2324639960736,0.4355,133.54695906776092,0.437,866.5764792372788
183,734921,0.0755,7.831039687177636,0.0755,8.714031803862518,0.0885,10.155307175873554,0.094,12.99664454466108,0.136,31.64767155547498
184,734921,0.0855,40.56660396479192,0.08600000000000001,42.68003530025447,0.08650000000000001,48.57477047042212,0.135,64.05527097348163,0.139,164.6393838532827
185,734921,0.1265,337.1928997691308,0.1265,255.72886471764548,0.1265,185.10215399018264,0.1265,122.01909333697473,0.13,46.57759729408556
186,734921,0.1965,10.659116259118559,0.195,10.38862613202497,0.167,10.699838147781165,0.1665,11.934045074936305,0.166,19.984712724233578
187,734921,0.233,285.07224689323283,0.233,391.0152594857047,0.2305,507.68158052295934,0.2115,624.1362403886778,0.20400000000000001,684.7214305944275
188,734921,0.736,6795.516190253045,0.807,20205.41443413798,0.879,63629.11983624392,0.8945000000000001,160612.94935679995,0.881,140047.7915191424
189,734921,0.2955,757.5030064701252,0.2955,518.8965865295908,0.2925,339.97151878626244,0.28250000000000003,202.6854812323298,0.276,69.25957072625249
190,734921,0.4955,4008.668071241611,0.51,3590.120025152164,0.5085000000000001,3007.6574924339493,0.4865,2128.8047354833066,0.46900000000000003,436.10434988932275
191,734921,0.1525,14.16281894558449,0.1555,15.061035160987071,0.1555,16.636178783372362,0.1655,19.505238286623204,0.197,32.52544877444538
192,734921,0.265,83.30111375643664,0.273,72.2879041134552,0.34450000000000003,62.88715385630111,0.34800000000000003,54.043972439368396,0.34900000000000003,41.386012445665294
193,734921,0.2985,156.2606791526247,0.331,355.1940284209611,0.4515,856.3713988864241,0.47450000000000003,2338.145469948517,0.5035000000000001,17166.610824069357
194,734921,0.3615,1882.9278719048225,0.3575,1497.0260463619813,0.356,1049.8178058753133,0.35100000000000003,619.6188641728262,0.326,177.52390664365092
195,734921,0.3955,508.77927027043546,0.41300000000000003,678.741381945192,0.4465,857.6602073295136,0.453,1023.6467274596338,0.519,1066.6063945358037
196,734921,0.254,542.6517375604536,0.254,409.16139852004517,0.254,294.7606290580421,0.271,193.711238386948,0.295,72.09557122879073
197,734921,0.839,626383.5155030569,0.8310000000000001,562771.3196310771,0.8160000000000001,280340.0240184244,0.737,65004.77382874843,0.4825,2478.58288020048
198,734921,0.253,349.75897677986006,0.2545,314.5055592795506,0.2745,270.33860097254245,0.3185,215.611992388381,0.35100000000000003,116.44650780112353
199,734921,0.1585,44.05861485222759,0.1585,45.23055076127774,0.1585,47.809923677339555,0.159,51.96852017298584,0.178,63.92694845353625
200,734921,0.233,571.0969348602997,0.2335,621.8510985730273,0.245,661.2499665722559,0.2595,694.1251930129471,0.265,687.7161686381393
201,734921,0.123,38.486770800328536,0.1265,54.24212106748681,0.133,83.80153792613567,0.20500000000000002,158.75346661606048,0.2685,1252.9308698081427
202,734921,0.2985,105.22628549590887,0.3,83.17555109025889,0.3095,64.41611933849188,0.318,47.98831656594945,0.3545,33.832520195523344
203,734921,0.1475,329.71561542161743,0.1475,257.29451706092425,0.149,195.08592713183887,0.15,138.05455498482516,0.1605,62.46565640786142
204,734921,0.259,189.07596667233025,0.259,163.60564379083044,0.259,142.57047653527445,0.259,120.9073047725465,0.2695,75.78480409339335
205,734921,0.4,4617.733868359783,0.4005,4103.309920498983,0.4,3540.3400531400976,0.4,2911.087420380249,0.364,1586.6822130922917
206,734921,0.753,164486.63131773155,0.8775000000000001,183217.85771222773,0.901,165021.88799431047,0.9145,104419.77705998864,0.897,12475.584767502034
207,734921,0.5355,19000.37972731267,0.5355,9501.449004480917,0.518,3575.1304461910645,0.5165,890.4815641600198,0.246,55.6388436995288
208,734921,0.2275,161.55174625611147,0.2275,146.34542234538822,0.185,131.0067361526951,0.182,115.76934825126258,0.178,96.05054937368388
209,734921,0.14,22.712957934084507,0.146,21.013608688488524,0.1825,20.357282987741108,0.2025,21.248737248839646,0.20600000000000002,34.30727262616105
210,734921,0.8075,257844.70125875596,0.8175,416972.65076401905,0.8175,469469.6701124672,0.806,344591.82427500514,0.609,43347.58768783996
211,734921,0.3365,124.5847545331304,0.34400000000000003,164.55027106898746,0.41200000000000003,212.1316735639476,0.41600000000000004,262.6402660715031,0.4595,292.5673813378968
212,734921,0.113,67.8118514961967,0.1135,92.72040327052949,0.1205,129.5655628772636,0.133,189.8857218023305,0.3925,386.081348815562
213,734921,0.2015,26.300372558062307,0.1815,29.880721212953176,0.178,34.33383889073631,0.1765,40.661205273906106,0.165,59.98744682193162
214,734921,0.381,995.275717729971,0.3785,657.0800364154749,0.373,339.05492037649464,0.364,132.72527533570937,0.34750000000000003,44.62572329336863
215,734921,0.1825,52.608460379856595,0.1825,54.05263339404588,0.1855,56.56082992303969,0.1865,61.2619606449913,0.24,81.49972744990157
216,734921,0.3195,112.60293462221412,0.323,159.95820411681854,0.323,217.76027516914033,0.3195,279.74510443972866,0.3155,318.3334221265756
217,734921,0.17500000000000002,19.503979005897836,0.17450000000000002,20.684637919563567,0.17450000000000002,22.40403824685891,0.17450000000000002,25.157923598796188,0.17450000000000002,34.87910363895571
218,734921,0.1695,111.0460383246236,0.1705,86.52822258621899,0.176,67.65554748344803,0.176,51.42719559913133,0.197,29.812707930686592
219,734921,0.2805,124.24552527037241,0.2805,111.45551618096269,0.279,97.92527527018214,0.279,82.50295806294388,0.2765,54.28612554528882
220,734921,0.163,113.41666186522993,0.1555,70.89090071661626,0.133,46.252446554416835,0.1305,30.693072795068097,0.11,17.596895956504095
221,734921,0.37,122.04716763883346,0.393,118.88128648435163,0.40850000000000003,113.11579360567576,0.466,103.36163801389202,0.492,79.83519840869185
222,734921,0.151,32.289340127720344,0.1495,36.52821633801651,0.1485,42.784779551417515,0.14350000000000002,53.798252138595146,0.14350000000000002,106.40491434660416
223,734921,0.224,105.78687280068925,0.225,107.12004790917979,0.258,106.6644197776494,0.34450000000000003,103.9175846842037,0.3525,94.61442729754117
224,734921,0.0945,22.836896145368794,0.0775,23.924869614279906,0.07150000000000001,25.249008858057714,0.0635,27.034872957773498,0.0635,31.86901391070689
225,734921,0.202,28.64061868028303,0.219,27.005985938390896,0.233,26.600917992502435,0.2965,28.232079950569585,0.3355,46.63159530598843
226,734921,0.189,277.95551659279704,0.20750000000000002,292.7332121280062,0.2165,297.4264602160876,0.223,288.857029356883,0.3145,286.17202086377733
227,734921,0.20350000000000001,228.1619714106618,0.2135,297.54430413978565,0.2225,407.37555827287457,0.241,601.172529904806,0.305,1216.5923221057349
228,734921,0.219,58.021889404058285,0.2245,65.99163118754745,0.256,75.39269298306164,0.29,88.35541846541787,0.41550000000000004,131.84097554126802
229,734921,0.2195,18.24220148315686,0.289,23.463353100735247,0.331,32.23359387720624,0.3965,50.36154703330362,0.468,170.95784443002023
230,734921,0.065,8.355694593968746,0.065,7.712030814943914,0.0645,7.193439915653068,0.065,6.751454626072317,0.08,6.83102686647143
231,734921,0.2225,21.08492663216928,0.214,24.455792017746145,0.1835,30.10689605818911,0.1605,40.42469065641024,0.1525,84.08126471437102
232,734921,0.139,44.16618514165302,0.14150000000000001,52.18949073268727,0.1655,63.52831411089273,0.169,81.8369585025069,0.227,158.35355218226056
233,734921,0.1715,39.71607747643145,0.171,51.12044373995416,0.156,69.03983750860121,0.154,99.37583394897483,0.1525,205.22499571989331
234,734921,0.114,52.5850379491271,0.1165,52.2671431298582,0.117,52.32200633464929,0.1245,53.037765434170915,0.14400000000000002,58.48460103821369
235,734921,0.47400000000000003,1617.1817237123114,0.3225,1197.704345144205,0.3205,809.5215095625861,0.3145,459.1370135094469,0.269,102.96926652264709
236,734921,0.4325,297.930747541018,0.4415,480.5100603796557,0.444,817.0819131681586,0.4455,1502.6941899351627,0.444,4116.269695669971
237,734921,0.1255,179.4665746177534,0.1245,206.494604181095,0.124,232.1731461930381,0.1155,258.36636821046307,0.1325,310.1739928430107
238,734921,0.2275,29.322208337494857,0.227,21.864544457795983,0.226,17.92211037664157,0.11750000000000001,15.62053490206975,0.1135,14.18865734436444
239,734921,0.247,133.5926554523555,0.247,149.9079376188831,0.247,164.4894619231827,0.231,175.98508754249164,0.2465,172.22234058346075
240,734921,0.881,20406.853095155853,0.6715,6419.340367135105,0.5115000000000001,1785.8513704993632,0.434,577.8375635792684,0.3155,240.31695466610157
241,734921,0.17300000000000001,25.108689596762115,0.182,28.42247636710871,0.184,33.039415487985494,0.1855,40.34160397017361,0.196,65.51583901829038
242,734921,0.5730000000000001,2317.3128798010102,0.601,3976.385923235484,0.623,6259.162903748633,0.6365000000000001,8918.716377762135,0.6925,8761.410480529488
243,734921,0.3025,27.731823649491226,0.28350000000000003,25.437813658882472,0.2725,23.974455761689303,0.247,23.280957887982346,0.1905,25.25231032863728
244,734921,0.149,22.673149818644585,0.149,26.477935202291693,0.093,31.735925936036654,0.093,40.04128764585978,0.154,69.85119539413755
245,734921,0.5305,103.36736363900023,0.4035,96.78029314733544,0.3805,95.47486019540655,0.2985,95.54747878711638,0.228,86.67736713836871
246,734921,0.265,51.8421645360305,0.273,66.26247496458596,0.28300000000000003,85.89364386997035,0.28400000000000003,114.86166539989901,0.316,193.9948027949713
247,734921,0.3375,315.9602640017354,0.341,371.02471989505085,0.35100000000000003,422.4106726655818,0.355,464.2536441631634,0.3735,433.7242681893195
248,734921,0.58,10252.811760694949,0.5575,4816.240373490372,0.4935,2086.9447312193556,0.296,815.6807192676149,0.263,231.0215089148356
249,734921,0.4265,668.0562554656242,0.40900000000000003,310.4742078606087,0.359,185.77306514087914,0.3015,154.35096427141923,0.2755,139.93616722553793
250,734921,0.128,47.81022325569894,0.1665,78.88781113060028,0.1965,144.32780907225532,0.226,339.91544089900344,0.466,25106.468831939957
251,734921,0.2715,163.02747529970378,0.232,143.66921452789157,0.2305,131.00774379983542,0.191,119.54045443016808,0.187,92.89289271577616
252,734921,0.3185,131.14834342719126,0.3205,133.37055749662707,0.323,134.3359954722355,0.367,133.66955497116498,0.376,128.0931738660287
253,734921,0.4445,41.72714962808677,0.4495,77.7376926228196,0.4625,144.03536617586983,0.464,239.6886810129453,0.464,427.6525517311233
254,734921,0.4435,828.5780455034151,0.444,807.9837676532555,0.4445,743.893893238877,0.444,633.5585952583519,0.377,390.0462576564236
255,734921,0.494,33.36384962632063,0.494,35.035670431103426,0.4925,40.316299982621146,0.4915,55.05887796106492,0.4815,206.90030347650915
256,734921,0.191,53.75606915610891,0.1805,54.92693224744977,0.18,56.116424564070385,0.178,57.894182810523,0.1485,65.99324983420104
257,734921,0.58,812.8998145577415,0.58,1091.0820568769852,0.5775,1270.2373379198493,0.5525,1231.3702360393768,0.47750000000000004,677.720411620928
258,734921,0.139,7.178739456491083,0.1385,6.861616165646641,0.1385,6.794144558576771,0.139,7.033446888805552,0.222,9.119911102937467
259,734921,0.0905,69.63775466622846,0.0905,64.88560206905848,0.1,59.40925146232481,0.101,52.48220716344923,0.1575,37.69457626008967
260,734921,0.3765,232.98904907702138,0.354,115.45336215083823,0.325,56.3912353250278,0.316,27.094980003726114,0.3095,9.838603970291198
261,734921,0.23900000000000002,92.76021121035434,0.23900000000000002,93.83654113580427,0.23900000000000002,97.38426142173329,0.23700000000000002,106.70760548039941,0.23600000000000002,158.88446956787791
262,734921,0.3815,367.9726412291741,0.3835,674.78783474616,0.3815,1318.7142645927524,0.3725,2914.6855973045554,0.334,12569.200276707596
263,734921,0.1525,16.005416873808432,0.138,16.634834066700456,0.134,17.98560575458897,0.133,20.733560398540877,0.131,33.82756206336539
264,734921,0.133,12.822415321926075,0.129,13.302753234971366,0.117,14.063144353412302,0.114,15.32088551060913,0.1155,20.17130401525665
265,734921,0.34800000000000003,253.6953472230525,0.36,229.3684923298011,0.3715,213.1184870103876,0.393,212.5891523883098,0.402,233.83392205913827
266,734921,0.289,17.41745652709942,0.272,15.16250955546703,0.258,13.934986629244735,0.215,13.515119067112133,0.182,16.146464415673446
267,734921,0.158,23.574420375020907,0.159,26.874655617612472,0.16,31.967267390775504,0.169,40.769886192432615,0.2115,74.22509863082053
268,734921,0.342,233.993992383172,0.3435,410.2364893431207,0.3435,710.7953855540862,0.34450000000000003,1247.6343229280817,0.34450000000000003,2725.0294909464333
269,734921,0.8635,2680.727451609315,0.852,5973.481598527873,0.846,9764.322888498918,0.7925,9890.240652731458,0.642,6247.384646153243
270,734921,0.23,113.44841814714202,0.23,149.4362187344076,0.23,188.45441587625254,0.23,225.953923838346,0.23,247.87769411443125
271,734921,0.20750000000000002,987.5123598182555,0.20700000000000002,770.4202410123302,0.20650000000000002,557.1874029859198,0.20650000000000002,359.75002334772785,0.20700000000000002,136.68120331473241
272,734921,0.321,29.57417263462304,0.3215,23.29176907674848,0.322,18.85933222321215,0.3225,15.622864404563671,0.3435,12.756560064517037
273,734921,0.582,112.17451723965658,0.582,136.56633457806615,0.5815,163.13567076070532,0.5795,190.11785644247564,0.4995,209.1775760082306
274,734921,0.5125,2173.126027625531,0.515,1808.1896062818232,0.5515,1449.4284300664826,0.5805,1096.65228198968,0.5805,786.8332277470952
275,734921,0.297,142658.89925591074,0.303,126214.5780380393,0.3255,93947.24028980672,0.3595,61196.25672829334,0.398,20894.62082932688
276,734921,0.075,19.019592984739145,0.0755,17.92630341062802,0.0785,17.076222750594386,0.079,16.478408035171388,0.105,17.35493642523408
277,734921,0.10200000000000001,9.962427521284027,0.10250000000000001,12.239062696691603,0.2255,16.113364772015064,0.23700000000000002,23.691567165319977,0.2755,69.55508597277854
278,734921,0.2,25.527491935289707,0.20500000000000002,24.612923562958667,0.22,24.14028481849917,0.23850000000000002,24.17343051525946,0.534,27.4863849452367
279,734921,0.251,24.46273331788168,0.2455,21.9299695402101,0.228,20.80699840474576,0.20600000000000002,21.031047814528247,0.198,26.750874137143846
280,734921,0.2745,443.4692081606019,0.273,503.85032450997346,0.2615,548.4510604902795,0.2565,562.4524452962817,0.253,430.13810703009125
281,734921,0.5660000000000001,31235.107839793905,0.5215,4090.200038756839,0.46950000000000003,1510.5517985944434,0.4345,844.3305463811406,0.20400000000000001,446.03666263112444
282,734921,0.261,62.32967372588727,0.268,104.8050922087838,0.3295,194.05659126129817,0.366,411.37546639158427,0.4445,1883.3434943312031
283,734921,0.261,36.69673633044187,0.262,33.43726476478314,0.2625,31.80211657337446,0.264,31.594941691376903,0.28700000000000003,34.34175709136666
284,734921,0.48,1766.1819021387103,0.4895,2040.9273428502322,0.4895,2430.4004074270115,0.4915,2996.180194803104,0.4895,3181.5250767689877
285,734921,0.1155,76.60341926705958,0.116,85.28356472607055,0.14400000000000002,93.82441032856713,0.145,102.36959398574194,0.1955,114.57962356720459
286,734921,0.47750000000000004,610.8290962100451,0.517,567.4615907424217,0.9275,659.4607293818626,1.006,1095.2113795359812,0.911,2960.0973995676686
287,734921,0.163,33.47839983736175,0.1645,27.27059565266105,0.165,22.81269326338195,0.2005,19.34319859906313,0.2705,15.942091222496689
288,734921,0.17550000000000002,52.988067059157515,0.177,61.607251348599064,0.177,74.10098786764298,0.177,94.76533469386592,0.19,170.6708961901025
289,734921,0.4595,51559.29527686154,0.4875,104124.91640453246,0.5630000000000001,168935.97016027235,0.597,226210.78945286173,0.664,1284647.7457353387
290,734921,0.20800000000000002,39.45809175913042,0.2095,43.16177689805295,0.281,47.65124576158413,0.3295,53.52390073928178,0.41450000000000004,79.87834771622768
291,734921,0.2945,4244.456522256987,0.3045,5627.22282391941,0.3065,7169.375524748751,0.318,8264.273264291187,0.386,4866.4370301604085
292,734921,0.21,19.724147760155294,0.122,17.91393433439382,0.122,16.947072646975435,0.122,16.85671199846017,0.3655,20.766540444074437
293,734921,0.246,53.43694515753748,0.246,35.77114823622881,0.2445,26.890026604826858,0.2445,21.793325631954197,0.2435,17.527798792532558
294,734921,0.307,99.98103054784212,0.3115,96.68315862038716,0.3115,112.81325124693143,0.307,181.94729202121906,0.304,588.4420081182004
295,734921,0.3805,864.4873499623039,0.3805,810.732405502779,0.3805,711.0879523719,0.3805,545.276980996969,0.3675,202.6443116789572
296,734921,0.5690000000000001,1632.4282281945805,0.6045,1638.9536478511518,0.6355000000000001,1295.39578487069,0.6365000000000001,755.11928098773,0.6015,138.0828550891143
297,734921,0.3745,641.505212126152,0.375,550.1807558806021,0.3765,446.9694519099813,0.3765,329.0766104062348,0.3745,143.7696767021772
298,734921,0.4035,81.03795879367367,0.363,69.82085364218104,0.3555,62.03847233381963,0.34800000000000003,56.032024718058025,0.3185,47.864012775256796
299,734921,0.2785,594.6944869034782,0.302,1150.384871603648,0.313,2109.845138849829,0.331,3841.258270589055,0.343,9517.857808680508
300,734921,0.28500000000000003,111.5097168599943,0.3025,116.89036363246905,0.309,166.66217657705928,0.3185,347.78962111009827,0.4185,1571.6305581073489
301,734921,0.447,20140.964084787258,0.3795,4058.5261600460162,0.3525,825.9629082848882,0.322,211.72707895986377,0.198,41.365733864638756
302,734921,0.217,30.247141156142828,0.214,23.59112317653387,0.214,19.228539600466593,0.2135,16.10046653010763,0.197,13.204946244014435
303,734921,0.2765,3628.120561818073,0.2765,2318.5663051143324,0.2715,1359.9626088276243,0.2705,708.4427862606467,0.2695,229.34796630824562
304,734921,0.2435,66.97674397659185,0.243,73.87101449740922,0.2415,85.32190774420143,0.2415,104.21635528320638,0.241,168.74925143866582
305,734921,0.3335,2006.1181151951225,0.3295,3126.056437436337,0.3285,4611.379665140271,0.3265,6431.472344162912,0.268,7020.013401861068
306,734921,0.1535,1568.771408130268,0.1595,1121.2768576176825,0.183,733.7548084928097,0.221,420.47611364518457,0.245,219.50669779662837
307,734921,0.599,4697.648852161354,0.5205,3744.2120996279923,0.496,2562.637389696064,0.4605,1409.6921653391496,0.4045,317.36389901051996
308,734921,0.2935,712.1270117204531,0.303,2101.1208945537437,0.329,5887.685728709839,0.334,15948.506725725967,0.328,47564.441878412654
309,734921,0.2305,140.07293076908564,0.23800000000000002,181.4563587809297,0.24,266.78426339538294,0.248,466.50444190746083,0.28550000000000003,1542.296311192784
310,734921,0.373,421.8985705061451,0.3715,359.5480064810252,0.3615,306.7362243089792,0.1975,252.76736521072485,0.1815,160.69662483420197
311,734921,0.4805,930.1531530550317,0.46,484.88753742319244,0.4515,229.2130185542732,0.4415,100.37888960750641,0.296,35.004219547330315
312,734921,0.5755,116.13638654051078,0.5755,67.3118729197046,0.5740000000000001,40.477550975694456,0.437,25.675172902129265,0.2675,17.50850782430169
313,734921,0.137,16.499797343617875,0.177,19.87118876131518,0.179,28.86156348396728,0.1795,57.59973568379986,0.19,419.436538067344
314,734921,0.2955,781.1946297712423,0.296,640.4662353299505,0.296,489.29987790301556,0.2955,345.1729104978564,0.2925,167.3784589184229
315,734921,0.321,170.23661582235587,0.353,210.76298984563647,0.3625,251.39738772792535,0.3755,288.6124729194501,0.4345,318.6929130921466
316,734921,0.383,66.0188942328515,0.2235,49.67337042898713,0.2025,41.778056889673316,0.184,38.036817992258115,0.1535,39.708062220789465
317,734921,0.331,562.155009138703,0.3285,654.3853770948209,0.274,748.3015479360987,0.268,827.508164789664,0.1475,776.521431436304
318,734921,0.0725,3.9078860338318187,0.073,3.6801601508108113,0.073,3.636693097862153,0.0845,3.8267873337558815,0.091,5.617196640546878
319,734921,0.357,987.7165744882424,0.3535,616.7556669143845,0.34800000000000003,370.6116929285698,0.343,212.10733061772743,0.157,102.40432262867135
320,734921,0.2755,172.50320603534888,0.2755,123.73527463748533,0.2755,91.9032606321793,0.2755,71.80786825417647,0.2755,61.20926319482403
321,734921,0.2085,718.9746274945359,0.2095,898.8072572085086,0.2095,1026.3521375292382,0.2095,1052.9039468293888,0.2315,732.4832290979109
322,734921,0.2905,281.92742962217545,0.2895,247.69771751631413,0.289,201.1881579008491,0.28650000000000003,156.13486639947894,0.268,125.28879124688251
323,734921,0.2545,56.87164036562316,0.267,82.31844734764722,0.2715,125.21324366165565,0.2725,207.44784537394716,0.28250000000000003,542.6240824949961
324,734921,0.213,125.76885848116434,0.1985,82.97167413077854,0.1615,67.7532313810276,0.15,62.472697430051475,0.123,63.95112450231046
325,734921,0.65,419.8453748288583,0.6915,741.7838405732736,0.6950000000000001,1542.1179765477252,0.6910000000000001,3863.1901432696654,0.6545,9765.710145228522
326,734921,0.221,103.72341090762933,0.23550000000000001,78.60914614833227,0.245,63.92718875399394,0.2645,54.85117995659516,0.281,47.58278220119589
327,734921,0.262,43.70654280138285,0.265,49.5931993163113,0.27,63.38940511737923,0.2755,103.24732559082769,0.28250000000000003,479.927090086396
328,734921,0.3685,120.97930785804691,0.3805,153.09196985195015,0.382,198.0381498706563,0.383,273.1807553046883,0.383,622.2526817885198
329,734921,0.1945,38.51035018440634,0.2,48.1249264935411,0.23600000000000002,62.52109169127397,0.243,87.82589648971195,0.2605,193.32893455143108
330,734921,0.157,126.85071450546455,0.157,94.14132134549611,0.1485,70.3348328790162,0.1475,51.21024534177804,0.14200000000000002,28.342782541345393
331,734921,0.3835,17.12949509211744,0.20700000000000002,14.609139426165,0.20450000000000002,13.07544947745318,0.1665,12.150019515853494,0.1005,12.455253558689252
332,734921,0.275,3410.5592508225077,0.28450000000000003,3922.4213604189295,0.386,4295.926207760502,0.4375,4681.587998125717,0.47650000000000003,7590.1019104027755
333,734921,0.4175,311.8623166240991,0.41600000000000004,322.6656707873705,0.399,299.7296474281239,0.3655,241.5881103724125,0.2645,116.68405858092827
334,734921,0.5670000000000001,1167.1471255335266,0.5670000000000001,500.8735697452269,0.5650000000000001,181.92207174696085,0.5115000000000001,78.58611902198149,0.387,36.26033652920927
335,734921,0.0735,25.923075674718298,0.0735,24.285488522345215,0.0785,23.522906637298092,0.0825,23.598791442896815,0.091,26.326696854657968
336,734921,0.5175,4668.024802596689,0.4915,7359.9752774365625,0.47200000000000003,10656.95520124668,0.454,13920.052234494377,0.293,12147.321185513561
337,734921,0.171,1329.2614625639767,0.1935,1802.275801768252,0.197,2404.1413716323905,0.213,3485.1973931275575,0.3305,10286.783369542174
338,734921,0.4235,753.3477216414559,0.4335,1364.82189717985,0.444,2410.9268846713658,0.457,4360.9347739793375,0.4805,10165.063447119599
339,734921,0.1475,210.15277835212996,0.148,169.33368390333663,0.149,132.53390063371805,0.1535,98.77315372508976,0.191,57.98502155214253
340,734921,0.5435,1883.2447120948393,0.443,1174.7914892080685,0.314,625.2257904624836,0.2715,276.62821938438844,0.217,84.70889663209135
341,734921,0.1545,1325.7052513319784,0.16,1155.536943500035,0.164,915.4345975692883,0.17200000000000001,623.4673741271979,0.4615,193.3721379293219
342,734921,0.2265,7.7697057165677705,0.2915,9.398743773065961,0.431,13.336418983156687,0.461,26.9706079557374,0.481,281.97972184911833
343,734921,0.192,20.150711918529137,0.1915,19.22408704968068,0.1915,18.914474815260004,0.191,19.202320530927544,0.1915,21.68454503760246
344,734921,0.295,52.614428108459784,0.3025,72.28429519801324,0.3035,105.25444187588339,0.311,169.90105063750843,0.40800000000000003,439.18804537058924
345,734921,0.14100000000000001,74.57690333987087,0.14350000000000002,81.43606766730431,0.14350000000000002,90.02490630088367,0.1475,103.6698023586286,0.4055,168.1821755530508
346,734921,0.14300000000000002,15.879086809950447,0.14300000000000002,21.634966600106367,0.1495,30.436881131489915,0.1495,45.641550138359854,0.2105,105.0708810135527
347,734921,0.249,92.06527316232958,0.2465,84.32224123685465,0.23450000000000001,75.30521107842449,0.2175,64.68405256673469,0.138,45.828102525212664
348,734921,0.192,79.5240620201928,0.193,67.06147341599006,0.209,56.61503666297554,0.213,47.199490479958264,0.23650000000000002,35.30401782706069
349,734921,0.3775,43.3988834699333,0.378,33.270241853806084,0.3785,26.630361634485247,0.384,21.653713960145545,0.385,16.003943140188763
350,734921,0.4915,71.9008414230035,0.486,74.5459630554816,0.4845,69.7435060376981,0.46900000000000003,57.48583859798973,0.427,47.99071030076145
351,734921,0.3615,11.27807205499398,0.394,10.981107587020807,0.396,11.124250580911157,0.4165,11.813301166042123,0.434,15.958696280866842
352,734921,0.2705,124.31523227933148,0.2705,114.37360040316602,0.2715,104.5870665250666,0.2715,93.8067069016328,0.2735,73.28069387982657
353,734921,0.20700000000000002,23.028721340850776,0.20700000000000002,17.581041205929587,0.20700000000000002,13.849429945527726,0.20700000000000002,11.134242018013293,0.20800000000000002,8.869203703910964
354,734921,0.17550000000000002,275.2320573070565,0.176,304.7258463785705,0.178,328.8049994763974,0.1875,345.787130241961,0.1975,342.3665386463877
355,734921,0.1885,169.0378988005512,0.1985,271.2436712430052,0.2735,421.957049122928,0.28400000000000003,654.3083852747253,0.301,1398.328205379121
356,734921,0.244,65.22469733582348,0.243,52.488227559519665,0.243,42.25518242065803,0.243,33.832882993638215,0.247,26.872121003610665
357,734921,0.52,1098.047470635947,0.5195,905.9809480150888,0.48,816.9011388809752,0.47000000000000003,776.2753115797381,0.3625,488.0401848175051
358,734921,0.387,198.9143600896789,0.4465,328.42123079070745,0.448,520.5442855304092,0.47800000000000004,792.9890749584722,0.442,1116.9779110892102
359,734921,0.558,3984.4943908172927,0.534,1679.8571692176786,0.443,779.8455156653362,0.42,433.26742200898855,0.3155,222.91770074585037
360,734921,0.4355,155.63196591330117,0.434,201.64154930887622,0.434,259.7517446823224,0.422,331.14550569022066,0.3035,435.28950061612295
361,734921,0.1495,19.208628957334415,0.1485,18.62949462385684,0.1485,18.38966835202165,0.1485,18.537554737068135,0.5155,56.38595312530877
362,734921,0.163,90.81531019542382,0.1625,76.26639105055459,0.163,62.503521869041144,0.1635,48.65959444594948,0.219,27.928130747038466
363,734921,0.335,182.58470528616445,0.3345,108.37510990058337,0.333,70.18409052224222,0.23,47.6843709882104,0.20350000000000001,28.666648343275234
364,734921,0.301,585.6557733309176,0.302,582.9068867840623,0.317,544.7059429431283,0.3175,480.9996665581879,0.3175,397.52288000872
365,734921,0.23450000000000001,159.6390680726833,0.2415,221.85568188176205,0.243,317.9695653060347,0.2455,483.85633734882214,0.28,984.3803705153127
366,734921,0.1705,74.74412404906532,0.17300000000000001,73.2071257590756,0.17450000000000002,70.634838733527,0.218,66.83813653413452,0.23850000000000002,59.607469157389055
367,734921,0.5985,72577.98469680674,0.597,45520.37427637893,0.5895,20669.790629312538,0.5245,5736.018100496739,0.387,155.58567575690947
368,734921,0.1625,75.92318005510832,0.229,99.23703565765477,0.2615,135.15635628192965,0.3135,200.15538483159304,0.511,650.1452760483538
369,734921,0.2285,27.97386335310388,0.20600000000000002,24.442545047952727,0.199,22.717384035539013,0.1975,22.240082382606612,0.18,24.081349015079553
370,734921,0.294,47.300337278799404,0.2935,52.08049964356583,0.2595,57.40406166747941,0.23700000000000002,64.02271295633767,0.2325,81.14193555881977
371,734921,0.379,85.50706274034907,0.336,88.85657163124885,0.324,96.2272437137196,0.3135,107.82494270095371,0.306,126.7388803126766
372,734921,0.969,1308.1291401269957,0.9745,602.0934444246878,0.964,252.23245118205543,0.895,163.5685619719707,0.402,165.60417701929987
373,734921,0.248,348.27711068242513,0.23650000000000002,216.9696598737468,0.20800000000000002,127.90632551423072,0.1815,66.87199481459753,0.164,17.644473498811045
374,734921,0.1525,36.60459591670563,0.1495,28.807850699297088,0.117,23.222907837315045,0.117,18.676292089016282,0.096,12.941022935848254
375,734921,0.3625,692.0360396865398,0.34750000000000003,684.3178900365047,0.306,631.7833470287776,0.295,528.6861837322757,0.28150000000000003,274.3232082602392
376,734921,0.182,26.451763323693104,0.216,41.94321762171263,0.2215,84.46770446249417,0.229,223.06392514271673,0.2735,1536.3845915557213
377,734921,0.231,17.87788774012586,0.233,19.36690406648066,0.23950000000000002,23.090852235887255,0.2405,32.969789546072576,0.2545,131.34505658487427
378,734921,0.395,58.13653355974183,0.3845,55.57572089928101,0.3775,57.763669446498575,0.362,64.11290897385096,0.1355,85.79828939976454
379,734921,0.081,21.430829698835222,0.0825,24.744825099287613,0.08700000000000001,29.20042336437008,0.098,35.998856977525186,0.106,61.06000560757631
380,734921,0.379,3748.221504027143,0.379,4324.879184315707,0.377,4576.178407865072,0.365,4418.028883160176,0.2475,2927.7253186430644
381,734921,0.28200000000000003,59.14816246160847,0.3,80.38983509347392,0.34500000000000003,114.77095864401035,0.3705,179.67335314151828,0.4575,517.1687409287241
382,734921,0.2595,929.1000631153739,0.28150000000000003,2857.6855863129363,0.3075,8202.930803575588,0.319,22864.647687573623,0.33,81824.27602558259
383,734921,0.1865,79.30998945443764,0.1865,75.77311905261575,0.1845,71.69181215742893,0.1845,66.42514726359205,0.1845,54.58305465533399
384,734921,0.3075,160.69220712994732,0.308,129.65592725518067,0.308,104.14994589967436,0.309,81.36621745652837,0.311,49.98732624320614
385,734921,0.742,957.8009380856984,0.641,515.2856748912021,0.605,279.73703499558354,0.5765,195.38976381509843,0.341,215.564409744034
386,734921,0.124,33.66209359137412,0.125,39.297484457981206,0.1305,47.9857971552894,0.1465,65.37996986258354,0.2505,205.34646363465598
387,734921,0.554,490.6218511168999,0.5630000000000001,721.03148845954,0.5695,954.788422680503,0.5705,1051.3416604863585,0.5695,526.8433150363535
388,734921,0.1375,56.70751850529146,0.11800000000000001,58.25107414671584,0.1125,59.05437760495882,0.109,58.78863811870834,0.099,54.26536872540356
389,734921,0.92,16165.57992371094,0.904,5354.471440703331,0.856,1302.48291924605,0.768,516.7937814412161,0.335,139.39680116355916
390,734921,0.28450000000000003,1370.0455363794,0.28150000000000003,902.587886375036,0.2665,558.5150095847002,0.2565,314.68211630497166,0.23900000000000002,98.61503029530274
391,734921,0.275,54.909854337047754,0.2745,36.22251627033258,0.2665,23.940497813670326,0.2275,15.663702001934086,0.17350000000000002,9.066130701651137
392,734921,0.10250000000000001,50.51277008301098,0.1045,47.007443452644466,0.1145,44.63489695988808,0.115,43.42651645106269,0.1225,46.5028477057024
393,734921,0.461,22420.160288560404,0.4365,23527.490951260166,0.3795,19936.828113509513,0.356,13552.418182565178,0.3135,5516.84845774744
394,734921,0.453,20.486609505004015,0.453,18.890204527175214,0.453,17.709617372982123,0.4425,16.73821508162525,0.435,15.454624364362441
395,734921,0.4195,56.740673398760535,0.4215,51.745154159270626,0.4215,60.75323434527971,0.4185,108.29396303745622,0.396,656.6185411081523
396,734921,0.2215,69.47152177357827,0.2215,66.7628407909624,0.2215,65.09507571096532,0.222,64.22559343720486,0.2245,64.78914608775506
397,734921,0.5,516.514128846939,0.4815,307.89363615082317,0.4565,175.7208992714665,0.442,120.42790639798548,0.352,120.570830591546
398,734921,0.544,83.81507304340238,0.4365,75.6451355854801,0.427,66.56146940500184,0.4245,54.88688531032959,0.3615,36.32207605426503
399,734921,0.3025,34.79682694984151,0.3215,29.243266155958878,0.3525,25.15782749594077,0.359,22.176470316287748,0.5965,24.852591999691462
400,734921,0.526,677.480415379764,0.48,401.33158401447713,0.47850000000000004,304.533116351627,0.466,267.120712992069,0.259,194.15788930268096
401,734921,0.20400000000000001,260.212361725189,0.20400000000000001,154.1416561693987,0.20400000000000001,97.74246923868533,0.20400000000000001,63.074634328843764,0.209,31.414550316855077
402,734921,0.406,4569.058465652183,0.406,4833.46984056334,0.40800000000000003,4735.784834875658,0.406,4372.757623255855,0.373,2734.017249670638
403,734921,0.2125,107.5326028762337,0.2085,116.16056031157028,0.202,123.09817485011725,0.1885,126.41405166493585,0.1835,111.05103202918657
404,734921,0.2405,47.17754894957945,0.23900000000000002,38.695753993798554,0.2195,32.76407507782964,0.184,28.584001912325355,0.17300000000000001,26.034688431233132
405,734921,0.1255,45.70795566621722,0.149,61.240237347960885,0.1645,86.52044583731033,0.1865,134.25698144374826,0.258,342.821470578215
406,734921,0.4395,442.7812227734003,0.44,367.42835468569115,0.444,307.0046776127923,0.4455,256.7913605419024,0.422,178.78355796662694
407,734921,0.168,226.35978294894008,0.178,354.2959115962117,0.185,541.8394977397728,0.202,841.1790342861422,0.20800000000000002,1783.8821866747146
408,734921,0.55,741.6840979248008,0.5690000000000001,1414.0093143665465,0.5875,2478.223094252736,0.6345000000000001,3931.3964524253206,0.5710000000000001,4806.477206250864
409,734921,0.4165,689.8674110328527,0.28,374.6352716293445,0.271,198.47584339143464,0.246,103.15330361907372,0.2145,43.04036086976572
410,734921,0.3315,20.12941563858415,0.268,22.211320749262665,0.262,25.235447134090897,0.23950000000000002,30.18442418781953,0.1695,48.88858541323031
411,734921,0.1445,270.6802472962802,0.154,413.6513551986034,0.1595,617.6949482454039,0.1615,907.8332262225199,0.2085,1400.9201960865555
412,734921,0.23550000000000001,266.22378756824315,0.397,398.34314327847085,0.4215,619.3507551144818,0.499,1028.1335431828456,0.5595,2477.816687740457
413,734921,0.4485,56.526605397620145,0.3975,48.46926447394986,0.2885,46.23647292674653,0.269,48.05768419056188,0.244,57.90185545150823
414,734921,0.28200000000000003,172.452768375931,0.28200000000000003,182.39803433357866,0.28200000000000003,193.4571137282184,0.265,204.28584688549185,0.259,201.33949373660764
415,734921,0.3975,1338.4757618250615,0.40950000000000003,2745.598212620304,0.41300000000000003,5107.544345071451,0.41300000000000003,8357.530891451897,0.3865,8096.3698885300755
416,734921,0.277,313.2068940420929,0.2915,255.8311783812734,0.38,205.12033235114774,0.3915,156.91030430209466,0.4005,87.2376928959484
417,734921,0.47350000000000003,32.381091511395255,0.5335,68.38745211961097,0.5385,168.31239803358017,0.6155,394.05880271030577,0.67,846.8362189633111
418,734921,0.1505,52.02737428296463,0.14250000000000002,54.01785695046005,0.1375,56.183827680368054,0.11800000000000001,59.14835093697521,0.1205,69.87306182697687
419,734921,0.193,20.89315968258457,0.2215,23.038347478487548,0.226,28.463776035848788,0.2465,44.66278031360158,0.41200000000000003,266.36499244387977
420,734921,0.1605,229.7929856008229,0.1605,269.8002545924803,0.1605,305.9169641005764,0.1605,333.8302295968312,0.163,328.0155032165859
421,734921,0.248,71.32901900098712,0.248,74.09744311844287,0.248,83.72775224245915,0.2485,99.18588605052001,0.2485,132.65114610309377
422,734921,0.20500000000000002,56.26813147636955,0.2015,48.61618056215586,0.1795,42.798685572692214,0.179,37.8584901298673,0.179,31.885206815354938
423,734921,0.2925,262.1733046675354,0.289,128.43089326098436,0.289,76.79805684960785,0.28500000000000003,56.070393467410064,0.181,42.22003798643014
424,734921,0.225,16.336147230883483,0.2255,20.494526854106773,0.2265,28.982820854712138,0.23650000000000002,49.73679997346396,0.3015,224.291992640589
425,734921,0.187,50.73505748816575,0.186,34.645938363385625,0.183,24.969123462638724,0.1815,18.767879624792577,0.1795,13.598218179589866
426,734921,0.2575,582.8458431742717,0.271,400.74071514751785,0.2785,301.04015060335803,0.297,305.18276360150946,0.396,827.5711444001254
427,734921,0.2665,34.7804277616317,0.2615,30.390136234560604,0.261,28.842461767246814,0.2595,28.698736006714707,0.2595,29.80913629111817
428,734921,0.2585,79.49777808849268,0.25,81.30230904380961,0.2295,82.9591720112243,0.2145,84.14401854859877,0.2125,81.55079676152296
429,734921,0.179,51.71860820337319,0.183,43.93594189604243,0.199,38.22276652084741,0.2015,33.879961378113336,0.2705,31.92148061264322
430,734921,0.254,59.74309146241361,0.2475,43.760941137197285,0.2445,33.498267945074154,0.226,25.752110872296846,0.083,16.787404868705035
431,734921,0.274,93.68573069385475,0.274,108.86085111760865,0.274,124.8168948978485,0.274,142.12304623106743,0.2715,169.32497265781217
432,734921,0.3235,92.56717159135842,0.321,87.39895419928163,0.2755,81.36700727397492,0.262,74.89789032495842,0.217,65.8051897388036
433,734921,0.147,278.39587232366694,0.1445,218.4427623238846,0.1445,165.55801746726092,0.14400000000000002,117.95719140215157,0.14400000000000002,58.713665149985836
434,734921,0.138,39.025401765530695,0.1375,35.280465516486814,0.135,33.05178444710325,0.132,31.86962238490999,0.132,32.65260439535265
435,734921,0.34600000000000003,3128.7956424950326,0.4385,2803.9499287388676,0.4475,2207.357101422704,0.4525,1420.5195400411799,0.4595,342.43060251047257
436,734921,0.28600000000000003,2627.0622010162606,0.29,6842.966913757828,0.3035,17470.87899703635,0.327,44467.3080420781,0.34400000000000003,133379.44961138684
437,734921,0.3685,44.771787876466064,0.4445,82.75217146782379,0.6025,277.34199312739474,0.673,1411.3661103869167,0.725,22136.986963351577
438,734921,0.3065,4179.828471519457,0.3125,3368.793276018346,0.318,2375.3353168626445,0.318,1323.3086726595482,0.307,177.06095798514778
439,734921,0.1225,43.39029008212965,0.1225,39.23155278939407,0.1225,35.095862936310574,0.1225,30.498331548051897,0.124,22.050012544184362
440,734921,0.3545,89.00862254813288,0.319,84.72821044255842,0.20700000000000002,80.33511279858327,0.2015,75.5533916722157,0.192,66.72041665768705
441,734921,0.1795,13.795910354064723,0.1975,15.89481972034712,0.198,19.762345287578558,0.198,28.75150645957826,0.20350000000000001,111.28594820554224
442,734921,0.18,57.29523990772849,0.261,70.65735266584241,0.28250000000000003,107.82960843845767,0.2915,259.6453543352275,0.616,3318.080429600209
443,734921,0.1655,27.38086511367786,0.1715,36.6055941492245,0.23800000000000002,50.76563089512365,0.23800000000000002,75.32633476995517,0.3305,162.35224501122795
444,734921,0.5135,21.37254925894361,0.5135,22.195754099919235,0.5135,23.78467009061857,0.181,26.67953521686962,0.108,37.576196044075886
445,734921,0.342,84.79120921506771,0.3415,85.55145543053439,0.338,89.16453362507161,0.321,94.61757193473089,0.28600000000000003,104.27537710159116
446,734921,0.27,372.3510316635822,0.2755,333.37053422881763,0.293,302.60517714493585,0.2935,272.6978180924639,0.3245,212.85185843830268
447,734921,0.149,138.47225806655393,0.1805,152.22549103878927,0.1965,163.2124044843864,0.2135,171.25676632636777,0.306,201.66431398111524
448,734921,0.145,18.44304834821699,0.1445,18.211689184115404,0.1445,18.386668072687364,0.134,19.011110931896283,0.1315,21.870256329587356
449,734921,0.1395,110.4043056759706,0.14200000000000002,97.95764806848804,0.1455,87.0228668830211,0.28650000000000003,78.35265146792783,0.359,98.52538603953393
450,734921,0.1055,16.528250937425256,0.1055,15.869285003192404,0.095,15.883423138678396,0.0945,16.655853986655853,0.095,21.52628658787429
451,734921,0.1845,28.399497029276343,0.1845,21.511292349051757,0.1845,17.52279688065848,0.1845,15.148216411989234,0.1815,14.281133334593001
452,734921,0.163,45.73736244294921,0.1635,47.34327443759157,0.166,50.167174054648626,0.17450000000000002,55.054419885645636,0.17550000000000002,69.88371544298694
453,734921,0.1665,125.75363239637166,0.1535,77.0397554052115,0.15,48.37860131616116,0.123,29.90766875447263,0.114,13.580915112204906
454,734921,0.4275,411.1668374378174,0.4275,454.8339979956925,0.4275,426.79148169039985,0.4275,336.38672764273707,0.3855,199.5393054509471
455,734921,0.291,606.1717410838312,0.28550000000000003,255.60746794403238,0.2565,115.9802940078153,0.229,56.779444815559785,0.1955,23.978348594326953
456,734921,0.343,32.204343407922146,0.34600000000000003,28.79541290696441,0.366,27.39355073036457,0.436,31.76219444735589,0.5045000000000001,318.7556612335099
457,734921,0.47850000000000004,277.42587372932104,0.4865,623.9724823696995,0.4905,1399.6677281894115,0.5805,3243.8545984959646,0.5805,11454.285516954082
458,734921,0.276,57.54039426361866,0.2795,71.03253684033999,0.31,105.32237904573807,0.459,224.90440520489017,0.666,1860.3571628026384
459,734921,0.4345,1111.9653851377539,0.4275,717.194400275919,0.41000000000000003,433.1526019752801,0.221,233.86942849828836,0.183,80.11157923016852
460,734921,0.5145,98.87158698792364,0.513,111.13413307938916,0.507,126.10244091470942,0.4935,145.06896357394814,0.432,182.21147461038979
461,734921,0.3215,78.4699116404804,0.297,78.27320560851679,0.2945,84.0354361991596,0.249,94.29767205747217,0.1565,113.19076309222655
462,734921,0.385,1233.5534712654596,0.28500000000000003,875.6204063899385,0.259,563.4453719475025,0.2315,312.07461201249765,0.201,88.04826513285289
463,734921,0.298,530.0808814871823,0.3105,961.202714663286,0.3125,1691.212307488461,0.3615,3047.0472698255653,0.3705,10845.234163892714
464,734921,0.1585,85.72886779417587,0.1585,73.24921647710704,0.165,62.21915099505187,0.1655,51.589227445180136,0.23450000000000001,36.3750575758587
465,734921,0.28500000000000003,293.0888391347903,0.276,265.1571251621652,0.2225,228.87152976786862,0.1595,182.12590607749075,0.114,94.70771958795095
466,734921,0.077,10.333211555146926,0.0785,10.680782932616111,0.0795,11.440612410608932,0.115,13.038241294066445,0.23500000000000001,21.59347611215903
467,734921,0.2425,124.08444925019143,0.2415,91.84860761022003,0.2415,67.3809663670977,0.2415,47.98933433515275,0.2415,26.967949742818163
468,734921,0.2565,120.62136966105393,0.23600000000000002,90.17247988796021,0.2185,68.62293564350412,0.212,51.057297127023716,0.20450000000000002,28.94118628996426
469,734921,0.2285,7538.0753609669155,0.2295,8804.174718789138,0.2305,9270.763970031065,0.2325,8615.841242057259,0.2335,4646.3061093898805
470,734921,0.318,568.8853711100428,0.318,289.9141198714272,0.3195,146.4729274072717,0.32,74.78119885880005,0.3195,30.301062797133568
471,734921,0.156,47.22548438737557,0.1665,66.27093916708222,0.167,97.64856945883079,0.171,157.13312234071506,0.183,451.4938463371782
472,734921,0.988,5721.389318757876,1.0005,4601.561364062904,1.0035,2680.3506284342857,1.0090000000000001,825.966209749683,0.5745,24.371578754036943
473,734921,0.147,55.410353000148106,0.1465,58.04081842275282,0.14250000000000002,61.09338211702786,0.1095,64.67284978176508,0.10400000000000001,70.7854747688851
474,734921,0.584,806.100392952133,0.588,1020.6878254054633,0.6005,1329.1524226869099,0.626,1865.3479041294056,0.629,2950.5911739587955
475,734921,0.197,85.89836247388706,0.198,81.84902639379065,0.2245,81.96097272692965,0.248,82.71673244759128,0.262,91.39604063893175
476,734921,0.4565,425.0138832825676,0.45,91.4429862317786,0.429,33.228131447574505,0.1705,19.254699092767193,0.137,12.584708574557007
477,734921,0.221,17.85678055421748,0.213,17.21957499493441,0.18,16.869918648818366,0.1795,16.797434917445802,0.1695,18.13734161215993
478,734921,0.2485,17.633954250953813,0.2885,18.608445578159284,0.3025,20.37557956850327,0.337,24.160627859500313,0.3595,76.97127817817338
479,734921,0.5145,791.9300660938966,0.499,438.93622200530973,0.47150000000000003,199.917650459181,0.389,82.73006624718529,0.2965,68.03433880310884
480,734921,0.251,111.48817292973413,0.251,131.93157382042858,0.2515,160.51684066542094,0.2515,206.5436457898781,0.2515,362.12922294749404
481,734921,0.6495,57001.624712812474,0.842,118879.39196414521,0.8645,149262.8785469618,0.893,94553.05860930872,0.846,10736.998574204385
482,734921,0.305,436.97691538405854,0.313,373.91960235277725,0.396,306.29954798970306,0.402,233.8611748694716,0.402,127.44843245637715
483,734921,0.11950000000000001,553.9241146343779,0.11900000000000001,592.8241755109499,0.11900000000000001,604.0345971206327,0.11950000000000001,573.0394325859061,0.1395,384.88104189944306
484,734921,0.23950000000000002,917.7325215841132,0.23700000000000002,922.625770795516,0.223,907.132349159753,0.155,851.945348877063,0.1355,595.68912182572
485,734921,0.3825,841.3829777631477,0.3795,693.7883260073477,0.3415,409.746167234326,0.327,155.66605045879956,0.3135,23.328484373582757
486,734921,0.309,344.8472894304111,0.3695,488.632067928519,0.3785,702.3392445635659,0.428,1066.2601993036938,1.129,2596.5005181811175
487,734921,0.1905,807.0830315616332,0.247,1143.758923110058,0.2525,1550.591657537201,0.2675,2044.4118503721893,0.34500000000000003,2743.9610099031142
488,734921,0.296,38.29334081255292,0.2405,26.309225291554483,0.233,21.563464820533447,0.2085,20.340234014977785,0.14300000000000002,23.58276998930775
489,734921,0.8615,15907.381994168338,0.8615,4893.130046074074,0.783,1229.3165323177855,0.595,394.60642344180445,0.379,280.6778769866784
490,734921,0.252,55.913412343577775,0.2245,47.859748555115985,0.197,40.55361694855575,0.1635,33.37637670806987,0.14,22.546491956164427
491,734921,0.226,42.566200220062186,0.2245,38.58664324716345,0.2235,35.99369740693253,0.1905,33.96526880646864,0.1905,30.898826113014188
492,734921,0.165,1098.1032558326176,0.164,789.2293566021789,0.164,515.028017340202,0.164,284.8973155864402,0.2615,64.0755412444953
493,734921,0.214,31.522338957589767,0.2125,29.32018911746089,0.2125,27.749337830924887,0.214,26.8375646581108,0.2215,28.659735897760036
494,734921,0.743,355.0184711917148,0.742,243.2176325766351,0.7365,136.09791411240445,0.687,85.52047317188851,0.5985,51.72674476915591
495,734921,0.434,4479.445062210629,0.462,8347.862502320511,0.4635,12560.686502685643,0.4625,14148.204141073318,0.4285,4497.731685588035
496,734921,0.319,323.38303441675504,0.307,342.83280352219214,0.305,368.27104650804364,0.294,396.0097507830971,0.255,407.1068231272035
497,734921,0.313,60.81416334945582,0.308,44.11568396346687,0.159,33.90628454328871,0.1475,26.42402475175672,0.1325,17.5784603630017
498,734921,0.247,66.94304352106776,0.2305,50.47199124999873,0.219,39.93351751370957,0.203,32.34073684699936,0.1565,24.900622102197968
499,734921,0.1865,47.22305936745788,0.196,44.596834966927595,0.2215,42.79910340995645,0.23450000000000001,43.95237196710627,0.272,101.60726876795029
500,734921,1.141,613340.2408728625,1.17,404190.5552978669,1.0275,147937.89256114082,1.0010000000000001,26413.380829491987,0.6095,666.9445352439934
501,734921,0.333,1956.797377347826,0.343,1497.6779008103358,0.34500000000000003,1056.9311709151093,0.34600000000000003,661.2767767446232,0.3875,222.77655189504225
502,734921,0.4605,277.8942165893324,0.47300000000000003,361.30167483144686,0.497,456.82901001375706,0.5055000000000001,564.7495237358212,0.517,745.798846039714
503,734921,0.184,51.15658708513211,0.255,45.79868993860808,0.263,43.28445005027828,0.326,43.900825053470555,0.3525,61.06236324240896
504,734921,0.243,50.56429404213358,0.2435,58.83171204124043,0.2435,74.6189609945398,0.246,112.30911286349823,0.255,383.00279240803184
505,734921,0.3585,72.39829118532526,0.361,73.17111314766413,0.3985,84.14645495919444,0.454,111.22443553017236,0.4875,180.81502291605577
506,734921,0.289,58.20877818485085,0.272,46.672644565965264,0.215,38.89817075459528,0.2105,33.204031588156745,0.131,27.807532932575494
507,734921,0.367,13.311408387067695,0.3635,14.250969994762208,0.28150000000000003,15.777032421060651,0.2495,18.520981087847233,0.223,31.029156818977437
508,734921,0.152,17.69033916594056,0.1465,15.6542340094517,0.1205,14.285073474930687,0.11900000000000001,13.292786090015062,0.11850000000000001,12.553798307186787
509,734921,0.1385,27.90959763728791,0.138,22.95944525570169,0.135,19.468551471644265,0.1235,16.680102412014875,0.1215,13.27562467248886
510,734921,0.1365,21.9183769811175,0.164,27.618435250517265,0.227,35.812136771734245,0.2275,50.78959472209726,0.2575,164.24184556695522
511,734921,0.3945,76.82685157664086,0.3945,119.92370149086993,0.3935,199.92039724038364,0.3845,404.0254943701496,0.301,2153.995611064392
512,734921,0.515,4562.53776476628,0.523,1838.2475972174716,0.54,470.0989675155559,0.549,66.25077588961688,0.529,13.822193774089712
513,734921,0.1365,57.59904462856529,0.1385,60.29417912826044,0.1385,66.13025145682413,0.1395,80.64466556126723,0.2175,182.41716271876697
514,734921,0.202,84.0092964781056,0.20700000000000002,77.36357970890374,0.20700000000000002,70.20271996238786,0.20700000000000002,62.49071384505097,0.218,52.17630864380502
515,734921,0.20650000000000002,23.90804811486992,0.193,20.49047826867514,0.1895,18.386935103573926,0.1455,17.129062989079706,0.14300000000000002,17.402071259829665
516,734921,0.23500000000000001,130.50488721625607,0.23500000000000001,145.8654344411703,0.23800000000000002,163.19398763029218,0.23800000000000002,178.99303923750395,0.24,175.04372653167198
517,734921,0.109,44.39480118734644,0.109,41.237679939253724,0.109,38.40146757341361,0.1125,35.58925977034836,0.1295,31.537725911942562
518,734921,0.219,489.50747380518254,0.23550000000000001,978.2149663812517,0.539,2230.1531175371238,0.5965,6395.918576919978,0.6925,46664.56685138006
519,734921,0.601,1173.5679342442977,0.512,562.561187946081,0.4325,268.4174931512159,0.273,123.2196118623175,0.17400000000000002,49.29555692756847
520,734921,0.2095,13.260775135992294,0.1975,13.610286725622785,0.1945,14.71065284774856,0.193,17.11851071032143,0.1635,30.596189152959123
521,734921,0.375,13.4285513533302,0.3735,13.489155918704931,0.305,14.006146061149098,0.3015,15.242987065445249,0.29,21.292674015019188
522,734921,0.1915,22.363829484187608,0.202,28.3522779664868,0.203,36.21982047868581,0.20450000000000002,47.49933433757579,0.214,76.57838994436236
523,734921,0.1225,8.259814020688859,0.128,9.9465789730937,0.131,13.079871974033637,0.14,20.041806413571706,0.145,68.12583200951383
524,734921,0.181,529.0579397828685,0.23800000000000002,920.658703957966,0.2405,1521.7993935587242,0.2445,2430.333262137306,0.4655,3960.3430381124294
525,734921,0.244,32234.493861375257,0.1965,32931.45055286181,0.1965,28437.852758485828,0.1965,19474.40250877024,0.1965,4279.148454535223
526,734921,0.427,170.81167748197527,0.428,158.06419552882292,0.445,159.87030421864603,0.4475,192.19189589193095,0.445,461.4335473080935
527,734921,0.184,43.5281689037357,0.20800000000000002,65.11693525592509,0.2325,112.00838920434393,0.3825,234.07334733405114,0.878,1153.0947669847105
528,734921,0.135,47.95069942992436,0.129,40.53911342174945,0.128,37.0130463264429,0.126,35.36496348941272,0.126,35.14826572269453
529,734921,0.13,62.13195381896484,0.11900000000000001,58.68109166044746,0.1135,55.05055185986866,0.112,50.35409706990612,0.11,39.256587000869104
530,734921,0.14150000000000001,21.836400371443386,0.14150000000000001,26.95481760722467,0.14300000000000002,34.58329713646138,0.14300000000000002,47.79270871993825,0.201,101.63895974626435
531,734921,0.3185,484.9580204588233,0.317,421.6194016415416,0.315,344.49981840502835,0.314,253.75910485794086,0.2925,105.93369143422906
532,734921,0.20350000000000001,89.65062470881993,0.2015,75.1641738682946,0.1995,63.1905647199768,0.1865,51.99739493535542,0.185,34.6374255042225
533,734921,0.3715,1032.0455402951527,0.3715,1300.6359182065394,0.368,1561.1458111723118,0.3625,1730.0839022162604,0.314,1324.0633344838532
534,734921,0.265,79.93341636974601,0.2985,113.77604479284246,0.2985,170.71792546160736,0.2985,271.06339562462085,0.264,543.0948819414463
535,734921,0.6975,10705.963800551144,0.669,6492.889738314259,0.644,3261.0489302205574,0.5630000000000001,1228.5328154462238,0.28150000000000003,187.47962508127378
536,734921,0.198,604.1181489659014,0.1785,482.5414230747666,0.177,366.18032285505626,0.14350000000000002,245.77212459481055,0.1405,77.56556292820905
537,734921,0.4455,39963.471451537676,0.4375,23059.942969617827,0.417,12851.025247051264,0.405,9367.134538319451,0.3605,7282.271341785363
538,734921,0.2155,274.42812008869794,0.211,301.56638732782534,0.20750000000000002,309.5493912482462,0.20500000000000002,289.6472255965929,0.148,180.22638215569881
539,734921,0.1255,81.27935990571702,0.1205,54.02167807986741,0.1125,34.591066683100046,0.11,20.829641086929634,0.10300000000000001,9.512593737678822
540,734921,0.305,384.220672093282,0.3055,259.3450633710332,0.3205,173.85621624653893,0.327,110.63735497052498,0.3745,44.46032779863577
541,734921,0.425,234.56658758467472,0.4335,167.80033706893354,0.4345,117.99527836124439,0.434,71.13016163076179,0.40900000000000003,16.20842422083923
542,734921,0.3385,991.965621735369,0.3625,750.6434261549689,0.3695,643.3231365101642,0.37,599.4627837742372,0.3625,441.31135251900974
543,734921,0.3225,36.809247427256835,0.3275,51.36018054015685,0.332,74.3985505419816,0.338,115.0986524189734,0.41050000000000003,281.5139122698682
544,734921,0.41600000000000004,1133.6478622136594,0.41050000000000003,646.8019105066613,0.2805,364.7269158564794,0.2755,201.15072467417676,0.248,72.70264949633166
545,734921,0.23450000000000001,1177.1413191289148,0.234,842.1926649053505,0.234,572.0358551136742,0.234,349.25360338436724,0.23450000000000001,114.33211843286782
546,734921,0.4885,727.7642461329801,0.46,333.00903298562173,0.448,177.13971553573117,0.4355,112.83275737710382,0.3525,68.52719101025083
547,734921,0.3375,103.010565831214,0.3355,107.71202042380746,0.2725,120.08616251582527,0.264,138.55860309193568,0.2255,170.57868439930604
548,734921,0.3,14007.678013220968,0.3,12020.253891797129,0.2985,8948.852662012509,0.296,5106.834220010386,0.28450000000000003,681.24001907574
549,734921,0.2695,277.20946561976604,0.281,414.6165149695284,0.303,646.4202781762878,0.3595,1249.109971280786,0.3915,6985.893389140201
550,734921,0.2115,331.33307881061063,0.2085,341.90726841013867,0.20700000000000002,341.0426511864092,0.20400000000000001,326.11506704533156,0.1925,261.58611434287974
551,734921,0.219,30.758483506537758,0.2315,31.58662194100045,0.2435,32.89708236538694,0.3175,35.895932230283215,0.3755,60.531650909541014
552,734921,0.4,680.4926239143477,0.402,511.65318221632134,0.402,358.45393034975604,0.402,228.22763247943578,0.398,97.20633435543168
553,734921,0.23650000000000002,1020.6633562191042,0.2425,1295.0904138921478,0.246,1519.4011388799736,0.2485,1642.8147639342865,0.2655,1531.5275308375824
554,734921,0.319,54.27852389873933,0.3135,53.3230594263054,0.307,52.60951516547707,0.222,51.77602273782957,0.216,49.04332629389237
555,734921,0.3375,63.41121679143608,0.336,49.73483098450622,0.3295,42.88071667456688,0.3205,37.56672293377276,0.1385,29.812257800747854
556,734921,0.3925,1269.457486744832,0.395,2244.9242507656872,0.40650000000000003,3658.2886044712022,0.40800000000000003,5343.981587620701,0.41200000000000003,5335.822560888366
557,734921,0.483,157.4203316067263,0.4275,188.74363310240773,0.426,220.36899532118906,0.40750000000000003,252.7950348383534,0.388,294.3288503049404
558,734921,0.244,565.1204475520134,0.2435,535.1217356033715,0.2425,485.8804633112902,0.23550000000000001,419.14579142701916,0.23450000000000001,280.70155575912935
559,734921,0.3175,1797.6797540812672,0.28600000000000003,319.8273686595549,0.2625,137.7618911931859,0.1855,90.12907618210531,0.129,55.30350048888161
560,734921,0.198,95.2155966959785,0.2085,90.07923201393459,0.21,84.51700487631288,0.2145,77.58966735035105,0.228,61.79832980915563
561,734921,0.2745,2088.0003972015725,0.2745,1914.412913473401,0.2755,1537.7022935610873,0.2765,992.0838592929305,0.2775,220.0493616211893
562,734921,0.1315,25.972570070214733,0.1315,27.65155552944109,0.1315,30.503406491831637,0.1315,35.45795278157911,0.1385,53.6234707796198
563,734921,0.0825,15.053172457146836,0.0755,13.419094684986113,0.07,12.295007643582952,0.0685,11.544096822487226,0.0655,11.635450969276521
564,734921,0.402,508.3493416829205,0.4315,345.1959036967493,0.4355,214.93678850240883,0.4605,119.0791904220182,0.5065000000000001,55.78327846975864
565,734921,0.23800000000000002,58.64191255652191,0.241,88.45626745052621,0.262,172.7522203660764,0.2785,445.49699618720297,0.385,2933.7872348377136
566,734921,0.116,9.049615067309311,0.1135,8.986678084663446,0.1125,9.119032992214379,0.11,9.52216179383881,0.109,11.568118666643073
567,734921,0.34900000000000003,17940.66678168768,0.381,33041.40999804632,0.3995,50040.08466982318,0.458,59996.34005814575,0.723,31431.931012713234
568,734921,0.562,412.5216958677687,0.5760000000000001,430.7794711189066,0.5925,395.09607771598615,0.594,302.74078903625855,0.5760000000000001,158.4385260176904
569,734921,0.2195,29.92124094279071,0.219,30.529312056365463,0.219,33.95404863263079,0.219,45.53600236645694,0.2195,155.4683366895233
570,734921,0.378,12.261436744285033,0.374,10.209053250949502,0.3115,9.054555894733651,0.2695,8.567071326962445,0.256,10.069542567666907
571,734921,0.2235,112.90221483727277,0.23650000000000002,196.0844822725288,0.242,361.46473362236543,0.2505,765.906320676816,0.317,3777.0144590440004
572,734921,0.3265,613.0637926840095,0.3175,256.0877408680838,0.303,130.01978069610175,0.279,68.91888466379625,0.20500000000000002,26.435219572970574
573,734921,0.42,130.82742622691677,0.425,282.8855328680718,0.4315,804.6687796136055,0.4655,3234.359535804014,0.5285,49039.14306177741
574,734921,0.244,40.458566590579984,0.20600000000000002,41.427844341447845,0.20550000000000002,43.7226895789202,0.20550000000000002,48.309758395711,0.20500000000000002,68.19628918305334
575,734921,0.1995,24.369830879037508,0.2595,28.428216331383837,0.3085,34.695446863793904,0.34850000000000003,49.7213849097331,0.423,1150.8840494343747
576,734921,0.1105,14.088338475632789,0.113,13.100517534406858,0.1135,12.353967571031035,0.114,11.813897236629535,0.1515,12.123973244252825
577,734921,0.1915,76.62118532944724,0.201,61.54860760864381,0.2285,50.04403118135388,0.23850000000000002,44.40240263412527,0.289,108.66286189821173
578,734921,0.228,54.72106376416738,0.2235,47.959192899663115,0.2145,42.535615842577926,0.189,37.697516194296725,0.167,30.644838640790677
579,734921,0.2575,19.697009450224325,0.2665,20.88367635415227,0.269,22.772896110068263,0.7165,31.37755497071187,0.747,659.6642370729843
580,734921,0.294,65.00768054698182,0.3425,84.86257086524951,0.372,113.4975748548875,0.3965,163.17819022753014,0.4555,447.266076638527
581,734921,0.4265,262.5185049310904,0.42,186.15727412083783,0.40750000000000003,136.66163558699384,0.3635,103.77309958134441,0.295,75.80232050680056
582,734921,0.2005,40.06819709400372,0.20500000000000002,51.54965781898588,0.2135,67.64015702409286,0.2185,94.51090154372943,0.219,255.2865879497132
583,734921,0.233,4917.589756407722,0.252,4425.988872247488,0.264,3593.5247562243776,0.2675,2569.9550636918643,0.3925,1485.1861631801505
584,734921,0.193,33.04728647166798,0.1955,33.80240180338239,0.20800000000000002,35.78206736199397,0.2225,40.71272430464696,0.258,82.45051662302758
585,734921,0.4535,69485.36035696238,0.424,26243.07294228147,0.41450000000000004,7574.429181586811,0.281,1567.2563795169715,0.227,158.40338312165647
586,734921,0.199,57.260668346481005,0.1995,41.771001152997904,0.202,32.30781442627438,0.202,26.023804785585046,0.2025,21.308396007015634
587,734921,0.13,96.13424895254497,0.1555,93.53352802042161,0.2155,89.74793481038715,0.23750000000000002,84.93870802683537,0.3145,88.92890801476759
588,734921,0.41450000000000004,18377.905193824794,0.3975,4234.647250617775,0.3695,906.5924333121496,0.34400000000000003,169.472709972904,0.2795,19.902846275800574
589,734921,0.17300000000000001,379.70309275076266,0.1535,236.86508867217879,0.14150000000000001,154.06559019938547,0.1225,100.19175680215665,0.11750000000000001,47.29240400493768
590,734921,0.279,72.61434021459243,0.2715,61.18436548270864,0.2715,51.813918637677446,0.225,43.36087421675642,0.20550000000000002,32.55861742984881
591,734921,0.084,34.346087032210136,0.0885,42.08031980826043,0.0955,52.53039523237549,0.0965,68.90743569294725,0.1455,127.24109401500063
592,734921,0.113,13.474676198198164,0.114,16.50869692479069,0.115,21.436183568780805,0.117,30.782060709303618,0.133,78.60551397434536
593,734921,0.512,456177.4392292212,0.527,701133.6975914963,0.5325,765619.9892444815,0.5335,516852.0434747699,0.526,40968.62235255449
594,734921,0.432,124.97414739085697,0.3955,107.31015067114859,0.389,92.45117647282669,0.3565,77.2936852404267,0.289,49.51619719656258
595,734921,0.126,115.50060714978835,0.164,120.19844568512936,0.2005,124.12417191788272,0.217,129.9440486899394,0.454,275.7408162545744
596,734921,0.255,25.533937079582557,0.224,24.679539290872448,0.2235,24.823694403061236,0.2195,26.050064889625457,0.215,32.382270996951746
597,734921,0.23750000000000002,714.0806088414688,0.243,555.2542219444089,0.243,412.40337574405635,0.254,296.4010713459368,0.2565,352.367056273896
598,734921,0.3435,530.096373895108,0.3435,664.8244000103183,0.3435,802.064033148261,0.3435,920.2117375154604,0.3175,853.6576586189368
599,734921,0.101,36.46872378179811,0.101,30.004800792709567,0.101,25.796007899569727,0.1015,23.098324890479205,0.1145,22.29638899587113
600,734921,0.3665,28.26876335202389,0.3685,32.50170419627859,0.371,39.5248395734469,0.377,54.42005027025765,0.47750000000000004,172.1813904431816
601,734921,0.2225,57.66970053873032,0.2235,49.947659622973795,0.224,43.47711353993984,0.245,37.580734472529315,0.252,29.68464761620816
602,734921,0.1955,57.0994883435627,0.1955,49.64655403772438,0.1945,43.822789579288425,0.188,38.581484067437394,0.188,30.66105618412936
603,734921,0.0655,37.646311351900565,0.065,37.915528815138586,0.065,38.277877746237145,0.065,38.81050274500202,0.0925,40.270527268091485
604,734921,0.432,126.01232332870455,0.484,204.72334361495416,0.4855,470.1297239739499,0.4815,1346.7740847436457,0.4475,3597.6794098608084
605,734921,0.486,1171.3195879365574,0.4895,921.6389681016582,0.491,681.640802029421,0.5215,459.0538606823238,0.521,183.87073689130847
606,734921,0.2585,27.648944557907317,0.259,23.818382643577277,0.2625,20.928357415589424,0.269,18.523243933568413,0.299,15.828324619654751
607,734921,0.28450000000000003,695.0912951495,0.28550000000000003,779.6331467083033,0.3045,910.1329533915471,0.3055,1076.9057826150001,0.321,1132.6621974922793
608,734921,0.1325,35.33164153048735,0.1385,38.48764617015425,0.14,41.954313007582215,0.14200000000000002,46.295977310115745,0.151,57.96074124582978
609,734921,0.388,110.02446163077401,0.3855,95.11638888607872,0.38,81.95170211222285,0.3655,69.24662484557707,0.2145,49.743652762140776
610,734921,0.315,179.3743986073449,0.3295,195.66712278187777,0.4005,255.78065998484288,0.4285,650.6889558060681,0.515,14112.232453342467
611,734921,0.149,191.97427634450688,0.1505,250.89979161420652,0.2175,317.3966830511819,0.224,391.3896715721643,0.227,471.1234440670953
612,734921,0.336,585.4584130838571,0.336,678.9983172188796,0.3355,762.3557906032861,0.2435,832.2208401542883,0.23850000000000002,855.6604706274882
613,734921,0.1205,10.789696391575376,0.113,10.056054700885188,0.113,9.663447153974264,0.07050000000000001,9.568291861902042,0.1015,10.38810064710658
614,734921,0.4195,1497.1226679098786,0.42,803.9899639852447,0.4295,355.07126465852895,0.4285,119.71311220837127,0.41250000000000003,17.9221499651618
615,734921,0.121,10.553707974771504,0.14100000000000001,11.420613348741766,0.15,12.760298505175836,0.158,15.28472643306537,0.196,31.975136268491273
616,734921,0.31,250.20968116548502,0.31,233.3468577871744,0.3135,214.99569444843738,0.3135,191.5773663687844,0.298,133.37246741290616
617,734921,0.5235,247.50397977284373,0.41050000000000003,132.48029669233213,0.3575,75.07083818602237,0.3045,42.115099979996884,0.2785,16.553111739082883
618,734921,0.3355,53.9402163711173,0.336,61.24158830024047,0.336,70.10716378089332,0.3365,81.20077011956501,0.34500000000000003,101.54560660617786
619,734921,0.2635,34.42051993526351,0.2645,35.291960764869444,0.266,37.060875888085185,0.266,41.03198579313126,0.266,62.96728745129445
620,734921,0.28250000000000003,29.050940065036247,0.252,26.520883761235318,0.2235,27.048763596574535,0.195,29.755066219685958,0.1775,40.734848198501446
621,734921,0.2805,26.421157523664284,0.2805,24.291743359512488,0.179,23.227028403905422,0.1775,23.068415362149054,0.179,25.53314352395538
622,734921,0.2595,29.024246272836205,0.258,25.479651591582137,0.23650000000000002,23.96932438307354,0.1925,23.988723855827857,0.191,28.463469727900865
623,734921,1.0005,13914.607745851205,1.006,16735.471562967894,1.0045,13656.492245227037,0.978,8084.523496491999,0.608,3304.295856279594
624,734921,0.134,60.42281679075223,0.14200000000000002,90.33218639229878,0.25,144.58305052323738,0.4395,260.079101087848,0.877,2486.141679471993
625,734921,0.234,253.71478586202915,0.23600000000000002,283.01941613008137,0.23600000000000002,324.18292833543916,0.23600000000000002,390.05471604730155,0.2675,553.7283830915134
626,734921,0.131,9.278245467074807,0.131,9.278947384919887,0.131,9.676824745312915,0.1315,10.69390384803449,0.14150000000000001,15.821217983873778
627,734921,0.309,102.12289942624912,0.357,213.03765305695705,0.3585,499.0117354454108,0.3835,1367.2864133320631,0.4265,7406.2906662934365
628,734921,0.3745,847.2050374652307,0.376,656.3489104130335,0.381,472.23042922955324,0.381,308.63777206566857,0.2405,122.77917508688027
629,734921,0.1815,40.17784065722086,0.1815,54.78766081202445,0.1815,75.02690810471543,0.1815,105.57019141758063,0.1815,194.99620662266508
630,734921,0.28600000000000003,62.1397841272816,0.279,57.90744239248635,0.2585,56.885538572237095,0.257,58.16036530822686,0.2335,69.16543306078796
631,734921,0.1635,570.490845468137,0.1795,426.20217663121593,0.189,302.44602029294765,0.1935,197.43203342673522,0.269,98.69078668178153
632,734921,0.278,40.58021847638501,0.259,42.48870756878977,0.2585,44.92841477608772,0.256,48.07563189718091,0.256,54.93545469673876
633,734921,0.7925,9013.926457838847,0.8065,8426.847866703238,0.8935000000000001,5186.5912007951565,0.8935000000000001,2125.1949449511762,0.794,391.2309755679498
634,734921,0.312,254.54089233616347,0.31,280.802679033224,0.3095,296.9123877147922,0.307,297.6558365501858,0.297,246.2645599008004
635,734921,0.234,53.224597890757316,0.274,59.286162054465066,0.301,74.35958559794354,0.441,129.24930504224096,0.9325,5095.53171993332
636,734921,0.4235,237.0713851075226,0.4485,265.1724783882385,0.455,315.04424888175885,0.458,476.3990976234292,0.47800000000000004,2724.2697624707466
637,734921,0.1925,155.53095786556386,0.1925,169.333079081147,0.197,186.73741115387926,0.197,214.59767098268264,0.1995,321.73244680398045
638,734921,0.459,1286.8979262914213,0.4675,2400.0773771653608,0.517,4163.360796808737,0.522,6886.005017025056,0.5375,12820.208288395985
639,734921,0.233,138.09847308885804,0.23900000000000002,239.5110206502616,0.2435,426.3130889791244,0.295,839.1242606471855,0.369,4423.654824331061
640,734921,0.20450000000000002,606.4999398894781,0.228,1722.195742569477,0.2545,4644.009209375434,0.309,12451.443472367726,0.5875,45484.88499828856
641,734921,0.1535,35.2497161044059,0.153,35.75858233519062,0.153,36.82465750537978,0.1535,38.70454713721945,0.179,45.01935400833955
642,734921,0.1855,15.041086663079849,0.1805,15.847102304820524,0.17500000000000002,17.316958827135867,0.1715,19.914476271021574,0.1135,29.233965433473525
643,734921,0.1045,23.38985871002089,0.112,24.199795498889287,0.1125,25.756464095655115,0.138,28.881298123820553,0.17400000000000002,46.50633001214182
644,734921,0.2155,57.63443653864748,0.20750000000000002,48.47977845397977,0.20500000000000002,40.12787225768035,0.20400000000000001,32.22044712875479,0.19,22.00587033900223
645,734921,0.201,187.10118649464516,0.1865,140.44450143545762,0.1805,106.53734350113463,0.13,81.16793478246228,0.1215,55.952708896871044
646,734921,0.251,5107.1870067902655,0.247,3745.979277848366,0.24,2489.967401939698,0.2245,1489.882822865788,0.1675,540.8198802489709
647,734921,0.47100000000000003,553.6027176733473,0.4965,2502.3540143770856,0.509,12355.137830894773,0.5935,67551.46403861447,0.614,931132.8955805954
648,734921,0.106,108.25714578860492,0.106,155.6859033198043,0.114,225.25274342391867,0.115,337.2801270553617,0.125,668.2161450362463
649,734921,0.28650000000000003,46.46371008622519,0.2175,47.44342368382515,0.158,49.58931399300015,0.1545,53.06706081908829,0.0955,61.845026726159446
650,734921,0.274,59.7688054854357,0.2615,71.57827647313114,0.2125,87.27055899070028,0.1845,113.05966288145602,0.17350000000000002,232.54497228928648
651,734921,0.34800000000000003,852.9053263491237,0.337,710.3899904703666,0.3365,479.55067534149475,0.315,243.68334873299494,0.28300000000000003,56.613134733315455
652,734921,0.355,105.4101378652113,0.383,496.65485999720585,0.4005,3164.533535233032,0.4685,24842.53858101006,0.539,649373.3777478572
653,734921,0.307,16.061668248094474,0.3305,19.478868093100377,0.3365,24.853415820476318,0.366,35.70059398395031,0.40850000000000003,116.72585885067589
654,734921,0.327,13132.079051790544,0.3335,16924.130046315153,0.338,17869.694052581264,0.342,14970.050278189648,0.376,5650.522352920422
655,734921,0.23900000000000002,213.46385817934822,0.23900000000000002,240.7699818897694,0.23900000000000002,262.4186495724626,0.246,275.00987185531164,0.248,249.13390118875913
656,734921,0.4825,56936.32272893567,0.4865,63611.22889315323,0.4925,55614.91897376087,0.4835,34478.0723090971,0.47950000000000004,4300.107887482475
657,734921,0.8375,39277.46367925854,0.8035,10125.93212591803,0.781,1638.6954457847562,0.667,294.48876013116245,0.5455,79.86128432883152
658,734921,0.1325,14.839841549099857,0.1265,14.328990712173962,0.126,14.371147367811771,0.1255,15.13912627948302,0.1285,20.41310475150797
659,734921,0.17500000000000002,70.2635092897554,0.17500000000000002,63.326521053350994,0.1855,56.925745501780305,0.229,50.63778098506023,0.313,41.78027082848843
660,734921,0.1465,163.09443647165656,0.145,128.38041054155246,0.14350000000000002,101.81970333743638,0.14350000000000002,79.53082240779523,0.1455,50.99116784555522
661,734921,0.153,11.541796516868692,0.156,14.598849301568249,0.1615,19.919226212471905,0.1805,31.93367204953942,0.2305,139.29592237312718
662,734921,0.2925,124.9418881644543,0.3075,203.17178045401434,0.309,332.04700585241943,0.367,573.0401094481642,0.3685,1728.0753747564024
663,734921,0.241,104.53772313248993,0.23800000000000002,76.1027633390119,0.23700000000000002,56.17864609683826,0.1865,41.01668280894132,0.10400000000000001,24.39410734305897
664,734921,0.2145,186.17046380531534,0.196,89.68557661742656,0.1885,47.572064190036386,0.185,27.741567170737284,0.1715,16.855703343528976
665,734921,1.086,2575356.210619449,1.0585,1222436.8976076134,1.039,339926.79421194183,0.9215,38117.12496638499,0.465,148.0871633876719
666,734921,0.391,50.75282878358595,0.3805,46.51486707642168,0.3795,41.25754555375739,0.3745,36.17692564693773,0.3605,32.829304441442034
667,734921,0.181,39.96719220380684,0.1845,34.63038159992085,0.1845,30.0169550587732,0.189,25.657583388121733,0.20700000000000002,19.640549041798515
668,734921,0.388,48.56603081667575,0.388,35.95908609088152,0.3845,29.997210999051006,0.3845,27.32708271792378,0.364,28.45684756450076
669,734921,0.508,380.5322955286014,0.516,433.31603098918015,0.531,449.45959153686925,0.531,345.54804519218345,0.5095000000000001,72.2262979404809
670,734921,0.214,187.67690415875657,0.2125,147.68206653270602,0.20500000000000002,117.43753163312257,0.177,93.05617518812966,0.1765,65.20272066358434
671,734921,0.1575,48.01478453377362,0.16,46.551823553189784,0.1605,45.803259170135206,0.1615,45.558194048801624,0.17300000000000001,45.94915573882643
672,734921,0.0945,22.920026575129654,0.095,18.43720994871408,0.0955,15.561347594969423,0.17200000000000001,13.61806374465174,0.1845,12.293243969434963
673,734921,0.212,261.9967569140778,0.201,224.54691957817798,0.1925,183.38758470758032,0.167,144.1636041360083,0.1615,111.7750087659751
674,734921,0.611,1479.7250166302006,0.6135,1902.50328570762,0.6135,2280.577701852965,0.6095,2609.625605260549,0.5640000000000001,2656.1406389695117
675,734921,0.705,6908.796716975225,0.6555,1151.6309981678176,0.624,396.304423886022,0.5680000000000001,219.79315625449078,0.2475,87.72181344840065
676,734921,0.3985,724.0800012954613,0.3985,792.0968108752907,0.3985,859.3068075925839,0.396,986.5229053531364,0.368,1169.4736128006944
677,734921,0.58,686.3022278356553,0.7945,1193.768798159995,0.7945,1817.4916057107498,0.5795,2054.7681322428343,0.491,607.1426394411961
678,734921,0.553,69.0212965054456,0.5650000000000001,77.78917756871485,0.5710000000000001,84.72049573926634,0.5710000000000001,86.49952227454844,0.5545,92.74739584644867
679,734921,0.209,70.29857046554544,0.20700000000000002,106.78033817204417,0.20700000000000002,168.63506682025852,0.20550000000000002,292.3983820227457,0.20500000000000002,906.9065162920907
680,734921,0.5635,423.56104703380237,0.5095000000000001,184.27704734029209,0.4295,96.07810102772935,0.336,57.25360202888426,0.2005,28.91909738440914
681,734921,0.1045,15.891544104087425,0.1045,16.648763164256533,0.1045,18.08822534891686,0.109,20.805598799352083,0.1115,32.14011142049464
682,734921,0.329,2553.1432777475925,0.3745,3600.639810115252,0.396,5617.264289949326,0.485,11205.574494423408,0.5660000000000001,50106.80336184873
683,734921,0.17350000000000002,11.06650000680667,0.165,10.204699348004072,0.073,9.668096490855719,0.0675,9.410072094643656,0.067,10.15263382836228
684,734921,0.4035,241.3481919819252,0.4035,309.8105864751005,0.4035,377.50377615359025,0.4035,432.14443336292646,0.3315,400.88479990235743
685,734921,0.483,564.6889068201593,0.4845,838.2134990496469,0.484,1255.113635441393,0.483,1725.6565193267436,0.41100000000000003,1421.3062503463154
686,734921,0.8335,1513.02995678373,0.882,9130.533626505983,0.9815,55128.35681714034,1.0215,212132.21711669065,1.0665,73074.10535945122
687,734921,0.3405,364.7072829887643,0.366,366.0645813330768,0.3695,353.8383076306854,0.3845,324.2996418263656,0.4005,232.0858768521242
688,734921,0.2025,13.400704544814772,0.2255,13.39249670873954,0.228,13.735146463077902,0.234,14.626429733776623,0.252,21.938003408962736
689,734921,0.3325,110.00837016723915,0.314,64.46526795774147,0.3055,37.48589538762284,0.3015,21.41657525308565,0.20800000000000002,10.66441438098531
690,734921,0.1985,15.998973292498693,0.20350000000000001,17.22626359376559,0.20500000000000002,19.137685528688518,0.20800000000000002,22.52225806854531,0.254,38.696851191088705
691,734921,0.3755,1444.017926179088,0.368,2025.9058797098412,0.3605,3019.9879679794944,0.3595,4891.898755548284,0.335,10293.981168728711
692,734921,0.148,26.100423929337207,0.1505,30.386133594394607,0.155,36.579920897086375,0.1625,47.36089742592165,0.1795,102.01037902016571
693,734921,0.439,2068.866815961018,0.439,1567.9895236215866,0.4365,1063.9990183730658,0.4015,617.3527038840191,0.2725,185.08496658878624
694,734921,0.3945,298.0490005209926,0.3935,341.03692215752363,0.393,377.43908004960974,0.34500000000000003,399.6221436070038,0.277,342.11818340961275
695,734921,0.23900000000000002,2727.3699777448583,0.2465,2562.446515551528,0.2465,2217.1369870799917,0.247,1692.7775521576966,0.296,666.8288305271927
696,734921,0.53,2608.2184375490033,0.5175,1455.957633896502,0.505,718.4364751588614,0.496,452.3225535178986,0.4435,430.7854274049026
697,734921,0.18,103.85503235021133,0.1785,67.37342790570509,0.177,45.53501985061919,0.177,30.35322604768034,0.17550000000000002,14.223892112846807
698,734921,0.364,60.04493796329598,0.2565,35.857099828191785,0.211,21.16567928140031,0.17250000000000001,12.279191266333536,0.166,6.285078780006009
699,734921,0.167,70.87747917781566,0.1665,92.21573717201662,0.1645,122.07985356601233,0.163,168.67935725954175,0.162,305.415459231594
700,734921,0.2435,32.78631555234461,0.2235,28.55228400605922,0.1695,24.96164331767369,0.1555,21.699008393424894,0.147,17.53174520803377
701,734921,0.3005,37.66159488872774,0.318,76.91394369816811,0.3405,219.08905160795484,0.388,869.2579360847569,0.4425,11279.50446984299
702,734921,0.2965,3981.3624242138867,0.3115,6119.436736093284,0.325,8127.28976732254,0.3285,9002.274809570667,0.343,4801.832266567354
703,734921,0.23700000000000002,2117.6886853019782,0.2405,2058.5683623563687,0.2405,1738.0934048745482,0.2425,1176.6092760713625,0.259,298.08446008951324
704,734921,0.247,51.364013075291986,0.245,53.31686978849298,0.2435,56.52329659197424,0.23450000000000001,60.385381622865204,0.2275,62.283301878750855
705,734921,0.20350000000000001,447.2615034893659,0.197,497.1678265561269,0.197,543.9969075957721,0.197,589.6419521404001,0.1965,618.9431447639051
706,734921,0.2285,267.7097281397944,0.23700000000000002,412.6469084350708,0.253,648.048961948678,0.258,1088.1350838576243,0.336,3835.0598682442724
707,734921,0.1565,507.8572846039158,0.167,420.5450686986507,0.168,332.18781210044347,0.17300000000000001,244.49320445953092,0.2145,136.05947330065732
708,734921,0.186,206.4274706885393,0.1845,227.50217790007247,0.1845,253.59922823951743,0.1845,292.0226620680545,0.184,416.0710077833793
709,734921,0.3115,43896.00998669812,0.3295,49380.868866425815,0.3425,44480.604837603,0.343,29676.715807485965,0.357,5102.416843727469
710,734921,0.6445,312.03604021934285,0.661,318.58182624961194,0.6985,364.4198477042583,0.704,487.3818197753686,0.6635,751.686196848601
711,734921,0.29,32.68628533766225,0.29,36.55257395139849,0.29,43.964209548288004,0.29,61.34092557151751,0.29,193.32224548315162
712,734921,0.219,13397.060609926282,0.1815,12765.718293413833,0.163,10476.167830041537,0.1625,6924.32120333563,0.161,1561.1472244667275
713,734921,0.257,1180.3775646754125,0.2675,1543.9771668317223,0.2745,1834.1471125019561,0.2935,1952.0009981625094,0.317,1423.0703720705487
714,734921,0.3525,187.57763441368144,0.4165,188.80888162010532,0.427,186.42500934052975,0.4595,190.00260395904024,0.49,773.4861347757534
715,734921,0.214,62.333293830102605,0.224,68.7550124454624,0.2335,79.98786512848018,0.23500000000000001,100.26163217295073,0.305,170.094938504736
716,734921,0.241,23.214741455236435,0.2475,28.555832638098558,0.2625,36.302948807432635,0.2625,50.32153752347196,0.2625,139.16287685146634
717,734921,0.312,21795.704265178556,0.312,21201.159224178497,0.294,16513.275609470285,0.2925,9435.00616426196,0.28350000000000003,1292.4776866880031
718,734921,0.213,19.236352630591448,0.2135,20.349065389853685,0.2135,22.2908158540092,0.2165,25.62802391816745,0.249,37.713867946869485
719,734921,0.602,7022.303634968919,0.602,11794.19213853882,0.585,16425.260170584985,0.47650000000000003,18020.14941633311,0.3855,8179.283812057977
720,734921,0.28300000000000003,183.7064394185328,0.2765,184.00858931080325,0.23700000000000002,173.354176742027,0.213,151.05496764183454,0.1895,101.43484084257716
721,734921,0.17550000000000002,16.688112059633625,0.1815,20.00495646406447,0.1975,28.760081982332405,0.20350000000000001,59.40014626158297,0.24,691.3640568181008
722,734921,0.188,53.33294769045136,0.1835,62.177875113854036,0.1785,73.91672820081585,0.158,92.15477517234548,0.157,157.72431545373428
723,734921,0.2785,189.67340026040563,0.277,104.34562095566598,0.271,66.25207621238599,0.25,50.359454318830366,0.23900000000000002,48.35429641620696
724,734921,0.328,207.7233734155179,0.328,286.8560154840229,0.28300000000000003,398.85231616274973,0.28200000000000003,574.9808762739939,0.267,1037.7931090365762
725,734921,0.17350000000000002,44.12512085023244,0.187,52.000086291448994,0.191,61.65696574647103,0.1925,74.66831163769679,0.20400000000000001,110.48903006840386
726,734921,0.147,37.40588844922583,0.14150000000000001,24.570578451313587,0.1395,17.958519941066207,0.133,14.135351901474005,0.132,11.0386338697539
727,734921,0.149,189.84262755657682,0.145,128.22285365857348,0.128,86.58274461993469,0.124,56.433274120516934,0.124,26.168545213911358
728,734921,0.246,7782.376652085922,0.246,8133.042023034054,0.2425,7247.348366062609,0.23950000000000002,5239.1715842444155,0.229,1431.1904259625053
729,734921,0.4405,594.2909262565554,0.4405,958.516749882988,0.446,1448.3936032614452,0.4465,2055.503023278673,0.457,2484.365661334465
730,734921,0.28250000000000003,150.17947866845464,0.25,145.0887122779644,0.229,136.76509893647807,0.215,124.6926530511354,0.177,97.58990385736567
731,734921,0.4055,1269.5856373844565,0.418,850.0583660712766,0.418,550.9451101993989,0.4275,340.9740554994849,0.429,156.71350934023687
732,734921,0.3205,182.79627458424105,0.3215,213.96620208159646,0.329,246.46909303667778,0.332,281.7963183993037,0.3205,331.86303179257413
733,734921,0.17400000000000002,14.418239299817083,0.17400000000000002,16.122337539229846,0.17450000000000002,18.63762806057913,0.176,22.978714660591926,0.221,43.59531193765413
734,734921,0.14250000000000002,158.7274025265293,0.139,158.0240926275974,0.1385,153.05228235201614,0.1205,142.58040779536205,0.139,110.08088136395816
735,734921,0.2485,523.848737101133,0.2495,491.96259981283976,0.2555,446.4179204112604,0.258,383.22590083907085,0.211,235.98640416935416
736,734921,0.4625,639.1742804255483,0.4585,428.09569161137165,0.3765,244.15686463640972,0.3545,115.7826507183736,0.225,44.97201332946932
737,734921,0.727,6121.341971685923,0.631,1558.4725613984644,0.361,640.7278897136821,0.2885,440.67251687347704,0.223,430.131520654101
738,734921,0.1085,19.747691223919485,0.109,19.621812378681113,0.1165,21.052289831603392,0.125,26.56106135287078,0.1565,87.18593002938302
739,734921,0.29,34.06390051471448,0.2935,33.71478376898086,0.354,33.94934699443274,0.3655,35.10181114079389,0.383,42.72742285499628
740,734921,0.23850000000000002,20.0295788134483,0.181,16.884216323153584,0.17300000000000001,14.787901484314364,0.17250000000000001,13.294753485671132,0.094,12.1326762082466
741,734921,0.1455,12.38024894709572,0.1455,11.582175891743049,0.159,11.84094259250424,0.1635,14.115343652089237,0.1805,39.087839993100694
742,734921,0.6575,3411.1757709998874,0.6875,4738.800925231965,0.6910000000000001,6505.177523728704,0.6905,7270.478884217472,0.6595,2426.9830942178028
743,734921,0.311,1052.6544302496513,0.2885,872.2085950788315,0.278,672.1817254846474,0.222,451.8207435495151,0.2095,141.99176902593817
744,734921,0.8515,270.69529529505473,0.8545,186.78060614293855,0.851,106.21006856356976,0.842,60.89528187078738,0.264,26.84075277527379
745,734921,0.722,17644.97595093065,0.7005,14493.557122594011,0.6910000000000001,13071.126107147136,0.6275000000000001,10176.304140077733,0.47000000000000003,2043.0773616252027
746,734921,0.3405,86.68295238643495,0.3425,65.56817483104044,0.343,50.80684553541956,0.34500000000000003,38.99183853853894,0.47000000000000003,23.815729770016283
747,734921,0.148,13.71794629364072,0.17350000000000002,15.102259502227508,0.19,18.72954348519659,0.2485,29.546322469866496,0.2995,179.62501195576786
748,734921,0.3045,77.83443661446616,0.308,105.48150267799534,0.3105,144.47001515838718,0.35100000000000003,205.9174334638746,0.388,409.0528337193845
749,734921,0.354,18.9849078992899,0.303,17.54533239830646,0.2775,16.711740270054698,0.23550000000000001,16.42567087641093,0.17200000000000001,18.03256746859713
750,734921,0.452,14094.381098596881,0.401,3979.436624746757,0.398,1006.149174657428,0.2775,200.35282462960396,0.2405,18.15280529189407
751,734921,0.062,28.21081723516205,0.065,32.725923348968706,0.0675,39.423472525037376,0.0745,52.16540399547669,0.1005,144.94140305445197
752,734921,0.404,748.4124955326646,0.41050000000000003,1084.6285841249291,0.4255,1357.0113715711484,0.435,1542.8726187517752,0.4825,2028.3856295536418
753,734921,0.3365,59.121874954642244,0.34550000000000003,61.411405659165375,0.34650000000000003,63.17632752974813,0.3875,64.87919028456274,0.39,72.81721613195764
754,734921,0.4245,2478.5645725514723,0.427,2999.8190299725297,0.4295,3363.089288936023,0.431,3413.1330831155888,0.4285,2084.3909461461235
755,734921,0.373,18.508301809125108,0.3775,22.62553753283481,0.378,28.080720156652912,0.387,36.870885069746464,0.3775,73.77622615590705
756,734921,0.3015,2241.0573106573765,0.2995,1631.7032330978489,0.2995,1058.5562220831837,0.2995,574.3003333301745,0.28400000000000003,121.60772852065263
757,734921,0.274,8.196144300575996,0.28500000000000003,9.491832966345841,0.3005,11.518977940609366,0.3195,16.66966510916147,0.47700000000000004,197.5568884713254
758,734921,0.392,60.822446930293374,0.114,56.177094548244035,0.114,52.35617922006127,0.114,48.95790264023622,0.365,46.54223468006665
759,734921,0.2445,154.6515631623711,0.2455,85.04874275980087,0.2455,48.949798557339136,0.2455,29.197165447551797,0.2455,16.454410682854874
760,734921,0.28150000000000003,153.48649710930877,0.47900000000000004,127.98965926807206,0.4955,107.46518403836363,0.547,91.04635157816051,0.585,213.62446599637582
761,734921,0.2245,16.3290636882745,0.23,17.993006439619272,0.23,20.90155676524209,0.23,26.758716507871636,0.4275,60.3652823277603
762,734921,0.1695,30.684577389239,0.178,40.546563437769755,0.2025,59.85396885584093,0.20800000000000002,120.34304234700444,0.3195,2095.125648158487
763,734921,0.5660000000000001,130034.54454847853,0.5700000000000001,96785.2304070923,0.5865,55229.738191098404,0.596,20796.626141490597,0.5625,1004.3592017451439
764,734921,0.2165,201.0609408783443,0.2185,168.05021803827418,0.2325,138.3663141800961,0.244,110.34314082416677,0.2795,72.31252166151599
765,734921,0.196,81.92929758214206,0.20350000000000001,103.49842954398494,0.20500000000000002,144.9398486315832,0.20550000000000002,242.51125116384753,0.20650000000000002,767.3175972354013
766,734921,0.41450000000000004,1563.0410597680154,0.393,949.2675079069151,0.3925,455.69987911204265,0.341,166.13195569169972,0.2635,57.81131770974887
767,734921,0.1495,71.15441030238352,0.128,57.12440765382142,0.12,46.87998400591517,0.116,38.080111490545704,0.105,25.53747084513747
768,734921,0.20600000000000002,306.09372083512847,0.20750000000000002,328.0954414275642,0.20750000000000002,338.8625384086036,0.215,331.46967495331654,0.215,253.91840416357354
769,734921,0.209,117.09910191138823,0.212,89.07189256831667,0.219,72.12246323183201,0.247,60.972575451838196,0.533,56.17908502679523
770,734921,0.2545,21.701000984420258,0.242,14.991886758260835,0.2415,11.764014171226298,0.2015,10.08405214665389,0.1905,9.277452626517205
771,734921,0.75,1174.9111337814766,0.7435,878.5090198287894,0.6855,586.4329889270388,0.6505,356.56771344163394,0.5965,96.99570190480595
772,734921,0.217,48.22864053498448,0.20750000000000002,67.31996894083944,0.20600000000000002,98.22908500774973,0.2005,155.7958416676041,0.1815,416.9879637465144
773,734921,0.2165,601.353718998506,0.222,713.7805904134066,0.2235,852.693504744705,0.2315,1039.412906183153,0.291,1352.5823470135115
774,734921,0.2105,1507.1273903458807,0.20750000000000002,1333.7312794495474,0.20750000000000002,1066.520162078698,0.211,739.4395536299064,0.224,269.9405719069486
775,734921,0.6755,2205.55951968712,0.68,3896.568918904336,0.6825,5810.9572241449505,0.677,6662.456577367851,0.6645,2583.1191579016972
776,734921,0.109,31.40832424734544,0.1515,29.389640913456912,0.1515,28.69818616450831,0.1525,29.96788818125825,0.1585,43.70614074090938
777,734921,0.117,14.801937692652018,0.1225,16.417472100474473,0.1245,18.951032214597138,0.1715,23.64131077559463,0.226,51.07339686049735
778,734921,0.5455,86.53906680421154,0.5485,104.58161824109422,0.5485,128.2115425109699,0.5455,159.85114277070227,0.496,217.30231454122884
779,734921,0.2415,133.27844798321587,0.368,149.6691136850283,0.3815,166.1398228127322,0.391,182.6589965647457,0.41550000000000004,197.187259007352
780,734921,0.436,306.78804112553075,0.3965,197.77782151211923,0.3835,124.1344918049202,0.3665,75.44963715189108,0.28700000000000003,32.755217862462416
781,734921,0.275,97.44627598918882,0.2755,108.17768972140603,0.2795,120.26415366349242,0.2885,135.7263914037861,0.3135,176.67913341992215
782,734921,0.116,30.356019254938236,0.1165,32.44258580999415,0.11800000000000001,35.05807973672732,0.1215,38.547860979790585,0.137,47.022202344653984
783,734921,0.1105,16.739623150824933,0.1115,18.72131421096474,0.1245,21.425535341189942,0.126,25.70318553717121,0.6345000000000001,228.82471551927964
784,734921,0.184,94.6996728923871,0.183,104.10857688900205,0.183,113.32225878824852,0.182,121.5618590781346,0.1815,124.12006644397505
785,734921,0.315,101.88735058097284,0.3925,138.00139898083518,0.3925,192.45166504824854,0.3915,276.7384180050642,0.3805,464.137733049442
786,734921,0.3015,450.62391749791874,0.3015,326.4552092886405,0.3015,225.36105704534748,0.3,145.53470743951806,0.2955,69.071905928924
787,734921,0.1085,74.22046012674572,0.1095,76.71085967902708,0.11,80.30922838414146,0.1135,86.09227056419205,0.225,104.17389033435778
788,734921,0.336,551.894938866762,0.3365,879.6829877303827,0.34700000000000003,1306.506684665309,0.34800000000000003,1876.2241022031353,0.36,2556.327066907679
789,734921,0.2315,205.52977152869084,0.3375,177.9453111349281,0.371,150.01695780110845,0.399,119.86592481328209,0.5175,280.45756861533926
790,734921,0.2885,26.048430386591377,0.276,20.151772262543695,0.2685,17.656052219209098,0.1935,17.60852846343077,0.1705,24.908975923188695
791,734921,0.2165,8.86303589541248,0.2555,15.361935897914192,0.275,51.224831351697276,0.318,462.4246078174712,0.437,49534.343797550726
792,734921,0.586,1006.8451741655102,0.593,1609.1950435702763,0.607,2422.5656656278197,0.6095,3289.5507316096,0.6095,2177.5932110297895
793,734921,0.4965,2955.777027222567,0.492,1531.2918531631262,0.338,763.0329744516208,0.3195,348.7716621786486,0.26,90.27969745362958
794,734921,0.3615,83.44561766296368,0.3595,58.15585737782883,0.354,47.02655992129595,0.2205,41.62839579538371,0.0575,40.061446515604494
795,734921,0.1685,47.63162394826572,0.17,54.29443032306221,0.185,62.768297600934794,0.189,75.27970728620014,0.21,116.7391267665046
796,734921,0.47750000000000004,166227.9893673746,0.4835,160998.15456639737,0.4855,119811.8192240867,0.4855,60368.41780097611,0.481,4228.775017453457
797,734921,0.116,57.29527342876625,0.1245,69.58047044458402,0.1295,88.39744720262495,0.148,121.6616747535004,0.2275,259.9556146260087
798,734921,0.4655,280687.67146703694,0.465,117822.79960500375,0.435,35929.7112545249,0.40700000000000003,7061.914929175034,0.3085,226.31076604897967
799,734921,0.17250000000000001,13.245370259867101,0.17250000000000001,12.238908298462352,0.17250000000000001,11.577473982510302,0.17250000000000001,11.254159609768067,0.182,12.422963646102911
800,734921,0.152,10.684805929863685,0.1525,13.011102983441866,0.1645,17.541555413976344,0.1705,29.60548811112433,0.368,192.92884274628787
801,734921,0.2015,10.062688606144057,0.1885,10.973485123252091,0.181,12.434003669867783,0.1245,15.031506995931583,0.123,26.41290234107496
802,734921,0.29,94.60578515908192,0.23550000000000001,77.0979516959823,0.234,63.51235794893017,0.2325,51.34613903083932,0.229,33.4818348860022
803,734921,0.168,140.9473166037357,0.17300000000000001,182.39597593904784,0.20650000000000002,236.95029548639252,0.2295,316.35864504001,0.24,514.6666904505448
804,734921,0.111,11.41940983857839,0.12,15.256128239971934,0.149,23.7986049385348,0.1835,51.947467333652085,0.2555,678.0412633725302
805,734921,0.273,96.3856863616368,0.28150000000000003,108.35849407473125,0.297,124.21805713205212,0.3075,148.70227923527483,0.356,245.83177328224218
806,734921,0.2245,18.267169998742727,0.211,15.153303235938829,0.20550000000000002,13.034240551236863,0.195,11.508117060310266,0.17400000000000002,10.464168177374194
807,734921,0.161,131.49970623857908,0.184,134.10146068334018,0.193,139.2827411548643,0.2195,147.20155549336664,0.34650000000000003,164.53651990334018
808,734921,0.28600000000000003,217.33212206849186,0.28250000000000003,199.73650167531298,0.2755,178.59844530833814,0.2135,151.67582173978832,0.20350000000000001,95.535419517239
809,734921,0.28400000000000003,729.6821105488539,0.2895,1256.4445879780653,0.292,2052.1744385995735,0.297,3229.620778077996,0.335,5006.354923983585
810,734921,0.1355,3590.5889784311885,0.1315,1692.073705636048,0.131,733.4748987638862,0.1245,268.21362480505303,0.1215,36.048497326780186
811,734921,0.20700000000000002,22.47030723295962,0.2735,25.230338463529897,0.2915,44.773582588717936,0.3125,230.04664612833207,0.4215,14138.86218273526
812,734921,0.1545,6.617629731054648,0.1545,6.6260722572363955,0.155,6.899046975164388,0.1565,7.598171422609277,0.18,11.18732741418473
813,734921,0.47750000000000004,2526.1021814878654,0.47750000000000004,2516.621449392618,0.47750000000000004,2304.6008404146028,0.47600000000000003,1858.3451235860593,0.4685,1022.8818306522192
814,734921,0.277,24.773885861224624,0.2555,18.465144118471358,0.255,16.01144146979696,0.2535,16.09863467601184,0.252,24.03213136314552
815,734921,0.3255,101.5377292995001,0.3235,107.94439179126012,0.2955,113.46390241888545,0.19,116.1224658771476,0.19,101.52433612307216
816,734921,0.367,77.38947352449627,0.4225,135.34907903828682,0.47200000000000003,260.02273816600314,0.5325,622.7808183842401,0.553,6769.709848059009
817,734921,0.14100000000000001,22.10765835772237,0.14250000000000002,22.519740742951857,0.14300000000000002,23.733420504064313,0.1585,26.565754610145913,0.262,43.06078447689608
818,734921,0.2605,40.54555022599621,0.2505,36.703083638739884,0.245,34.48692383187718,0.2445,34.56524714859358,0.211,50.190222166842375
819,734921,0.294,45.87913139700131,0.278,43.86005655739989,0.2735,44.23481697888278,0.20400000000000001,47.187478050481474,0.17550000000000002,60.766812962616044
820,734921,0.19,116.0895852382457,0.1905,137.12594419112511,0.212,161.5049504119877,0.22,191.8618876128272,0.28500000000000003,254.74386760853514
821,734921,0.1545,11.393038725340237,0.307,12.89643406565208,0.3165,15.389742523983662,0.3185,20.428193635786073,0.5695,53.721294839939375
822,734921,0.244,10.027568959866912,0.1665,9.967673853072354,0.1635,10.443676973927246,0.1615,11.685443388047249,0.14300000000000002,17.993352040032686
823,734921,0.536,7123.929286509435,0.5475,15992.350820647625,0.5665,46396.71738804313,0.5630000000000001,146511.5580405195,0.489,214682.50338055883
824,734921,0.372,1744.1123461676564,0.379,1924.615781739379,0.3795,1778.1903484925235,0.386,1274.786417285504,0.377,347.81308916473233
825,734921,0.4315,2494.111964326216,0.3845,701.5887657848847,0.38,184.8129515507831,0.34,58.332181862951366,0.242,27.170386416664535
826,734921,0.2765,40.70959958276016,0.279,42.95876143482867,0.309,45.276857991453596,0.311,48.31354809285674,0.3715,67.68289328699232
827,734921,0.465,1441.0715910750139,0.4575,1198.473164607373,0.447,925.1201856037188,0.41000000000000003,632.8658749068709,0.3635,236.82931630276042
828,734921,0.47800000000000004,562234.4599795259,0.48,755992.2914973604,0.4805,722233.7137420818,0.482,433897.0050366555,0.4815,31752.76481429187
829,734921,0.367,224.2550070849842,0.371,268.86485687286455,0.392,319.90166864951493,0.3955,370.83278054892924,0.406,345.5650389160734
830,734921,0.41600000000000004,28.16125955625679,0.4235,47.657761525081696,0.516,84.90710959991692,0.5315,156.54577030977472,0.7925,603.8489366057431
831,734921,0.23950000000000002,317.72238509827196,0.23850000000000002,330.22793646317996,0.228,328.5743833095978,0.2275,307.0807195706702,0.2235,215.12722748195213
832,734921,0.178,274.07708698884943,0.1775,201.80210529440362,0.1775,143.84331989295507,0.1775,95.6685262129571,0.1775,41.71485183492883
833,734921,0.35000000000000003,841.9942341026334,0.353,1097.38354811759,0.355,1361.1897440184773,0.369,1600.1616653870497,0.3715,1544.277144142089
834,734921,0.165,116.57418018298034,0.167,122.51116255320204,0.168,125.27489457565801,0.17350000000000002,124.83651457256741,0.306,116.70215081576815
835,734921,0.099,34.197727607486115,0.10200000000000001,37.951266187882744,0.10300000000000001,42.565550895471524,0.105,48.93193605135987,0.186,66.77373224800584
836,734921,0.14250000000000002,15.607968517695342,0.1335,12.561087107179885,0.132,10.474628171526213,0.122,8.984833039730166,0.101,7.972393217224394
837,734921,0.2985,5325.568348264526,0.297,4859.256420185105,0.2965,3828.70150783137,0.294,2402.4989189475277,0.28650000000000003,493.87068470864773
838,734921,0.5155,544.1558139940804,0.519,1331.2609351929534,0.5255,3397.2256477981614,0.5255,8256.05725635209,0.5155,14130.258347220888
839,734921,0.3285,123.31009527961845,0.28450000000000003,91.31936713312471,0.269,68.76903722653145,0.211,51.227105652716205,0.1515,30.812181370349368
840,734921,0.2935,52.12513726602432,0.292,46.35703617628673,0.28800000000000003,43.06642852380656,0.28700000000000003,41.29240001848075,0.23750000000000002,41.56796675351049
841,734921,0.291,36.70326825002973,0.2775,24.7265646748253,0.179,21.645511399074657,0.176,21.86604353083567,0.117,27.537906401571426
842,734921,0.2905,299.88638603649457,0.2905,593.1895170848835,0.2905,1151.082874965142,0.2905,2219.672748359213,0.279,5171.971071605947
843,734921,0.1315,88.02837992290466,0.1315,82.69775754122891,0.131,80.34459709423523,0.1305,80.13155557512033,0.1295,83.60097051222527
844,734921,0.3265,357.84681888829107,0.328,480.45972849733516,0.3325,649.792716472116,0.3365,859.361669687698,0.3365,1043.0729023415713
845,734921,0.1355,229.9998107446032,0.137,220.12064562271337,0.137,204.2402296433021,0.418,180.91145332254445,0.4185,130.0949416818294
846,734921,0.3845,13423.163806810868,0.371,14274.994300448277,0.3075,12590.129708833576,0.303,8424.608296860675,0.278,1644.5019687912518
847,734921,0.2475,3222.1110140713718,0.2445,2488.3101845116016,0.23800000000000002,1698.3828056382526,0.23600000000000002,972.4426134122531,0.229,248.97943569510088
848,734921,0.1565,25.70513588805615,0.155,30.23701107978382,0.15,35.80738873893231,0.15,43.5763990674481,0.15,66.73856184717138
849,734921,0.312,10.965366694808303,0.307,9.57678296506257,0.2915,8.689722974827504,0.14150000000000001,8.107536463069176,0.14100000000000001,7.896551303456647
850,734921,0.317,162.08200542981785,0.317,204.24782071053897,0.315,276.9251907995902,0.3145,431.9076298104592,0.2895,1154.5419985529168
851,734921,0.386,138.24283864041237,0.383,53.612928479225104,0.1805,28.40468874112769,0.148,18.208361886017784,0.1215,12.81899180449479
852,734921,0.3085,185.51904198406302,0.312,248.42863430415295,0.324,317.03303001046083,0.3425,390.69568924538794,0.3545,495.88638701195686
853,734921,0.429,55.93215241040983,0.3915,54.07697840638777,0.337,57.26739560886812,0.327,64.29657442511974,0.1785,84.69644165000962
854,734921,0.1015,18.57088665547437,0.094,19.867875896218834,0.094,21.754726814460508,0.0935,24.812374159379214,0.0935,36.10428891868821
855,734921,0.1645,33.08641203774181,0.1345,34.54057644906853,0.11,36.124414814287114,0.1095,37.89674181331072,0.0735,40.81386545060807
856,734921,0.2115,85.72128014691447,0.211,130.49982003012963,0.20500000000000002,205.34766572559587,0.1925,337.76569813021325,0.187,702.0466943750407
857,734921,0.127,45.53988098876291,0.1285,49.1289029817613,0.1305,52.98962887874594,0.17,57.38253019308963,0.2095,65.87866451357445
858,734921,0.35150000000000003,147713.3348166232,0.35150000000000003,138955.12260388705,0.352,98740.5013417878,0.35150000000000003,47075.580467652966,0.34400000000000003,3236.9793855580224
859,734921,0.202,97.51552777271823,0.1865,75.47415444775284,0.184,59.00149641064388,0.1485,45.8627959270426,0.1475,30.3127520945116
860,734921,0.6175,483.3849276036182,0.609,632.7778492533073,0.5045000000000001,792.4530430475265,0.406,937.4894210204799,0.396,906.8864897000497
861,734921,0.2885,35.72562583325812,0.3055,41.00275576531609,0.3345,52.136363199711674,0.342,82.72076989699356,0.34750000000000003,434.4950185767416
862,734921,0.34550000000000003,504.1610471892066,0.383,1382.1688795870882,0.388,3964.123519629798,0.4005,11880.011715185474,0.40700000000000003,46118.76921580083
863,734921,0.245,105.15824694857722,0.2445,95.48409985967963,0.2445,86.05313480461562,0.2445,76.1273019320474,0.2445,58.92389273623053
864,734921,0.149,34.697937846130266,0.126,33.36747976578665,0.12,32.61880549038091,0.115,32.469534214726096,0.101,34.50784038038943
865,734921,0.14350000000000002,75.669945842283,0.1445,102.55918467014604,0.151,141.68582701799954,0.17300000000000001,205.5759082283239,0.2245,421.203549568532
866,734921,0.3565,449.44409061613203,0.4385,737.0191749065488,0.523,1150.6160806151695,0.5275,1724.2149344666013,0.625,2333.572291157052
867,734921,0.2505,80.3558029702503,0.2205,60.186097690977626,0.193,46.16015166592141,0.1915,35.61327681142084,0.1845,24.842998398234304
868,734921,0.2665,70.7080372984973,0.263,50.819573191352816,0.257,38.64407580449977,0.251,29.266536245406204,0.1095,17.72800786488976
869,734921,0.2015,103.70804810000965,0.2025,73.04950947259887,0.2095,54.71956697160758,0.221,42.15742969716396,0.2425,27.751452506804487
870,734921,0.217,763.4729185008924,0.2285,657.4412846479895,0.3215,521.4348014851237,0.3525,364.75315576035746,0.368,135.28237129481374
871,734921,0.34850000000000003,91.0320537332665,0.384,130.46551638114266,0.4035,201.33402651475595,0.4485,355.1894717013013,0.47450000000000003,1292.782777888636
872,734921,0.198,174.49508936336363,0.184,203.38319783317834,0.1825,220.67795816108625,0.1815,223.26639235210249,0.16,193.52597532671774
873,734921,0.41300000000000003,16.61722547126566,0.404,12.890535126693228,0.399,10.525798636579173,0.3635,8.982232616238877,0.352,8.250364840269084
874,734921,0.114,41.60611038940861,0.113,34.41993265336915,0.1125,28.93273762207383,0.112,24.38817224495224,0.114,19.131864283780192
875,734921,0.1855,45.712142309858784,0.1975,48.433622954137455,0.201,53.68652547182012,0.20550000000000002,65.65061791524508,0.232,191.96379230628932
876,734921,0.28600000000000003,522.3941386927896,0.28500000000000003,552.7531445194033,0.28150000000000003,548.2587625957481,0.2745,502.007794461849,0.244,324.61143251659087
877,734921,0.3065,280.92073367984614,0.303,206.85744688987336,0.2995,136.28978084476978,0.2955,80.18606118390421,0.2685,33.44315908932042
878,734921,0.338,22240.164654112225,0.337,15765.872765159844,0.334,9740.67183463419,0.3325,5217.620278116882,0.31,1785.8865388215015
879,734921,0.215,41.84701531967253,0.2315,64.2286436377975,0.2545,106.59651346826854,0.255,201.0998519283863,0.27,743.9474475592045
880,734921,0.23600000000000002,297.2604597183773,0.23550000000000001,228.78287897414907,0.23550000000000001,166.93478242458704,0.234,109.91390056872443,0.234,41.04376623774122
881,734921,0.328,407.9592532697023,0.326,307.4958521502671,0.3095,261.6489213204981,0.2975,246.64128402233624,0.2635,261.0753681581645
882,734921,0.1895,24.07686132427332,0.192,27.75712184249414,0.194,32.37540104818582,0.1995,39.12838081600598,0.279,62.51908695371179
883,734921,0.1375,15.143141771529223,0.1375,15.46644748454712,0.1375,16.296423483339,0.153,17.956887292766844,0.155,25.007349732365892
884,734921,0.518,492.3702063749338,0.5185,215.64699565072496,0.395,104.82161304835782,0.395,53.5935562634486,0.3825,23.119833840569314
885,734921,0.2555,49.842504218474566,0.254,39.610499566643526,0.253,31.467543930944853,0.2315,24.43992239996865,0.2095,15.884725358646682
886,734921,0.219,146.6311090918284,0.3105,223.34477218586093,0.311,345.6914319941933,0.3415,565.2973166246308,0.359,1349.893185163364
887,734921,0.23950000000000002,111.5493929180104,0.23950000000000002,104.34340305539916,0.23950000000000002,109.07977871487454,0.2465,128.07786613693136,0.2655,218.43899120622336
888,734921,0.23950000000000002,356.3782877060185,0.2605,638.0943402796019,0.28650000000000003,1103.6909355589255,0.323,1947.7392473657624,0.5660000000000001,7166.6991391292595
889,734921,0.28250000000000003,55.05664661666623,0.28200000000000003,35.22237361062356,0.234,24.548724710110125,0.233,19.002086792371923,0.2245,17.93226492248576
890,734921,0.1095,28.177561320678198,0.1095,31.541530785419212,0.116,36.757087731702875,0.11950000000000001,46.19013297477642,0.1325,89.31917556805739
891,734921,0.20500000000000002,48.19940493417865,0.20500000000000002,50.71185569836786,0.20600000000000002,53.3176569261196,0.246,56.554909264904836,0.3125,67.36277730667413
892,734921,0.501,2088.0646756907786,0.4955,2823.842642967689,0.491,3641.069557497982,0.4665,4418.885128384799,0.377,3822.5611217648493
893,734921,0.3385,380.1077632908174,0.3395,709.0954829969544,0.34950000000000003,1199.4608891291462,0.3535,1768.7456345921007,0.3555,1727.0208587543684
894,734921,0.34950000000000003,172.57375768280554,0.3605,235.72486282847484,0.3665,334.1836923326952,0.4005,510.7285011527907,0.41600000000000004,1236.2159174420758
895,734921,0.37,156.11469145248662,0.37,103.60425873770262,0.37,71.37324052374623,0.3695,51.57116799959694,0.353,36.627374124660264
896,734921,0.35000000000000003,254.49838721186927,0.34950000000000003,233.31175435714093,0.34900000000000003,199.13921266199637,0.3165,154.90333641863265,0.27,86.99314067480903
897,734921,0.618,16229.564450238406,0.552,1146.6776065882639,0.483,203.13667946109624,0.3725,59.10111507716246,0.2545,36.319045908587405
898,734921,0.724,189.20131228914397,0.7015,128.15915304930928,0.6845,80.01880257753734,0.646,65.93282148067541,0.4525,93.18573825015112
899,734921,0.127,26.662804603893346,0.129,24.31219471921143,0.1295,22.646180309481068,0.14300000000000002,21.668824928576395,0.227,23.855520901824086
900,734921,0.122,8.372697543832079,0.122,7.364392771361086,0.1545,6.649021455625509,0.183,6.129364659180798,0.21,6.466903099031998
901,734921,0.20350000000000001,120.27609983946523,0.224,240.4017210375802,0.232,567.0527490642937,0.28650000000000003,1626.727197808877,0.308,10171.59351453651
902,734921,0.289,63.58456190041051,0.289,76.9276233439319,0.28250000000000003,97.67404586838153,0.28,133.53053948437895,0.265,262.9423978029789
903,734921,0.1965,84.00888897107663,0.2155,104.59588308992248,0.234,135.78707703433253,0.2595,193.11075319752683,0.291,511.9311111549308
904,734921,1.076,723793.5677809431,1.0765,1760369.0517685453,1.0105,1837959.1855683255,0.9885,671702.7629602579,0.85,18966.634352733316
905,734921,0.2695,1198.8481535825874,0.305,1465.749978637873,0.3135,1688.7767931814521,0.32,1829.688363475109,0.326,1760.730658247226
906,734921,0.457,390.4794124535969,0.4385,431.17258181991764,0.395,444.5328206424523,0.3055,416.6307808335781,0.27,296.64367301619126
907,734921,0.843,5053.857217890914,0.8755000000000001,8082.911908799942,0.8995,11061.352561181922,0.7335,11399.46245018779,0.5985,3163.80193764357
908,734921,0.1645,38.26689413287134,0.163,53.36388698586197,0.163,76.08678576947106,0.161,114.77916822987972,0.154,260.9720238384489
909,734921,0.2535,115.43366432003688,0.2535,101.97539017854919,0.2535,94.03119468692753,0.2535,88.5750438930938,0.2535,80.56084550618715
910,734921,0.3605,100.27393455238624,0.3835,145.88972541707054,0.385,218.32817943879763,0.386,362.12698829070564,0.3915,1659.3068408162817
911,734921,0.5125,1697.9206910753978,0.5115000000000001,632.828249718858,0.4035,300.8180650179202,0.28300000000000003,190.99579932555136,0.199,128.15090412841292
912,734921,0.5625,1144.2012154583672,0.5630000000000001,2357.77222474316,0.5630000000000001,4861.672543222108,0.559,9966.6357836402,0.513,22075.225753166684
913,734921,0.14250000000000002,411.2918149558591,0.14250000000000002,512.7057736271726,0.14250000000000002,623.1668043492868,0.14250000000000002,739.933198866278,0.14300000000000002,823.8696376314581
914,734921,0.215,115.95110257455508,0.254,174.7598740419698,0.3335,372.07589758944636,0.425,2129.646156504918,0.5465,311565.17192685243
915,734921,0.261,30.791842267965347,0.268,34.84195622876514,0.2945,44.52126018166282,0.296,66.7271547023695,0.3085,175.21289490661235
916,734921,0.1095,16.434585449454907,0.1845,19.425382792494283,0.251,24.86359782030358,0.258,37.388755706351965,0.3575,147.67461420606534
917,734921,0.1475,23.372098610106487,0.1485,22.053243013095344,0.153,21.377721620521037,0.191,21.429932189696938,0.23550000000000001,25.282028235987447
918,734921,0.23450000000000001,66.68762385872141,0.2195,73.4408891083947,0.215,82.65620886043068,0.215,96.72882928139668,0.213,138.95429692159593
919,734921,0.306,2017.6674261070823,0.3025,2202.220828566138,0.297,2109.8172130089124,0.293,1691.1094752855818,0.272,672.2724724416404
920,734921,0.241,131.4016844733891,0.2455,174.77842076316367,0.25,232.30181401111284,0.262,301.95915550113756,0.28750000000000003,338.5214873189887
921,734921,0.149,57.597927954981145,0.147,56.310982140162736,0.147,55.22281508457017,0.149,54.4202465219526,0.1515,56.38336321695778
922,734921,0.295,106.16983357673844,0.297,153.13677817646936,0.337,234.33339539671928,0.34400000000000003,393.95852571676636,0.397,1011.9503020326124
923,734921,0.5205,273.2501641641617,0.5565,510.08089137757395,0.557,1391.0227307714376,0.557,4184.413686087855,0.532,13407.871336238028
924,734921,0.11950000000000001,28.29475429052191,0.11950000000000001,33.48660287922502,0.11850000000000001,41.25308137736015,0.11850000000000001,54.89775022458489,0.121,114.59907744200477
925,734921,0.4665,1677.5887469210106,0.297,2061.3097596983685,0.2565,2438.2506383715013,0.23,2734.341998042732,0.2125,2256.75096007521
926,734921,0.486,15885.934096737757,0.488,45363.60354994956,0.488,123663.53674229933,0.4485,262209.24621591065,0.4195,125928.66013658742
927,734921,0.22,689.1742274845847,0.22,609.6673151108631,0.219,504.69838376861674,0.219,378.09673160561863,0.219,171.91042811959355
928,734921,0.2735,43.302267468190955,0.253,41.33347186161002,0.2465,41.2102794734015,0.2425,42.80780520680228,0.234,51.26713132427487
929,734921,0.468,2330.429112270903,0.481,8968.090936768725,0.561,32224.499544535836,0.5670000000000001,97899.26309603374,0.5645,172977.1370442832
930,734921,0.1975,25.24289731014763,0.1975,24.945298981546284,0.197,25.357039899979753,0.195,26.562905580477846,0.1845,31.271290221587645
931,734921,0.31,105.70805997078162,0.303,81.85679524708442,0.3,65.87340334983932,0.2695,55.426341689153695,0.232,49.485709578914935
932,734921,0.2015,108.94189229400413,0.2655,124.24050851403304,0.281,142.66742871307935,0.2925,176.89585173715707,0.34900000000000003,408.86846305562426
933,734921,0.2555,106.69041153894165,0.259,138.3919853326149,0.2625,199.259476195831,0.3195,336.9777232969689,0.7245,1157.270358472444
934,734921,0.129,53.80907336336291,0.129,48.51767568032778,0.126,43.555373006643876,0.126,38.26798282496998,0.188,28.955014881112678
935,734921,0.133,13.660832831242955,0.131,13.397074968872765,0.131,13.499697794759012,0.131,14.08732177331743,0.133,17.6749773622511
936,734921,0.2405,20.046470119478293,0.2445,14.157714129486303,0.2455,10.623121677796705,0.624,9.918283101053452,0.7335,19.057943664215887
937,734921,0.3745,49.033979857437856,0.3925,59.917864586396185,0.4015,87.95127358931468,0.404,163.8021775152278,0.398,698.1373888203756
938,734921,0.2305,186.76879528283422,0.2305,114.94037314670987,0.23,73.93190772288467,0.23,50.11857860967254,0.2115,31.582752483790827
939,734921,0.3935,490.51984112061206,0.394,486.5632653957626,0.3945,454.3534552222319,0.3945,392.3963148147889,0.3575,260.40005956111673
940,734921,0.249,228.4073297697461,0.293,244.69090876756886,0.3005,254.37048071645515,0.335,254.4622195652565,0.451,216.0471675236894
941,734921,0.2545,32.67139286561464,0.2545,19.966701935952074,0.2545,15.384344376994768,0.2545,13.809204721853078,0.2585,16.3559308915047
942,734921,0.164,14.261110559222987,0.1535,15.589010711478364,0.151,18.03733957142212,0.1475,23.004571657502154,0.1345,52.33506213253142
943,734921,0.156,22.967921977909707,0.156,23.93155422948345,0.1565,25.795459700459936,0.1645,29.537438278890622,0.1785,48.15434014217373
944,734921,0.088,28.01193551136823,0.088,26.649188231174033,0.10350000000000001,25.645319919569463,0.105,25.193070544424707,0.1955,29.06163443697375
945,734921,0.151,192.56211495252748,0.1505,144.25951788275503,0.1505,106.65645806494807,0.1505,75.86632196639287,0.1675,41.60026754834606
946,734921,0.3735,38.87414608696148,0.3625,26.207999531572295,0.3595,18.930615740843425,0.355,14.483012326562243,0.336,11.161792819671456
947,734921,0.32,34.966843925497415,0.35100000000000003,42.44966610586194,0.3725,70.19727960804187,0.634,312.9323681660958,0.7315,28347.244233541693
948,734921,0.308,110.34207277398234,0.3105,97.01966418774074,0.3105,88.97486241021494,0.3105,84.90558533091192,0.313,84.44218125511779
949,734921,0.1655,57.73175532363267,0.1655,44.56638142475737,0.1655,35.95369295576191,0.166,29.47123379195237,0.191,22.444403125818145
950,734921,0.2945,23.74551829974295,0.3145,24.57785488671618,0.321,26.159832309013073,0.334,28.869256035074184,0.3815,37.87756796057501
951,734921,0.34700000000000003,39.41799487705237,0.34550000000000003,37.084838071186915,0.34400000000000003,36.22501414098137,0.2565,36.50694491174631,0.2315,39.75300748287173
952,734921,0.87,1094.2968801547581,0.8635,964.1544758334622,0.837,722.2780750264657,0.7145,440.1435049955477,0.482,142.9996689202798
953,734921,0.318,124.4554508972997,0.3215,218.15856759503902,0.3215,403.22562476107777,0.323,796.1458383377988,0.329,2222.658615705925
954,734921,0.0915,24.210836289565542,0.0815,23.37227749708114,0.0815,22.728256308502335,0.0815,22.27867299011235,0.10200000000000001,22.641338075276746
955,734921,0.3795,19688.359830922785,0.3725,15363.49436815331,0.342,10167.031432690184,0.323,5230.228915655766,0.2485,782.6171127652842
956,734921,0.5845,49573.236595292154,0.591,72581.13251950975,0.6305000000000001,83055.01679789642,0.6345000000000001,71587.83544857222,0.5905,17510.635998049103
957,734921,0.1405,18.863206003355774,0.145,18.748738245727473,0.1455,20.058751513685802,0.2105,24.731222164246386,0.264,64.84930735670076
958,734921,0.455,312.536243450787,0.456,233.1163043354636,0.4565,172.36623958159458,0.4575,126.4923377659208,0.213,88.53814178136942
959,734921,0.1045,71.65286640350041,0.1045,72.68369225992146,0.1045,73.20430646635624,0.1045,72.93025624095253,0.126,69.4146467835304
960,734921,0.0815,34.14232524308102,0.0815,31.88627427173784,0.0815,30.252682338965062,0.0815,29.129143729862328,0.0845,29.303535469768054
961,734921,0.1215,19.329359558117474,0.121,15.306251728953777,0.1215,12.476494650378378,0.1325,10.286164168697544,0.1375,7.948446266761644
962,734921,0.20800000000000002,429.57624793472223,0.20350000000000001,797.8501870361579,0.202,1408.3700249879196,0.1965,2390.05944064057,0.1915,4096.814070532044
963,734921,0.302,71.36478738935924,0.303,69.3638186685456,0.3055,68.49868645511349,0.3195,73.12556061719097,0.28350000000000003,142.8797159488099
964,734921,0.1585,17.47926619219513,0.185,22.207499975727142,0.199,35.00634137668488,0.2405,91.89936230904223,0.5775,2035.4475119919646
965,734921,0.632,21674.23657907079,0.6205,20602.773368265873,0.583,13292.142629853413,0.5225,5226.417606942048,0.35050000000000003,608.7539678965219
966,734921,0.184,110.54975663078915,0.1895,115.52317277802538,0.195,128.07214439725138,0.224,151.09165647005256,0.242,195.0558990061261
967,734921,0.3825,29.331957393588528,0.3995,35.84139190716361,0.41150000000000003,60.18712470642956,0.41300000000000003,148.1827537234689,0.4245,913.3892486986998
968,734921,0.3,122.91535576952597,0.3175,133.05325470703696,0.3415,137.10543431653448,0.35150000000000003,135.51314031672152,0.367,146.16559472377264
969,734921,0.3255,12.426461248252622,0.337,13.791024415225804,0.34950000000000003,18.523253725906322,0.3785,43.374742821941666,0.451,1061.7448327814047
970,734921,0.28500000000000003,75.29075988011202,0.258,51.584023240627566,0.2555,38.17912347997493,0.2525,30.43847046775225,0.2435,26.643730189292636
971,734921,0.1945,104.86421393189258,0.225,211.86501643384617,0.229,451.7187312350956,0.334,1020.5177254204185,0.372,2835.3369445580647
972,734921,0.4,348.6458031087514,0.386,315.84707945547416,0.3765,280.40979312118503,0.2665,234.13053088479072,0.1795,133.9868016625054
973,734921,0.2305,80.41417016927741,0.297,138.23378446330696,0.297,243.40495495146044,0.297,448.4293492243812,0.2965,1257.1780167756694
974,734921,0.34600000000000003,264.87408690118605,0.34600000000000003,313.40075545175085,0.3435,358.6617021272085,0.3425,395.7990790781027,0.332,386.523832483076
975,734921,0.675,608.1328836359113,0.6725,553.3206417142414,0.6675,484.9967558155021,0.6075,405.3921317201828,0.528,293.1094562493898
976,734921,0.2235,31.876738357375682,0.193,21.925007760872653,0.193,16.232653776717175,0.1855,12.739877485658946,0.232,10.291989771976858
977,734921,0.3115,37.657146823634456,0.3115,29.732483897460714,0.3115,24.55420468497521,0.3115,21.13475964595545,0.308,19.207413367346042
978,734921,0.451,227.738827144257,0.453,218.12744911968167,0.453,172.97705990652514,0.451,136.48788410460358,0.4435,162.40602743796146
979,734921,0.1935,80.71065887038898,0.1935,70.06853960752727,0.1935,60.68512468105794,0.1935,52.37040349544012,0.1985,46.42047776688536
980,734921,0.463,61712.50093080839,0.47450000000000003,239109.90730131228,0.483,1307587.5841295095,0.5245,7537319.854050812,0.65,40914921.76870469
981,734921,0.3975,344.7758770406043,0.382,206.02098078811696,0.373,135.69242058367328,0.34550000000000003,99.38719767364752,0.28200000000000003,78.22227427868194
982,734921,0.155,16.019799035174724,0.164,19.492341058069286,0.2135,24.47029269426511,0.23500000000000001,33.0172708290726,0.2585,83.49632245817124
983,734921,0.5815,2249.2546068438173,0.581,3747.2675370749016,0.5765,4665.4876128932665,0.5655,4026.1501199210907,0.5155,1594.232537093197
984,734921,0.122,26.03564806540046,0.122,23.25587092538903,0.1215,21.32045961981576,0.1215,20.064131052329135,0.122,20.919543113124814
985,734921,0.20650000000000002,131.86866035754173,0.20550000000000002,142.86722606122362,0.197,145.0604966692263,0.1945,134.20278669952077,0.1895,89.71606520981973
986,734921,0.193,242.74089317855768,0.194,221.74320447518147,0.209,197.27664981104593,0.222,167.43320247462256,0.3775,109.83192384946473
987,734921,0.2195,93.8955164941763,0.2215,71.0807270293409,0.222,55.93883891984115,0.23800000000000002,45.1424952461981,0.23850000000000002,35.17299995267396
988,734921,0.4885,915.4972651661662,0.5105000000000001,1457.4478197962967,0.517,2178.081615098603,0.5395,3034.972023061437,0.771,3310.21094734861
989,734921,0.145,40.73266904353366,0.1445,37.18135818870239,0.14400000000000002,33.93291211572752,0.14400000000000002,30.750517185191715,0.1455,26.616437577828105
990,734921,0.153,42.9484830877453,0.14300000000000002,41.48878244013173,0.1405,40.29290935205213,0.1325,39.09378164375852,0.1285,36.64277281581963
991,734921,0.0965,24.46723846917526,0.0965,21.6008082024571,0.0965,19.938377527490825,0.0965,19.163729918196907,0.0995,20.333524252067182
992,734921,0.326,72.98820766079841,0.326,41.77706504243606,0.327,25.340537990667496,0.327,16.03494772356696,0.3835,9.453660815057537
993,734921,0.318,54.90278568468602,0.3415,84.16141122460719,0.3695,141.97137393067317,0.386,257.126884566529,0.40950000000000003,511.4406091404016
994,734921,0.1835,50.98188468412719,0.1845,58.24829034654205,0.1925,67.67272108737943,0.197,81.00427099293107,0.2085,117.46956162941372
995,734921,0.2445,341.1756065194177,0.2445,275.34048631616713,0.2445,229.62421945381038,0.2445,194.75167568717245,0.2525,146.33446914994914
996,734921,0.3745,6249.496796349582,0.377,4152.871827622907,0.377,2471.544707561658,0.376,1144.807372993994,0.3745,151.69284446625724
997,734921,0.0985,8.508445052185696,0.10350000000000001,8.6053442190218,0.1055,8.949016753105848,0.11900000000000001,9.68829907754014,0.14200000000000002,13.095737870605449
998,734921,0.23850000000000002,88.11023989550199,0.2505,113.72234004266868,0.2525,138.69241152070586,0.34800000000000003,156.2395547042955,0.367,139.47433076674835
999,734921,0.1975,71.58376659722904,0.20600000000000002,73.54999096221898,0.20600000000000002,76.25661635291709,0.219,81.3371111444135,0.301,117.665574329633
1000,734921,0.17300000000000001,40.454669843162314,0.17200000000000001,37.393892025617646,0.168,35.28686582885203,0.1375,33.85284398593336,0.136,32.767696084663875
1001,734921,0.23900000000000002,86.31921308775271,0.251,80.5172443902578,0.2535,75.0386026345742,0.2535,69.22672191897964,0.23900000000000002,58.760858537457196
1002,734921,0.20700000000000002,181.08962201409926,0.2245,208.71788602496613,0.227,267.9614507921271,0.2325,431.05968131845464,0.2675,1972.9783058943008
1003,734921,0.327,64.481199061635,0.3375,117.12671952859432,0.41600000000000004,304.5341597030741,0.4295,1159.508677091449,0.4905,16724.128174537815
1004,734921,0.927,364119.1034672204,0.978,5687143.014618289,0.9925,49301971.27181948,1.0005,223974628.35680455,0.984,176714788.44355938
1005,734921,0.342,94.19643766994518,0.357,65.5233735506981,0.419,45.82709794797858,0.4215,31.235010687461696,0.4395,16.15777440044908
1006,734921,0.20600000000000002,136.39044630036918,0.20600000000000002,151.89929127353108,0.20700000000000002,165.81438889890558,0.20800000000000002,177.16044656576656,0.21,176.27172428458704
1007,734921,0.223,138.21956377613293,0.2255,120.65324430165488,0.25,106.23609649353398,0.2505,97.65558926571592,0.278,109.70016354391984
1008,734921,0.2645,243.83746276846338,0.2625,239.80353530447923,0.2505,233.69393283008776,0.2505,226.80621524186063,0.245,213.6793399083514
1009,734921,0.40650000000000003,4102.915702923847,0.4055,2425.989190715822,0.398,1269.160950890538,0.364,539.2601855565557,0.28800000000000003,81.1081215072174
1010,734921,0.1775,41.73008239718525,0.17,32.762621170914066,0.17,27.1391479655021,0.17,22.934773287120777,0.1785,17.89618688284068
1011,734921,0.4205,25.03565636916425,0.3805,34.97326220033677,0.3795,50.732955944503175,0.34550000000000003,79.42809899880741,0.3425,210.868037499914
1012,734921,0.2255,60.286921896502854,0.2255,46.992449845103124,0.2255,38.56933699686827,0.226,33.062237492143396,0.2335,29.24835289645649
1013,734921,0.267,49.570262302697934,0.2695,59.18957591901292,0.324,74.00692222019534,0.3385,102.9584508635354,0.3575,324.0785436079828
1014,734921,0.242,186.9854081953631,0.2475,193.01279602772047,0.28250000000000003,201.50393702099717,0.28600000000000003,216.02813380616382,0.333,256.87415497513905
1015,734921,0.10250000000000001,52.09266189394331,0.11,52.08409108582886,0.1565,52.68036049699817,0.17,54.974535225578215,0.253,84.04931061155139
1016,734921,0.193,239.96949325757433,0.17400000000000002,226.48122438173021,0.171,208.75344465608023,0.159,183.9780072380324,0.157,123.65120503322888
1017,734921,0.1855,61.6367575355799,0.1855,58.34038338550294,0.1855,54.94990154009481,0.1855,51.11227242865243,0.1855,43.48092336851423
1018,734921,0.176,21.916992177400758,0.17550000000000002,22.136083710189997,0.17500000000000002,22.46019660565203,0.154,22.87113592136549,0.17550000000000002,23.77444494283537
1019,734921,0.1825,138.90790203998526,0.17450000000000002,97.53915665716767,0.17250000000000001,71.00755990944421,0.1635,52.02120640829468,0.1495,32.11577709827978
1020,734921,0.6985,62780.01964121537,0.636,57470.42127948025,0.5815,39109.97850191463,0.5655,18513.665390359027,0.3885,1791.0011185873595
1021,734921,0.5165,27087.587085431423,0.686,76498.5669559215,0.7155,165545.07679441076,0.757,255817.81906702634,0.834,99506.44652865053
1022,734921,0.41450000000000004,33.02957182637208,0.451,26.740181013447998,0.4565,23.553685506152593,0.465,24.319878186986504,0.47100000000000003,36.41804257823541
1023,734921,0.228,72.75994106536581,0.2275,72.21344766597187,0.1705,71.39350418499902,0.168,69.81574703969483,0.162,63.522111505092575
1024,734921,0.3405,32.39475376759492,0.3075,27.020771533301804,0.3035,23.244014996358338,0.276,20.79960120213145,0.2545,20.393040683010074
1025,734921,0.23550000000000001,177.8891433523513,0.232,169.0261391298778,0.2285,160.60242843748387,0.2285,150.9022605225794,0.224,125.30121142572406
1026,734921,0.2255,108.69199610270499,0.225,94.38435176781411,0.2235,86.33233220203122,0.222,85.06460036838634,0.1665,102.4787563550907
1027,734921,0.3955,137700.06505452772,0.3955,223874.77416334773,0.3945,285683.0107354555,0.394,260826.29914219954,0.342,53700.53965481616
1028,734921,0.1795,11.495939272025542,0.181,12.08070342880495,0.196,13.19530974811815,0.211,15.431916348789223,0.2745,28.44790668996608
1029,734921,0.2325,60.448903222063336,0.2325,57.0526326237756,0.2325,55.805696391095985,0.2325,56.292450394629746,0.2325,61.998717641427945
1030,734921,0.11900000000000001,25.185669905749492,0.1165,21.077366615335084,0.115,18.003483972747254,0.1135,15.528996066496186,0.1135,12.95981423257517
1031,734921,0.155,222.42252542841197,0.149,246.10408354369542,0.14200000000000002,265.9468232453673,0.136,278.0567293001227,0.133,249.1346594591395
1032,734921,0.402,271.39563237329776,0.385,232.56874245975763,0.381,221.42506760285676,0.34600000000000003,226.70510012579948,0.2275,233.81466742297266
1033,734921,0.076,10.803097569743107,0.081,11.297526614652657,0.1225,12.466419785836512,0.2285,15.574293895957862,0.2765,67.32433132403848
1034,734921,0.295,17.952513226731796,0.35100000000000003,23.631844651600066,0.3795,52.49589512682562,0.47650000000000003,398.63001164512826,0.6555,70116.73052804433
1035,734921,0.392,16108.809082573514,0.3925,34985.29429769481,0.3935,62009.19531166777,0.392,87617.32699873004,0.3825,63310.446819652825
1036,734921,0.6385000000000001,63810.26187140948,0.578,13435.62234015024,0.5375,2275.375087203687,0.52,339.7551359272621,0.3235,36.731782528246
1037,734921,0.17450000000000002,60.18083760104455,0.1765,67.26281343877586,0.178,75.03397816438822,0.1785,84.95000922738966,0.265,112.54447432446122
1038,734921,0.3895,58.165706456906214,0.3865,42.78993728682188,0.374,32.91567735875274,0.294,25.26313088655307,0.233,15.530983302850684
1039,734921,0.11750000000000001,14.628308775186433,0.1245,15.919546351182909,0.14250000000000002,18.057950614750425,0.1665,22.296070464673345,0.186,49.274297598227236
1040,734921,0.6945,282.5791806394669,0.6920000000000001,386.16684542532477,0.686,569.1765297136618,0.6485,897.5578463085398,0.41450000000000004,1750.396458122255
1041,734921,0.2925,83.72559345113172,0.292,83.061099319489,0.289,81.6358346919093,0.28350000000000003,83.43980271487833,0.28,132.03830835795802
1042,734921,0.1255,13.062935370085098,0.1985,13.55964120414902,0.248,15.317135296194603,0.322,20.161253036679163,0.3745,60.69591701054407
1043,734921,0.1955,19.92700741044396,0.1965,22.14689488256288,0.199,25.40010927298557,0.20450000000000002,30.972635241289833,0.21,58.10642446209585
1044,734921,0.244,108.47519380788782,0.2485,193.33438460437978,0.2525,360.8522719126249,0.2975,724.9898361233751,0.388,2329.456376395773
1045,734921,0.076,23.924340252687454,0.0765,19.790849490511807,0.0785,16.8511077642625,0.08650000000000001,14.637843413933645,0.115,12.769602062567182
1046,734921,0.6835,131.5418142820179,0.5995,53.90770930499753,0.3825,42.81379943760659,0.3255,37.09327651188785,0.162,29.617545700386064
1047,734921,0.1465,23.588504354750803,0.1565,37.976255861407886,0.16,67.53417718873243,0.1685,139.4480386123617,0.223,611.7858439867449
1048,734921,0.223,98.56041010275243,0.2235,130.92639928763947,0.2305,184.64879692871443,0.23900000000000002,291.69530165219845,0.2645,898.1947414660781
1049,734921,0.2755,1719.0310461554952,0.278,1709.4261339106606,0.28150000000000003,1596.7420386930019,0.28550000000000003,1336.763119035481,0.28750000000000003,667.2101176747414
1050,734921,0.34800000000000003,3091.8472895023233,0.34650000000000003,2129.721443975873,0.333,1317.71070074111,0.3065,719.984002804944,0.271,256.96552373629964
1051,734921,0.22,51.31768596797337,0.163,53.10477250711397,0.1615,55.245778740606674,0.14,58.231517331535684,0.097,67.62336999110097
1052,734921,0.185,120.35694616368085,0.185,107.15884727814574,0.1865,93.11953954086458,0.188,77.75791260380805,0.199,53.705822832607666
1053,734921,0.4025,695.4460206225843,0.2995,395.85805612430903,0.2755,230.7473040567252,0.17500000000000002,134.47910746816655,0.151,51.81460304464323
1054,734921,0.1585,133.5229481805275,0.1595,93.7649319055917,0.16,66.48176611633447,0.1615,46.92862019595043,0.165,31.503617929487827
1055,734921,0.1475,143.1198027843678,0.1475,132.90602620288195,0.147,122.66820427872844,0.146,110.60013414098613,0.146,83.36110389717295
1056,734921,0.749,233.89658934853017,0.6725,306.7986266210963,0.5835,404.09598299103646,0.5655,523.4141926285919,0.5455,576.4519021856046
1057,734921,0.1665,51.88656898989323,0.167,54.304489852085254,0.17350000000000002,57.59657317414378,0.1995,62.50697915688768,0.241,76.91974817005348
1058,734921,0.2125,36.21299050982709,0.1685,27.185354053198324,0.158,21.075416293232372,0.1555,16.49354949086042,0.14100000000000001,11.588437401415527
1059,734921,0.47900000000000004,39.381687651585075,0.481,42.301451544953565,0.4905,45.515524209265294,0.4905,49.0282133916284,0.47900000000000004,63.527189775168736
1060,734921,0.1295,318.89477827612336,0.1295,230.10207477786182,0.1295,159.0643429971871,0.1295,101.35982625570261,0.182,39.8248470726639
1061,734921,0.2955,76.11836770897077,0.191,72.26201098010978,0.191,68.27871473710867,0.191,63.96464161580293,0.1985,57.87944938200045
1062,734921,0.3615,2903.9737889227576,0.3615,4256.362329059701,0.3615,5355.510212987154,0.3605,5737.687314535184,0.307,3630.9335362973807
1063,734921,0.247,2330.1116703007224,0.25,1999.351316136786,0.251,1714.6971514856627,0.2755,1373.7875402780812,0.2885,574.5165273930799
1064,734921,0.2505,546.7655515021767,0.2505,391.6931370094855,0.2505,273.12108849500856,0.251,180.4545631215228,0.253,85.01960504725037
1065,734921,0.391,1029.1352601958995,0.391,1164.86892900024,0.3915,1251.8595647645047,0.3915,1200.8262554582432,0.3545,611.7695740714552
1066,734921,0.218,62.02421851977013,0.245,65.55040366046319,0.2485,68.76379102097358,0.277,71.88467507496037,0.2945,78.0963460387782
1067,734921,0.2435,13.165334569870888,0.1075,11.782713155669184,0.1075,10.87535098457962,0.217,10.276145482314082,0.20700000000000002,10.247432256238127
1068,734921,0.1375,21.965100091945143,0.134,22.111923360856743,0.0835,22.697193451206466,0.0745,23.697556421712253,0.098,26.102644309162613
1069,734921,0.2005,43.31443795369759,0.20600000000000002,59.72073570049519,0.211,85.57321729619385,0.23950000000000002,130.69794841559118,0.246,288.2644098391665
1070,734921,0.3755,176.33984004147067,0.406,170.964256856616,0.4895,162.49482536562243,0.491,149.5135963299034,0.4925,116.19312391018089
1071,734921,0.34400000000000003,191949.46081584846,0.3085,127209.06747045374,0.2945,67682.49802821621,0.28800000000000003,23447.117185567815,0.23650000000000002,776.2956111363634
1072,734921,0.3165,63.17028575750649,0.3175,58.08872798941068,0.319,53.402204061778605,0.421,48.90706753221304,0.4265,43.39841303435574
1073,734921,0.242,5512.191907072257,0.2445,10370.805917800473,0.2555,16783.073620951393,0.262,23237.354637272558,0.2885,21024.983018520976
1074,734921,0.3245,949.4395515949748,0.3315,1561.7276031619517,0.334,2247.465718729581,0.3355,2777.787694795744,0.3375,2414.1292680213182
1075,734921,0.1525,56.58422885473096,0.1525,75.2217648853909,0.153,103.21691052191444,0.154,152.22169966847454,0.1605,361.17632689534105
1076,734921,0.2625,290.07651177714666,0.2555,173.38128118363454,0.248,107.48993845009281,0.203,69.33427389582107,0.1865,40.30120903129525
1077,734921,0.17250000000000001,110.08608041660754,0.176,187.46474006474048,0.1795,418.7149688115081,0.2,1233.9581290117185,0.268,9069.926921128177
1078,734921,0.254,177.5012235372328,0.2655,240.96585320315612,0.386,317.3715868829912,0.387,408.8774068591514,0.387,537.431685519461
1079,734921,0.28600000000000003,67.43970280395693,0.424,50.18444138297998,0.4315,37.35017084285478,0.466,27.65834908570371,0.5335,25.159256461072136
1080,734921,0.2325,97.93494353087543,0.23,61.612786246777596,0.2185,44.67570408516987,0.2155,36.85273760909115,0.2125,36.85777926753147
1081,734921,0.146,97.93388362896611,0.146,81.05950907996719,0.146,67.02528560342523,0.146,54.564607109390074,0.146,38.84473453875325
1082,734921,0.2005,131.62104699559444,0.1935,156.74253339434065,0.1915,185.20592489508562,0.189,219.4374159661081,0.1815,277.7370385271448
1083,734921,0.2325,480.3623527023176,0.2215,389.1730389216197,0.2205,319.39915964601255,0.2205,259.6665469192164,0.212,167.53943274547282
1084,734921,0.198,113.20255296787722,0.3355,112.02307305555532,0.338,112.34462309572447,0.3435,115.90308354270218,0.385,142.21277975004125
1085,734921,0.14250000000000002,35.267438874787516,0.1635,34.58789762067752,0.21,34.47422925936124,0.2145,35.64920829236578,0.253,64.63840846800099
1086,734921,0.505,1492.3432813184486,0.5125,1070.640937878929,0.5145,778.1484879319099,0.5145,560.0889849923641,0.5005000000000001,286.3211418330557
1087,734921,0.593,949.7424795937605,0.537,949.6068220862217,0.5315,884.6802746121564,0.502,741.4561054833565,0.3715,378.7066282896793
1088,734921,0.5025000000000001,1782.5177720440859,0.5635,3656.9486257847657,0.746,7785.936726034128,0.8775000000000001,16967.380154121438,1.0305,37353.82498307579
1089,734921,0.117,417.80075196573307,0.1235,429.1983124310896,0.1365,447.33234159953696,0.154,479.095942457203,0.22,551.0534124360951
1090,734921,0.3265,1669.6006058854557,0.3215,1609.399929522078,0.3215,1385.5835190053222,0.319,1008.5249041854635,0.2925,334.1021587818497
1091,734921,0.178,235.0925650577841,0.177,180.4833906477958,0.168,139.83979475375304,0.168,106.79780406167058,0.163,67.24621224854722
1092,734921,0.302,178.12204385193033,0.2685,88.7277839062714,0.23700000000000002,50.51383734974701,0.2125,31.958300563207242,0.11850000000000001,19.11366076359805
1093,734921,0.268,486.83710949597975,0.264,266.93296433334734,0.2495,149.16733378625278,0.248,82.07724049931441,0.2195,33.98389304048913
1094,734921,0.1445,108.19462055998304,0.148,138.18453634679852,0.225,182.323576015179,0.41100000000000003,252.30873514216302,0.5625,439.1986233507927
1095,734921,0.376,1051.3091107016517,0.379,2616.8485345907357,0.41450000000000004,6761.305233021273,0.423,18413.549599157373,0.438,63882.73975343738
1096,734921,0.3605,35.42744929157461,0.3585,30.797590265456858,0.358,27.67477395174772,0.3545,25.484786053193012,0.1875,24.27643591745906
1097,734921,0.2635,163.84745980697983,0.262,157.1423565521105,0.2285,146.5828363128184,0.2275,130.470100902243,0.225,90.55987141986768
1098,734921,0.11850000000000001,14.43179779272245,0.11850000000000001,15.956825959742389,0.11850000000000001,18.08317663306604,0.11900000000000001,21.57497027027923,0.156,36.2113399496848
1099,734921,0.56,4137.205806635754,0.539,3096.783867763194,0.5225,2096.2166469292,0.5055000000000001,1317.6908845998012,0.431,641.630119907447
1100,734921,0.295,18.46502959393558,0.295,21.2018069208246,0.2955,25.75868668716939,0.297,35.350720409480274,0.298,111.94447118468055
1101,734921,0.393,10390.553039708382,0.374,13976.55238961135,0.373,14844.690022964794,0.34750000000000003,12094.523812216721,0.3095,5666.347501903378
1102,734921,0.6335000000000001,1797.2004348508674,0.5665,1410.6590797119093,0.47500000000000003,1013.2086797941234,0.3775,581.2600656388296,0.2235,132.1774456265376
1103,734921,0.189,140.02621995950676,0.189,93.14221481903614,0.189,60.9594351192889,0.1895,38.821498808625094,0.197,20.96219336806414
1104,734921,0.1375,8.336050219045013,0.14,8.720531682520765,0.14250000000000002,9.650650800154548,0.148,11.805469761051132,0.155,25.257382748667727
1105,734921,0.184,178.15516952794172,0.2115,214.65615987361804,0.217,264.7085125091861,0.2175,357.3243848026797,0.2195,953.7527289763462
1106,734921,0.1275,46.84704091274468,0.1275,48.127205039579614,0.13,49.60034452094151,0.149,51.6218904493555,0.20650000000000002,58.328249234059484
1107,734921,0.251,116.95977546496604,0.251,98.15380287445446,0.251,83.04371670526879,0.251,69.09850338411081,0.251,47.825608102042004
1108,734921,0.3355,139.3058458154067,0.323,109.11889825107075,0.28750000000000003,83.39841046129978,0.2305,60.361141636246955,0.1405,31.376510245823905
1109,734921,0.518,469.47353202507463,0.5205,441.0243227882644,0.554,388.15236447820325,0.62,357.85322812348267,0.525,379.06476477730513
1110,734921,0.251,232.8653541489888,0.2495,400.25092981090717,0.2495,692.4366974804723,0.2235,1250.8635755433932,0.213,3269.124951931684
1111,734921,0.219,244.87816433639665,0.219,298.8814370803622,0.219,339.7222972082634,0.219,363.5098330133452,0.2175,352.1159261966311
1112,734921,0.3905,480.17412738935684,0.39,268.71457522235113,0.379,162.58163055094687,0.378,110.00118265043129,0.359,80.03259412611654
1113,734921,0.4055,237.86886866515886,0.369,189.6910311349726,0.365,150.2736192470291,0.358,120.43628320836847,0.2175,72.90891196513253
1114,734921,0.3575,2034.9475798105034,0.3415,1725.0259986009753,0.341,1466.6647303041132,0.3405,1196.8606178053349,0.314,619.7850133589587
1115,734921,0.1625,58.334851231831585,0.156,52.30247114754663,0.1555,46.1457788538212,0.1545,39.360096514081306,0.1545,27.654920665188634
1116,734921,0.5725,64.59445004855252,0.577,74.0037282688485,0.609,85.56411521177334,0.616,99.72103352028553,0.6155,119.40988423868187
1117,734921,0.214,23.80175166167511,0.2195,36.45510288408915,0.23550000000000001,64.51125341104539,0.23950000000000002,151.4712224998703,0.5295,2173.7966197433607
1118,734921,0.242,109.38307085047437,0.28300000000000003,92.20989626197259,0.294,77.22159075114585,0.302,62.83808608050447,0.3405,44.0002999925374
1119,734921,0.1515,73.43203289070287,0.153,75.98731099909949,0.2105,78.32197633039564,0.2645,81.28849241817373,0.2935,94.85753867210398
1120,734921,0.1345,20.29720124823972,0.132,19.365987692259083,0.1305,18.863303494602295,0.1305,18.703699359873625,0.10250000000000001,19.697092449056235
1121,734921,0.147,16.34290786737712,0.149,22.076229148420232,0.17200000000000001,32.20122471250632,0.224,54.40003084043632,0.273,220.40932817210842
1122,734921,0.5775,37321664.22718565,0.6215,54887783.526941605,0.6405,49082062.71567144,0.617,23908497.971252486,0.5535,1287333.9753390583
1123,734921,0.5125,27.845934740288683,0.514,34.619419791585024,0.539,71.5754564883796,0.5485,229.05093716993284,0.5745,1694.9421392818592
1124,734921,0.5935,8401.45182127743,0.682,13830.237825904414,0.759,20992.840177692953,0.9855,29927.31070434842,1.1495,29440.264315028187
1125,734921,0.20400000000000001,84.22696195633587,0.1375,80.10515857747143,0.137,77.4156163221245,0.1365,75.8730366814582,0.1365,75.45442259438082
1126,734921,0.316,388.5661925690073,0.3145,404.4763343029024,0.3135,382.420791471809,0.2965,324.69711482395695,0.2635,193.96467435087703
1127,734921,0.2645,143.06898580313648,0.2725,153.9177323964202,0.279,161.48975709821775,0.3525,165.66005980132957,0.3945,167.28072458284683
1128,734921,0.429,23.36166649238118,0.434,26.724103546834915,0.4495,40.4673404859296,0.458,91.1011428901391,0.5225,328.27914813950593
1129,734921,0.17,165.77967206266973,0.17350000000000002,181.56215067202214,0.221,194.8030410641652,0.23950000000000002,203.25898086198694,0.2595,188.52721417188133
1130,734921,0.178,96.39853567743842,0.157,76.24567447676584,0.13,61.36618358974595,0.128,49.334346540932266,0.1295,34.20701915786235
1131,734921,0.082,52.26467022240306,0.092,66.56412810519062,0.0945,86.87920344184238,0.0965,119.81553272029404,0.14150000000000001,227.09152178243514
1132,734921,0.106,22.364988743545656,0.106,21.80173416542708,0.106,21.775915920106833,0.106,22.314145023570315,0.1535,24.98373957851053
1133,734921,0.223,58.516527532538824,0.279,89.41128900990039,0.28650000000000003,160.91711065557308,0.3055,369.4680369261161,0.4975,3572.4150884475725
1134,734921,0.493,118.55485188547057,0.517,134.90296164015143,0.5285,160.46933775862033,0.589,219.18832549422729,0.704,610.5956836083546
1135,734921,0.1115,9.866830012813068,0.117,10.068442219625846,0.11900000000000001,10.574898108170217,0.136,11.511917276578243,0.2435,15.032718432024149
1136,734921,0.5635,4030.9668247510835,0.5630000000000001,4692.98061959028,0.562,5698.228601541259,0.561,7459.923126208259,0.4935,11022.833677237933
1137,734921,0.162,95.4358260233623,0.1605,78.68348213859011,0.1525,64.60055487692621,0.1465,52.202328995567534,0.1225,37.47692526237261
1138,734921,0.3755,398.5478531095915,0.4425,522.5679160621528,0.5115000000000001,674.8444571301587,0.527,873.4034744354436,0.5855,1315.9709173012725
1139,734921,0.2635,225.45744385817974,0.2785,175.4023419199437,0.28400000000000003,134.31189478594152,0.28650000000000003,97.90449906261544,0.28700000000000003,50.03555724356244
1140,734921,0.361,932.4002780671879,0.375,1025.581579249318,0.396,1053.8023118742624,0.396,1035.2446839762179,0.34750000000000003,924.8871774571886
1141,734921,0.3385,60.19253382215556,0.3615,69.42660698952629,0.41050000000000003,85.1350209765488,0.4185,142.163687823588,0.8985,25730.345425125426
1142,734921,0.33,102.88401829246865,0.33,86.2625842490563,0.323,72.31824147259293,0.323,60.22000044199446,0.258,47.063051419482726
1143,734921,0.2325,88.80832242094331,0.2315,75.59534066157383,0.231,64.05604822960024,0.231,53.45810818960154,0.23,39.373075424913026
1144,734921,0.23900000000000002,61.675181230112365,0.259,68.85553757466177,0.28550000000000003,79.03262250919484,0.2885,95.33007429110256,0.3685,185.75418474383358
1145,734921,0.377,126.32806480316776,0.374,107.85199443612998,0.3735,97.23273387732577,0.373,92.12450164700266,0.28600000000000003,92.83613365010898
1146,734921,0.1765,19.73046926588673,0.251,31.11485148034371,0.2595,59.01351675032026,0.2935,165.737379860727,0.3735,4890.026307705631
1147,734921,0.639,17149.274995857228,0.6345000000000001,10556.581433613641,0.626,4282.084699780834,0.47100000000000003,1028.6290666499663,0.358,95.80837628882333
1148,734921,0.217,4004.924446704588,0.216,3400.67857306123,0.2155,2703.3926431542473,0.215,1876.469606027379,0.215,561.6643938241605
1149,734921,0.298,715.8838938023179,0.3035,1101.9822846024217,0.312,1623.5101453133602,0.321,2294.2276786104444,0.3555,2995.294415385339
1150,734921,0.2455,5120.693107224862,0.2455,5897.980127728326,0.2455,5729.031976379032,0.2455,4421.255993934772,0.23750000000000002,1230.0622632617633
1151,734921,0.28400000000000003,155.06888424377811,0.2555,97.478553628674,0.2115,68.76743446912283,0.1685,48.84228010565478,0.116,25.0167279566813
1152,734921,0.2025,159.93697560977787,0.20350000000000001,126.10567409811193,0.20500000000000002,100.03461256599272,0.34650000000000003,79.2901683621917,0.341,61.85881928742107
1153,734921,0.47650000000000003,1444.813811933764,0.47650000000000003,3980.6952282898424,0.46900000000000003,9707.714529590876,0.4355,20502.844129659064,0.4205,26793.578808186237
1154,734921,0.168,23.871086498182795,0.113,21.341634297709966,0.1095,19.22109493579812,0.113,17.39700542348393,0.148,16.449039616580933
1155,734921,0.2495,1765.2925561783052,0.2695,2236.9576575873944,0.3,2722.787211079662,0.3115,3215.779842405145,0.3895,3437.5550759713624
1156,734921,0.2305,945.0633969263451,0.2455,970.2175089172599,0.255,981.5717627938446,0.2555,956.1637433948009,0.276,797.7862376284046
1157,734921,0.249,53.08359085633128,0.2455,45.53178344309523,0.23950000000000002,42.36709426200279,0.18,42.57575807212417,0.1765,54.21155491557469
1158,734921,0.20600000000000002,87.52639969277186,0.20800000000000002,86.59173253849892,0.2125,85.28641070791092,0.221,83.46326425703457,0.43,79.00099447198858
1159,734921,0.375,106.24038951262442,0.375,106.24585235427584,0.375,107.44398820612619,0.375,110.96604012435422,0.3725,128.0692263473605
1160,734921,0.245,61.987696551479395,0.2435,30.55901172856462,0.223,18.089299936046597,0.2115,12.536015297419283,0.17400000000000002,8.949974135551676
1161,734921,0.1595,21.98821544518227,0.156,20.997926482764807,0.14,20.285179535769494,0.1295,19.68478301886458,0.0835,19.099692132005075
1162,734921,0.28300000000000003,2397.333004922294,0.293,2668.5130320115295,0.4675,2756.242805437032,0.606,2689.478066160019,0.7105,2592.8765333172473
1163,734921,0.594,12527.275200876926,0.507,9971.814873549227,0.4995,8043.610311199215,0.4305,5419.712221956763,0.3365,1412.948705791023
1164,734921,0.108,9.202273554280058,0.108,9.09656650185109,0.108,9.282978397128932,0.108,9.930851673987553,0.1095,13.954958821885546
1165,734921,0.5755,106374.94073993799,0.613,166273.54857917828,0.6245,194990.859340962,0.7025,157768.78433098455,0.844,25284.42049018412
1166,734921,0.34450000000000003,340.8236194955601,0.34900000000000003,419.23644378307836,0.34950000000000003,454.9816731132868,0.3605,424.69692021540305,0.3625,253.18177670868192
1167,734921,0.599,15025.135063797576,0.599,48997.63760377354,0.592,132011.39902305175,0.584,253080.12464219873,0.47200000000000003,112220.9302532296
1168,734921,0.3685,183.87940039389,0.4205,241.12411171478996,0.47000000000000003,372.5633074508084,0.481,780.8397660057568,0.506,3628.4832671737436
1169,734921,0.254,85.70708906729453,0.2885,172.01251741972015,0.3725,409.20372894002713,0.3865,1183.4408437055608,0.4905,6792.325417845075
1170,734921,0.253,262.10365105260774,0.253,194.82618232840235,0.2525,144.86054396694823,0.2525,105.07865952603765,0.23800000000000002,57.00179243066357
1171,734921,0.5735,41651.45071116237,0.6,72744.1018582096,0.609,93895.25167977977,0.64,82948.92746946958,0.873,15252.059681658557
1172,734921,0.2005,34.27901770334729,0.20400000000000001,43.140269124778506,0.20450000000000002,56.10868910901914,0.2325,77.80333645796541,0.326,158.99456117023465
1173,734921,0.3435,203.98728142279884,0.3525,191.6576086328973,0.3625,178.906091555714,0.3685,172.53033484586302,0.40800000000000003,609.2378068959014
1174,734921,0.3655,172.94317377964845,0.3655,203.97699256665817,0.3655,229.0384164407955,0.3655,238.67170950143583,0.3645,174.45895673467027
1175,734921,0.2295,314.36678387740244,0.228,238.16704230490527,0.227,173.8656482310583,0.223,117.59831707156611,0.216,50.223818049748616
1176,734921,0.35100000000000003,333.38004965779595,0.434,415.2171578101028,0.4405,499.48129162774586,0.485,596.5964273456732,0.5015000000000001,1851.4445336437564
1177,734921,0.4355,318.55170510498954,0.4385,280.1233967642805,0.48,235.34946077356634,0.5650000000000001,181.50734015207243,0.5730000000000001,92.11417182482597
1178,734921,0.27,871.6747106886897,0.27,883.3830641833438,0.2485,854.8183025883865,0.2475,764.8845396770005,0.243,414.9579674126276
1179,734921,0.311,157.68692190344228,0.3065,118.85912871849023,0.2105,92.06560840759528,0.2025,71.66151807213103,0.197,48.67225447697567
1180,734921,0.156,275.925760951235,0.156,198.63943514750554,0.156,138.7750160294242,0.1565,89.73080256815649,0.169,34.94933091638127
1181,734921,0.315,526.2064319928104,0.427,403.3853096212822,0.4565,315.4793836358665,0.47900000000000004,265.90685433317145,0.4885,218.9692436898824
1182,734921,0.395,53.33882732573387,0.4005,50.525739361736875,0.403,47.59173718272517,0.4275,44.17063557019607,0.47600000000000003,37.6959557030446
1183,734921,0.163,21.833179765191062,0.164,24.18268699602644,0.165,27.823318004476295,0.1655,34.66812745977976,0.17450000000000002,74.9373134874753
1184,734921,0.246,13.613754250843465,0.246,13.65174281436129,0.246,14.148940238581053,0.25,15.519551596371782,0.25,24.149287731584312
1185,734921,0.246,22.272879437028433,0.23800000000000002,18.13497941995521,0.14300000000000002,15.749112832402833,0.1365,14.319121639599961,0.123,13.792954835585633
1186,734921,0.198,70.28054514778762,0.196,51.930615772094235,0.193,38.57017832995393,0.1805,27.878556070967093,0.1765,15.241249227664392
1187,734921,0.3125,827.5495879418959,0.328,1202.5750825451826,0.34650000000000003,1643.1443568839,0.34800000000000003,2115.479653069997,0.3715,2347.3016876745587
1188,734921,0.1675,9.843094688581383,0.168,9.604651071218939,0.191,9.62426114095815,0.203,10.075419932397846,0.232,18.739354728439544
1189,734921,0.41300000000000003,466.869438165878,0.41250000000000003,370.6454254478916,0.3985,300.4540161627261,0.378,251.42799642933974,0.304,203.31664676187316
1190,734921,0.198,69.17707404432706,0.198,69.16614635695987,0.198,66.27457062309051,0.1975,60.05170319551764,0.1915,46.327192076608775
1191,734921,0.337,452.92220909382644,0.337,171.48461353908354,0.337,76.55173020239626,0.337,40.61943889783004,0.302,22.548389120201833
1192,734921,0.319,114.49394132363553,0.3175,100.82869725304047,0.317,89.41498792969867,0.226,77.81947731087863,0.209,55.220236577065116
1193,734921,0.278,1991.8694731823243,0.278,1338.5705039098,0.2725,837.1812053577121,0.272,491.470556129759,0.251,232.6888729199465
1194,734921,0.1915,96.67393999062064,0.1865,89.7360485227824,0.182,82.32195309239819,0.178,74.1446035160333,0.1765,61.29256815305543
1195,734921,0.445,441.8023988511299,0.4505,256.04749861732233,0.47950000000000004,149.47083233454347,0.4805,92.73364950902881,0.491,55.81733961528543
1196,734921,0.1515,207.3630294636191,0.1515,282.5967519718256,0.1535,378.1744059194964,0.154,503.17388800917945,0.17400000000000002,715.7818118283914
1197,734921,0.3165,24.356853450861106,0.324,29.038657760014445,0.3285,36.71609312683197,0.34450000000000003,56.75900329027114,0.509,408.464555768369
1198,734921,0.3035,157.2398716682093,0.315,321.49124573397444,0.327,848.7893621605081,0.37,3038.783901618368,0.375,37178.67377530467
1199,734921,0.511,531.6379629829438,0.5125,493.04313502701666,0.5125,424.54878582659825,0.5105000000000001,320.56522822442366,0.4915,146.13441451756077
1200,734921,0.333,17.603969950876284,0.34700000000000003,16.374883892219284,0.34700000000000003,15.463037325157568,0.34800000000000003,14.893392820115283,0.392,16.159833696414328
1201,734921,0.199,7.042426110413762,0.193,6.292898057682117,0.192,5.767567560843144,0.192,5.40134110628804,0.1925,5.366381607931201
1202,734921,0.2885,55.57693306862498,0.28800000000000003,40.852560919889534,0.178,30.630185647368233,0.17250000000000001,23.019128445901398,0.158,15.152108052752636
1203,734921,0.1215,25.537778278680275,0.122,26.707250416262838,0.1275,28.93198314365338,0.1285,33.08805061850317,0.179,50.131784354702276
1204,734921,0.5445,576.5059784534812,0.542,368.18895539668057,0.419,262.0311102674942,0.4015,193.4814738169642,0.1985,102.11254666861731
1205,734921,0.4595,392.66851989325613,0.464,348.25508038940046,0.47200000000000003,292.05630342459153,0.47250000000000003,222.89586913540538,0.47250000000000003,101.0757026751278
1206,734921,0.5165,1786.2936398438537,0.5725,1957.9089917585857,0.5740000000000001,2628.1875553141613,0.5740000000000001,3928.138107626004,0.5705,2869.2075380609162
1207,734921,0.3915,103.19435004171729,0.3925,118.68269303582832,0.3925,124.19222184978345,0.3925,108.21940865480737,0.389,50.43879905326985
1208,734921,0.5,81.7715621400967,0.4995,69.32981001555608,0.4925,61.166009718174166,0.49,53.882695576315065,0.196,39.969707191360314
1209,734921,0.2885,74.50146050616313,0.3115,127.68842174097287,0.3215,222.90724106758125,0.3315,423.09584776744333,0.5395,1487.7187714809045
1210,734921,0.314,375.03294763935276,0.313,291.42852295322314,0.2995,249.88223665310534,0.2995,225.19758096958336,0.183,208.05588161722685
1211,734921,0.62,183.98024278555488,0.6485,645.4466791032769,0.678,2273.08435986753,0.6950000000000001,9549.377161672066,0.705,296985.3056590055
1212,734921,0.3,33.439272056293234,0.3,34.6533718713751,0.2995,36.585674940050104,0.299,39.95175462609873,0.276,56.69714581595691
1213,734921,0.352,21.50226771634061,0.354,19.39083776183227,0.354,17.824769691464866,0.3545,16.985281819099136,0.3625,20.902847096475636
1214,734921,0.726,10159.862423180584,0.7075,1940.3288040992206,0.4915,407.68228421179896,0.428,174.62001787093973,0.257,113.00186529577537
1215,734921,0.2175,881.3939170333131,0.217,725.8786648589737,0.217,566.3964736426536,0.217,396.2450915513255,0.1805,151.6719430668664
1216,734921,0.398,97352.2580799702,0.3875,41743.41278662245,0.324,14638.624345714716,0.2565,3679.370854964016,0.23750000000000002,178.82145471303795
1217,734921,0.9995,34514.33767514949,1.124,222242.67951592675,1.1425,1108096.6260300064,1.145,4578823.033720078,0.9825,11017195.22366849
1218,734921,0.58,536.717092654419,0.6185,738.4934827527977,0.734,986.0116980836237,0.7435,1237.5089375845778,0.801,3300.915316463116
1219,734921,0.113,36.37659106128058,0.111,42.07546599165226,0.111,49.5390809602074,0.111,60.518703873127244,0.121,93.73517826969193
1220,734921,0.3335,580.4066206093181,0.3335,508.2980435801661,0.333,407.19435894049326,0.319,285.9992194080111,0.26,108.26104713744442
1221,734921,0.2985,163.487045726802,0.354,130.39351261429795,0.4315,107.09585237682226,0.444,93.14076350114496,0.4465,138.52617332071503
1222,734921,0.186,26.416547256383847,0.1875,28.3346052265332,0.19,30.991938110785153,0.2605,35.06738974028586,0.2685,48.456872587983334
1223,734921,0.2545,47.38404759941101,0.254,35.09489725684768,0.254,28.12229285213323,0.2465,24.286151572576767,0.253,24.89090852201351
1224,734921,0.34700000000000003,30.30355186756023,0.34550000000000003,48.776646246010095,0.3165,94.49290024655399,0.297,233.0611212212501,0.2805,1559.756226825082
1225,734921,0.34500000000000003,567.010434400044,0.3405,410.2193203092426,0.305,283.92186565324823,0.2985,179.3743736521823,0.254,68.30692956448877
1226,734921,0.2115,2288.649413290153,0.196,594.8109568741752,0.1875,153.92008844276356,0.156,39.765554520427045,0.14400000000000002,9.466402240653391
1227,734921,0.3615,96.06363660644675,0.3655,87.69319132712323,0.3655,80.26370183832583,0.3675,72.69863628650648,0.368,57.866296778065625
1228,734921,0.199,839.4476463304129,0.197,468.6027463741792,0.193,273.8691101020639,0.183,164.86266387005503,0.17550000000000002,78.16987870550055
1229,734921,0.121,53.68288070553835,0.131,44.410320283098734,0.135,36.73447104745409,0.1785,29.90987296191296,0.234,21.217010892452237
1230,734921,0.33,61.92269207438993,0.4275,69.74364837305514,0.451,82.5379261370779,0.461,109.8828885747908,0.4685,278.73649767933045
1231,734921,0.2675,583.168742795228,0.311,460.6117881030928,0.3125,352.2629509015269,0.318,260.23005136377304,0.319,141.4944260933069
1232,734921,0.431,170.17983729526068,0.431,165.24560540557172,0.4035,168.97289579311865,0.339,178.70010914022993,0.2085,196.68748952555788
1233,734921,0.1645,44.26184827072364,0.1665,38.893919923134746,0.169,34.84563042039843,0.171,31.884356869367735,0.1945,30.682797324871053
1234,734921,0.5015000000000001,967.7271716577123,0.505,617.2659295099737,0.518,438.33950476626916,0.5435,412.68946494065307,0.6645,309.79488433565507
1235,734921,0.41250000000000003,95.70778857040114,0.41250000000000003,109.18341658890184,0.41250000000000003,142.19675957338964,0.41250000000000003,202.97904277881176,0.3665,314.862867642489
1236,734921,0.212,299.21444830242757,0.2135,248.4660216566084,0.2165,201.44254607202134,0.221,155.57718379683496,0.2695,92.18848761881861
1237,734921,0.3195,4206.7945225420035,0.3125,2582.5781947500795,0.296,1757.2835954402624,0.2935,1301.611769953816,0.276,770.1967075828644
1238,734921,0.297,102.77411133378557,0.2945,68.28255699653015,0.2905,45.969049071765916,0.257,30.627316547113324,0.221,18.096472012344773
1239,734921,0.319,614.4820421884402,0.319,515.4093743004819,0.3185,422.50641315128104,0.318,334.7776393965461,0.315,209.25027891526594
1240,734921,0.249,26.97113302893678,0.2485,29.351406843111615,0.245,32.28486399393625,0.245,36.484147265504994,0.2165,51.159629453746
1241,734921,0.26,74.39739307915085,0.2595,49.30806810125691,0.2475,35.14296978005972,0.2235,26.57114565213513,0.2025,20.27283399172198
1242,734921,0.306,427.69027374383614,0.3755,968.5825053692882,0.393,2182.8633543494298,0.594,5446.166875854319,0.782,29813.271749436295
1243,734921,0.28400000000000003,386.9802490153755,0.28400000000000003,356.82222627333636,0.28300000000000003,314.952994549141,0.275,258.5864734852126,0.23750000000000002,142.57763934396456
1244,734921,0.1555,100.75381844698883,0.1315,61.45738247432098,0.11750000000000001,39.628384637346514,0.11,26.483653972686636,0.094,16.08281923201245
1245,734921,0.7235,20043.906824695256,0.7425,17597.926105429662,0.7675000000000001,11470.754494209443,0.773,5233.9352984590105,0.7655000000000001,2318.8061155178757
1246,734921,0.2675,48.56334915865077,0.2675,46.66949174641698,0.2675,44.90403489472346,0.2675,43.269500739602925,0.29,42.9192819422378
1247,734921,0.637,1507.5080244828089,0.5675,576.6014204981749,0.552,177.1060775225664,0.503,48.10091363445865,0.3585,17.26859952556146
1248,734921,0.2185,402.27055823194604,0.198,649.5413476451225,0.1945,1067.3261699995087,0.1905,1839.92645320954,0.1675,4414.561992337376
1249,734921,0.6835,9585.806141087245,0.6265000000000001,13054.22272739991,0.611,15486.094753537549,0.41350000000000003,14579.494810953192,0.2755,4869.7168202475195
1250,734921,0.1105,33.31898505648918,0.1055,28.19465952903185,0.08600000000000001,24.47177034111122,0.0855,21.440930260237874,0.0855,17.713443821529314
1251,734921,0.1685,176.91564691165493,0.1905,259.0767797337655,0.245,378.088595250052,0.263,567.1558542816189,0.296,1321.2456095860866
1252,734921,0.094,55.70967526382611,0.11950000000000001,77.0989158933483,0.152,109.6488704294348,0.1675,165.28674774196801,0.212,366.40922459883757
1253,734921,0.17300000000000001,4.118247108952907,0.1465,3.883504628295521,0.1455,3.8271391448988825,0.145,4.010072474773175,0.1455,5.9731444131875895
1254,734921,0.502,808.2033134061996,0.5375,1940.1760593288107,0.5685,4744.274540391901,0.597,13745.099958743594,0.6955,112474.23100453283
1255,734921,0.624,255.0230695580724,0.663,217.18944586882986,0.678,179.317564623179,0.7010000000000001,137.85226475288107,0.6805,68.54924008572893
1256,734921,0.4225,34683.26370692049,0.39,4446.02425004043,0.29,640.9762077178735,0.227,136.65676507716452,0.17,27.370571151152532
1257,734921,0.377,43.606299226936905,0.3795,61.954304029647886,0.3865,89.56074482759563,0.3885,135.3195480155514,0.389,285.07837710425525
1258,734921,0.4295,234.8625670602428,0.425,160.2135679180858,0.405,107.37760554514168,0.3825,68.3870778942205,0.35100000000000003,29.163340765772002
1259,734921,0.1945,45.11181875559713,0.1945,50.613280193591415,0.2,58.8285310584117,0.20550000000000002,73.32323942418961,0.23800000000000002,141.68418627133778
1260,734921,0.972,2648.112547857314,0.9480000000000001,377.49737589292084,0.841,39.05895771531714,0.3855,26.141198289222086,0.231,41.325080568126644
1261,734921,0.216,30.341946042798455,0.1655,29.56107551082298,0.159,29.09176376677994,0.157,28.914382804131563,0.155,30.15352911863545
1262,734921,0.2665,484.03797829302465,0.269,322.7458561995162,0.269,196.1807532932913,0.2725,103.0677828364677,0.2725,27.64498914020192
1263,734921,0.358,1016.2002224503005,0.357,1914.4543375461856,0.356,3616.863630659644,0.35150000000000003,7212.814614984443,0.321,16569.32845977938
1264,734921,0.394,27.18769916297085,0.394,22.31115139601786,0.3935,18.80256204054256,0.3935,15.960875036617844,0.35050000000000003,12.547340660192736
1265,734921,0.163,195.20924736832777,0.164,229.5534498259007,0.1875,268.9424718779074,0.194,314.9070959948401,0.20800000000000002,373.7908198032993
1266,734921,0.422,5073.854484219916,0.557,12917.989679139402,0.784,38705.83074079079,0.9375,159098.38890056853,0.9725,3670797.723077378
1267,734921,0.358,893.5736604842145,0.3565,768.6370403955734,0.3555,691.9068771611603,0.355,769.40503428683,0.294,1163.622561967392
1268,734921,0.365,1526.8641662098385,0.3655,1237.8992694397866,0.3665,905.2555536126032,0.3665,577.6668562936838,0.3145,217.18496668114133
1269,734921,0.2445,1156.660597329939,0.2455,1889.6376305403996,0.2465,2657.116623369036,0.3565,3057.940038105677,0.357,1488.9561233205422
1270,734921,0.35000000000000003,18.237206693298504,0.3355,15.166912303642512,0.3295,13.188821984807749,0.2085,11.850970488612617,0.197,11.273447611344594
1271,734921,0.3235,109.91053719539457,0.2975,105.79009307867344,0.2915,118.3307399411259,0.2665,158.30594661081156,0.2215,347.71931996801214
1272,734921,1.184,6462.773908294128,1.1605,3434.164222063106,1.09,1689.771906321821,0.974,725.9718354211749,0.6655,122.40399695318597
1273,734921,0.1385,75.16697348271752,0.148,85.47430860154138,0.1545,98.72285305229798,0.157,118.0292658695026,0.168,178.11013223333845
1274,734921,0.36,655.0220511923171,0.367,743.2215952097729,0.381,853.4769358426811,0.39,1017.9889932050207,0.3855,1442.762716385532
1275,734921,0.249,10.766323982821715,0.2545,9.981932407368783,0.2555,9.683238471180994,0.2705,10.12887252376046,0.3985,19.453480472352933
1276,734921,0.1095,36.01662723142466,0.1095,33.11853423603754,0.114,30.136206453827416,0.28750000000000003,26.893429932233776,0.323,22.11273113622858
1277,734921,0.3295,282.0570890544946,0.34850000000000003,292.3709470880539,0.35050000000000003,271.23453473854744,0.35100000000000003,218.65720511594634,0.362,123.48447963308392
1278,734921,0.1255,674.8577357808026,0.1245,546.344600216339,0.1245,424.08852153350654,0.11750000000000001,305.496128113601,0.11750000000000001,149.9832491827808
1279,734921,0.294,915.4694524306236,0.2945,1362.680908622646,0.2955,1899.3018127692053,0.296,2481.500791666643,0.2655,2668.311771433858
1280,734921,0.40850000000000003,569.3134088256156,0.4185,709.6927683315454,0.441,794.106636520068,0.4655,702.0233183709531,0.4635,233.54261813055865
1281,734921,0.221,804.9767852234766,0.222,1323.7400502440169,0.223,2059.504372958822,0.23600000000000002,3033.563031024711,0.2405,4009.7407915363133
1282,734921,0.5225,3021.976598292714,0.41550000000000004,1101.111735389135,0.41250000000000003,276.48800109390555,0.3565,45.441660048611425,0.3165,11.81811607251242
1283,734921,0.1225,11.274215277370837,0.125,11.817695376547153,0.128,12.747526621825578,0.1445,14.394583384073098,0.28250000000000003,21.4420298633291
1284,734921,0.5605,7901.277347954383,0.5605,4185.6710893759755,0.5595,1941.534136540115,0.5485,852.9692649381911,0.5305,237.55921652557566
1285,734921,0.5795,5978.425259524547,0.6185,5926.0633651297785,0.8015,5330.673648863407,0.885,3989.2016346436876,0.8905000000000001,1227.4465616264783
1286,734921,0.23450000000000001,18.126857132604954,0.23550000000000001,23.339340887996123,0.23700000000000002,31.838719359915583,0.244,47.34791852699965,0.28,109.38589575613366
1287,734921,0.226,210.97231875617882,0.232,185.40930112808033,0.233,162.9722829507928,0.2425,139.27102464401815,0.2565,94.50165025636863
1288,734921,0.384,25482.910952759332,0.384,20259.969209281524,0.384,12866.734032045248,0.3835,5984.341368727054,0.337,684.074765981394
1289,734921,1.1305,1590409.9591441303,1.096,382568.44745476363,1.0015,96422.61804384667,0.7295,21653.01885360005,0.2625,671.5628583719414
1290,734921,0.362,31.561123790428383,0.397,30.0324827769778,0.4025,30.814617695184086,0.4025,38.015178672337036,0.433,101.13679262836605
1291,734921,0.14350000000000002,317.14175297404785,0.14200000000000002,239.16322165791067,0.14150000000000001,171.8243821053269,0.14150000000000001,111.91283065989833,0.1465,40.775562372211596
1292,734921,0.23,127.14810721914841,0.2105,116.53906379727194,0.20650000000000002,105.35164136029867,0.198,93.42770071575485,0.192,76.08736698893138
1293,734921,0.1285,23.494750143030664,0.127,23.097825365239263,0.127,23.323575287023075,0.127,24.253980021644967,0.14100000000000001,28.610384850547685
1294,734921,0.3305,935.1380031018122,0.457,2012.9207457743157,0.484,4167.568661972236,0.533,8603.500336890716,0.6455,22742.619313903964
1295,734921,0.1375,25.335601524830356,0.1375,21.350785031015178,0.1375,19.250863913059053,0.1375,18.65801529370323,0.1395,22.818796815284088
1296,734921,0.1715,41.521857295105505,0.1445,32.147819201614205,0.129,29.838150592753514,0.11850000000000001,30.13499159527606,0.105,33.9754857304166
1297,734921,0.315,39.61425223850807,0.313,40.21555126210817,0.313,40.97188805045251,0.2995,42.29246671596147,0.2895,48.912755346089234
1298,734921,0.151,211.04100207598154,0.1575,222.45589817573094,0.1785,237.74616955572372,0.2015,258.9460581750561,0.2605,357.58863553323147
1299,734921,0.4435,1395696.902845499,0.457,1255305.4482068727,0.457,734750.7669842606,0.4435,232446.12392320007,0.3715,4452.2758586545315
1300,734921,0.4415,4011.9448885625766,0.4655,3763.5977114334846,0.4685,3355.2581126460896,0.47100000000000003,2771.2696475547427,0.47100000000000003,1337.203682224598
1301,734921,0.28400000000000003,115.62204686584273,0.298,109.2707338631785,0.3,104.15739289728934,0.301,96.67509879906656,0.34900000000000003,67.14804670808442
1302,734921,0.461,31.099172965230988,0.289,29.91824687525868,0.28700000000000003,33.63907488347047,0.2565,41.67711025545817,0.213,73.33058031960454
1303,734921,0.28450000000000003,512.8834665941681,0.28300000000000003,378.1175126744685,0.2695,262.1321964474384,0.265,163.3656338261894,0.183,56.008368465573064
1304,734921,0.1655,97.42989280631153,0.178,123.62725639573273,0.186,162.65402115673584,0.2655,232.73985982654534,0.2635,531.4923633299707
1305,734921,0.41300000000000003,86.11744747684739,0.397,55.895959932550035,0.3945,35.27681928952327,0.3925,22.436829684208526,0.353,15.4614071394641
1306,734921,0.355,1021.0095048999515,0.354,727.0990298335523,0.34900000000000003,452.9728725715915,0.321,240.62836089446327,0.2605,79.68040533507322
1307,734921,0.127,97.08744367218601,0.187,73.11584955208902,0.2125,54.39633915100873,0.2185,39.053225929154195,0.28800000000000003,39.811782914572376
1308,734921,0.41350000000000003,79.51469828005254,0.3175,38.275839527503315,0.2985,29.73597080112437,0.2745,26.13712330421647,0.1405,22.568269422349076
1309,734921,0.11800000000000001,177.29970799118752,0.131,340.08848222295467,0.14100000000000001,653.8886139341506,0.158,1309.047099208071,0.2595,3994.0302001989176
1310,734921,0.244,256.041215124251,0.273,460.5313921562949,0.2755,840.7758906881892,0.276,1582.9533563802365,0.289,4259.179634636663
1311,734921,0.23650000000000002,395.77064981213056,0.253,570.592282941551,0.291,968.968417035858,0.3085,1816.6197518543256,0.335,3934.595651703833
1312,734921,0.158,19.670760026378115,0.1605,19.539153169750584,0.166,21.551222958544486,0.2165,28.683340261363977,0.2565,92.90376198494091
1313,734921,0.1095,5.001978996451571,0.108,4.878734685445045,0.108,4.903185649704727,0.108,5.154808917691484,0.115,7.173529696289672
1314,734921,0.454,1444.8938073814425,0.46,1395.0719855845728,0.47350000000000003,1229.3414967969418,0.4825,997.7755298061239,0.47100000000000003,691.8966521100604
1315,734921,0.196,24.8492651336232,0.196,27.224986771584646,0.196,30.961077820064354,0.196,37.3831683337838,0.21,61.603946026179
1316,734921,0.202,160.80976453398085,0.20450000000000002,156.09811808653782,0.22,147.9512070786663,0.2215,135.69892207422566,0.242,107.42030388814871
1317,734921,0.17350000000000002,88.94338130712832,0.177,106.24629428770804,0.1775,128.01969173556566,0.188,158.8638385386687,0.20350000000000001,245.1764259686192
1318,734921,0.5545,4337.4215391233265,0.554,1812.5316124535002,0.5435,691.7308268757482,0.531,229.3093995977393,0.1905,40.81110419105824
1319,734921,0.2975,116.49582723517898,0.306,172.04517287768476,0.322,266.3417333517587,0.367,451.705901927994,0.4585,1396.5531885438502
1320,734921,0.289,49.0616923714664,0.3645,73.91841145298291,0.383,120.69235350553102,0.3845,234.09605343018376,0.3645,1186.0637392905003
1321,734921,0.178,65.88504133017881,0.231,64.39228016499932,0.2485,64.67910533130697,0.468,68.0217135456097,0.503,92.73261181673448
1322,734921,0.312,164.42830839483892,0.28550000000000003,108.25746892796646,0.277,71.89268452533842,0.2695,46.557958156033166,0.228,22.693675167647793
1323,734921,0.277,59.54707886350435,0.261,49.827575441150344,0.246,43.26034830907242,0.244,38.28867755100995,0.2425,33.502713360525064
1324,734921,0.2935,93.9144905717392,0.321,99.37278890122738,0.326,104.74621925170833,0.326,109.64848185005363,0.3245,113.07994571395712
1325,734921,0.3355,18.354129503086956,0.3355,20.430409221322346,0.335,23.487411673151204,0.335,28.558979995991095,0.321,47.67272362727597
1326,734921,0.2765,224.41999442174642,0.2765,305.21499428822466,0.271,427.46231953144246,0.267,691.5674161477673,0.2595,2333.4198441960193
1327,734921,0.11750000000000001,30.5012558992313,0.11750000000000001,35.12860989131934,0.116,40.70230106634852,0.1155,47.844380340977565,0.1155,63.74006154383857
1328,734921,0.34450000000000003,15.599365436733695,0.3435,16.05309664674217,0.342,17.233107794995814,0.336,19.41910175611906,0.1085,27.304640404554085
1329,734921,0.40750000000000003,644.2914074249596,0.41300000000000003,930.2528840552463,0.426,1373.0878753786403,0.4285,1985.045739279359,0.41250000000000003,2343.86053216258
1330,734921,0.3395,6664.112862689035,0.3165,2695.8622768590785,0.3135,1136.7696365836046,0.302,488.8942730411849,0.2635,119.29358841609096
1331,734921,0.41600000000000004,3189.3972092676413,0.41400000000000003,3263.851764501016,0.41300000000000003,2763.5946708868714,0.389,1846.6646826568488,0.3525,426.88378361734794
1332,734921,0.1895,11.501693571923822,0.188,13.20524274146694,0.188,16.632331605105826,0.188,26.012979233001758,0.189,135.85553809347314
1333,734921,0.28450000000000003,247.4922583450152,0.28450000000000003,247.3989529586251,0.28450000000000003,241.52388925134514,0.28450000000000003,227.56061583704357,0.557,176.84284296324446
1334,734921,0.402,345.6846737118792,0.3825,257.49826758107025,0.3785,194.79358677335367,0.339,143.7842056112744,0.2905,74.0488510901667
1335,734921,0.16,83.44416783451162,0.16,70.67245747748467,0.181,59.61421439770645,0.188,49.24173128862482,0.3095,34.46179945015383
1336,734921,0.539,507.20727427177076,0.456,372.5273434735541,0.384,288.56601874594537,0.275,222.32683039903577,0.222,127.29656749445024
1337,734921,0.8145,227518.90893603646,0.8165,453431.0842039432,0.8165,625086.7668616573,0.807,564299.281000438,0.6285000000000001,100510.16636589984
1338,734921,0.29,10907.831980570076,0.29,13390.897103793759,0.29,13782.209516937593,0.2895,10933.367246611799,0.28700000000000003,2336.1379360009787
1339,734921,0.5235,26008.58603248517,0.4875,4475.119531552539,0.419,2523.7101517382193,0.35000000000000003,1799.2713432729106,0.248,812.3925846932685
1340,734921,0.2805,120.30022393880941,0.2895,170.1553357867329,0.3855,295.3295201807336,0.398,661.8076329499074,0.524,3300.8564500360785
1341,734921,0.255,7.616480674701656,0.249,6.332460973260265,0.215,5.684730338423843,0.2125,5.472070113687389,0.158,6.439412274829012
1342,734921,0.188,2783.29281292828,0.1885,3246.55497191255,0.2,3401.266197141754,0.20700000000000002,3119.0106075684753,0.254,1756.779889655218
1343,734921,0.8345,226544.28062052157,0.844,131764.37664605668,0.8345,34788.68105227304,0.8170000000000001,3175.256754620171,0.609,151.08104203427084
1344,734921,0.1375,15.55969220502143,0.1375,14.58190487536367,0.1375,13.907744903801127,0.136,13.487308835165194,0.1375,14.005823207288735
1345,734921,0.669,253.8001573883493,0.843,256.4036748256663,0.86,270.7584763464407,0.8895000000000001,352.04970680894536,0.8785000000000001,1151.5628840126037
1346,734921,0.17200000000000001,73.28076335578653,0.135,68.59479892602718,0.1315,63.918339205075846,0.1275,58.805918740653205,0.1315,49.6589133309426
1347,734921,0.3105,32.87987022941582,0.3235,31.579701468897436,0.3275,31.293941543004195,0.4035,34.347476770898375,0.4665,200.47262992118178
1348,734921,0.481,1673.4456206888435,0.4835,2209.9796303541366,0.4835,2711.0034481984835,0.481,3260.9525454315517,0.4575,4516.248354768884
1349,734921,0.293,158.3773631210023,0.297,148.1346348470501,0.334,145.04886044758763,0.34650000000000003,151.50205658539736,0.3525,193.72077858358688
1350,734921,0.352,902.6213789168999,0.4015,4810.185213524242,0.40650000000000003,27806.854504761384,0.426,169950.1913849065,0.4445,1705489.4237744685
1351,734921,0.406,802.298986640126,0.40650000000000003,1454.0706308223203,0.40650000000000003,2303.2309191261465,0.40650000000000003,3106.506813557116,0.3955,2689.259854600738
1352,734921,0.35050000000000003,6987.018727762191,0.35050000000000003,3237.0413649685897,0.35100000000000003,1303.8382257449232,0.35050000000000003,412.92879836823846,0.28300000000000003,45.52178505440529
1353,734921,0.1945,15.52255995847593,0.20350000000000001,15.837199983026714,0.212,17.59125850963377,0.223,22.680274986774943,0.3135,64.37216861999421
1354,734921,0.2235,29.09057876527415,0.2235,33.56615086018084,0.224,40.03002377524131,0.224,51.71709304447788,0.224,128.66796612320235
1355,734921,0.2025,41.70995357753929,0.1475,36.8913224769635,0.145,33.240373189096715,0.14300000000000002,30.344036314032763,0.14200000000000002,28.157313699377863
1356,734921,0.6825,35.477769331011736,0.7655000000000001,44.12682501200423,0.785,70.4847470000898,1.0595,169.59832440876838,1.0545,965.336620059989
1357,734921,0.371,819.7592392679562,0.3725,959.3429441975228,0.3835,1095.7874999055423,0.391,1215.1864471540523,0.3935,1108.8077501988078
1358,734921,0.1405,84.48983348626378,0.1345,73.65106854435095,0.1295,63.62474988109717,0.1265,53.7452903742665,0.1265,39.39768107274567
1359,734921,0.371,56.633884550047576,0.371,48.043577359813234,0.371,40.23598114429376,0.37,32.52640128742871,0.275,20.936110432477818
1360,734921,0.3745,719.6237603328898,0.364,535.5935881935997,0.337,379.48600288167694,0.3185,243.67338952202667,0.28300000000000003,87.25002334507431
1361,734921,0.3105,264.5685047969467,0.3065,251.46251410409684,0.3035,237.71429625129008,0.293,219.64904691573238,0.277,170.25603159698562
1362,734921,0.09,54.01971065140467,0.09,65.06203333946294,0.0905,79.83804474720998,0.094,101.06734454923628,0.1105,150.70447118753466
1363,734921,0.41100000000000003,588.4473420683946,0.4295,823.0141747414616,0.4305,1121.1578578705796,0.434,1493.215354113693,0.434,1927.0475896206833
1364,734921,0.5025000000000001,2658.729708512028,0.5155,5241.155566970031,0.5195,8894.619785536428,0.5215,11508.499894077422,0.5195,4078.490156403078
1365,734921,0.367,45.30643991422784,0.3825,62.50983000497399,0.385,91.68755829415451,0.4265,149.456510029135,0.4665,451.71458868273214
1366,734921,0.167,111.10792012748472,0.1935,157.68505516857567,0.195,220.97229472504497,0.2095,314.23363115072857,0.3015,1293.4736621072325
1367,734921,0.4545,150.72112761906317,0.5185,461.55711414723805,0.5675,1512.3645540358264,0.5845,5347.036793476855,0.6235,36131.75335006995
1368,734921,0.2935,359.86400158494956,0.2955,366.515626679498,0.3065,349.3627865936919,0.3195,310.5511677673432,0.334,233.81248116045035
1369,734921,0.3595,9.182116695367696,0.3745,9.331732518533697,0.3755,10.189895612751522,0.3795,12.744348455879377,0.386,28.69087528793134
1370,734921,0.098,12.313955691501162,0.1015,13.162029818203466,0.1115,14.32918599557762,0.14250000000000002,16.221906132401877,0.1875,25.529773023845905
1371,734921,0.221,16.55056598270777,0.215,15.745819943286158,0.2125,15.517618466813548,0.2125,15.849838581480656,0.2115,18.137205102649254
1372,734921,0.20500000000000002,15.805602886799791,0.1985,13.333352671837142,0.1985,12.07465078039663,0.198,11.562057342941815,0.1965,12.520493990894332
1373,734921,0.386,1981.528359208306,0.3915,2901.926808403723,0.396,3893.641477311005,0.3975,4718.476406377827,0.3975,3996.1459880381394
1374,734921,0.4545,807.2457323509353,0.442,667.7785657784196,0.401,494.49837717448986,0.38,302.9205791241066,0.28750000000000003,77.16095940782583
1375,734921,0.5660000000000001,2472.0584193639597,0.593,10694.056427786027,0.6285000000000001,42686.49530204416,0.671,139774.31937440461,0.7205,169336.55843528695
1376,734921,0.2195,246.38455825598683,0.2295,445.815459631094,0.2915,858.5363359237632,0.307,1768.389447911616,0.3135,5236.2592693190945
1377,734921,0.28550000000000003,133.75019938472974,0.294,150.5224347180968,0.2955,179.24718351303602,0.304,230.67713402698683,0.352,341.6786545468162
1378,734921,0.253,140.44598428822076,0.253,180.99311930197135,0.2535,256.4212119083713,0.264,405.94715558165484,0.265,789.6674810964251
1379,734921,0.1935,260.10762026212336,0.211,359.4291182418472,0.2145,512.3679177215487,0.216,794.3205054981528,0.221,1927.077574706191
1380,734921,0.209,127.41781185236682,0.212,159.6397191179499,0.2125,199.8795264349199,0.2425,252.96280367663084,0.265,376.3982289064464
1381,734921,0.106,20.15041725294047,0.0995,20.067417238783413,0.098,20.18131987812459,0.0965,20.475296151507433,0.0965,21.648603385404215
1382,734921,0.4395,77.95576667466999,0.4395,85.94735637731276,0.405,94.98565183113323,0.4,106.20375981967291,0.23900000000000002,130.84461583182738
1383,734921,0.156,47.088839989679784,0.1545,45.96612279023433,0.154,46.520439451809615,0.149,49.29377128532179,0.132,62.659685387798326
1384,734921,0.4055,200.1388567416753,0.3945,206.84171459076475,0.313,231.20661479509974,0.28300000000000003,276.8894030624289,0.2575,385.42807840230336
1385,734921,0.1775,88.47095643969072,0.176,67.28106319227675,0.171,50.32968048987246,0.1695,35.971710291165,0.168,19.039775333557536
1386,734921,0.422,777.0716221557007,0.444,2015.501996180998,0.4495,4564.1635698384025,0.47300000000000003,7636.052278420404,0.4945,3784.9848327980862
1387,734921,0.3995,25.74761070232123,0.3915,28.036020843647904,0.382,31.24452060298627,0.377,36.45623329151737,0.365,56.66113893492196
1388,734921,0.40850000000000003,90.52420074342724,0.3705,75.1004205002064,0.216,61.993960363868446,0.2125,50.05986900426455,0.20400000000000001,34.07590390937391
1389,734921,0.1895,112.64815505752811,0.1895,132.55930967321555,0.1905,165.4249408764074,0.20650000000000002,235.87640148594633,0.2135,678.2148170589111
1390,734921,0.2245,121.12038653494972,0.2245,131.13019247750927,0.2245,136.93641279252063,0.2245,134.9846578923871,0.2445,104.59504080929007
1391,734921,0.4015,968.0673441930471,0.403,3355.978377348849,0.429,11420.302913956826,0.445,37218.71426722724,0.47350000000000003,122002.96025971077
1392,734921,0.3825,56.58217705246183,0.3845,69.49060871254817,0.389,88.05858761666826,0.3975,117.8848612723719,0.498,211.90835353948688
1393,734921,0.272,321.44248067353203,0.203,133.51796707225515,0.1985,68.76950549922891,0.1965,41.56437117081963,0.188,24.46297246893717
1394,734921,0.5065000000000001,65.94461017383425,0.501,130.69886040001794,0.493,268.00062224794226,0.4355,582.9197320474414,0.3165,2414.7030637294133
1395,734921,0.248,126.37956270785327,0.248,110.65911242296025,0.248,95.20009500733049,0.248,78.37052693564239,0.2465,48.24254227545161
1396,734921,0.3205,197.39886514240843,0.3805,355.2751965514797,0.3975,763.6288289090231,0.4275,2342.192521480085,0.48,30328.8898467577
1397,734921,0.295,14308.379857150137,0.295,10801.143773706452,0.2985,7365.569583794797,0.301,4309.48981032834,0.314,1083.242987247788
1398,734921,0.807,4057.180200298567,0.807,1785.207949054434,0.7685,617.1304657474125,0.7435,110.00325301687407,0.3925,29.192160985692997
1399,734921,0.1705,100.33991803332404,0.1715,85.02235653154261,0.17250000000000001,72.1455452918383,0.17500000000000002,61.00468494098407,0.185,49.64253582588063
1400,734921,0.1345,39.6521760216866,0.1355,49.14858064331053,0.1355,61.81269326238051,0.1375,80.91838502109465,0.14350000000000002,140.07263414507455
1401,734921,0.2535,1408.967612459016,0.253,960.2850194265038,0.253,603.6228854887634,0.2535,326.8901689275135,0.278,79.62354352000793
1402,734921,0.34950000000000003,5240.045063771053,0.358,4050.1120399266224,0.388,3053.620069986653,0.39,2249.120418617693,0.401,1317.8511064138866
1403,734921,0.2255,57.88806018314792,0.337,54.20760260778506,0.34900000000000003,53.556273842740104,0.3705,59.87756769678584,0.5075000000000001,145.81058186676168
1404,734921,0.2335,7.195321125505507,0.2315,6.267960905098585,0.1455,5.739218147114885,0.145,5.5258873872897425,0.1455,6.471350894665578
1405,734921,0.324,3537.633666642277,0.3135,1640.0889853074768,0.3105,661.219154220186,0.28450000000000003,236.45764777893018,0.263,55.74252347899845
1406,734921,0.2335,238.97698061045162,0.234,343.18325099917485,0.23550000000000001,623.0609572310399,0.23950000000000002,1562.848528601199,0.3795,8021.745219916788
1407,734921,0.2775,303.19404322405256,0.2765,388.48595863675627,0.2735,478.9722595586632,0.2485,562.3848429922891,0.23700000000000002,566.509891086537
1408,734921,0.264,33.362869426868286,0.262,23.96611415758657,0.211,19.674129226613566,0.1815,19.169025439717604,0.17300000000000001,31.358546576735186
1409,734921,0.2575,33.38520842183676,0.2455,33.655224923874165,0.241,36.22554986964576,0.2335,46.43676154295972,0.20500000000000002,131.0059511962697
1410,734921,0.4275,408.0286057686026,0.417,413.15513256220464,0.392,401.8795064047296,0.3585,365.43884168759934,0.3255,230.08847004975888
1411,734921,0.306,211.75294192205385,0.28550000000000003,167.88952380132827,0.2575,136.1201225951759,0.25,110.21013239742204,0.23700000000000002,76.3483771151974
1412,734921,0.2305,73.89333912100375,0.2305,112.0394168959167,0.2305,175.10345981966972,0.2305,293.94620386087826,0.228,756.3453090397536
1413,734921,0.3675,23.296766413891913,0.366,26.01196099628425,0.3545,30.000808465352144,0.3545,36.68659978791937,0.2135,63.08495572324592
1414,734921,0.331,248.99376591822283,0.34,248.78055814726042,0.34400000000000003,247.85818819709405,0.34400000000000003,246.00821901977847,0.34400000000000003,220.10749961386318
1415,734921,0.389,51.887501025765935,0.406,59.92544241341728,0.442,99.78932652292866,0.4505,269.1249085300411,0.51,2526.2656902437884
1416,734921,0.486,223.26042808192534,0.525,302.48630614590616,0.538,480.6472706108424,0.538,915.1335518553665,0.4945,2286.8474095327842
1417,734921,0.279,92.37515072876788,0.289,113.56219389666498,0.295,139.83747950522744,0.301,176.6036822150257,0.313,285.8750350748572
1418,734921,0.181,36.963019007266766,0.181,33.94802026467716,0.181,31.648266443757258,0.181,29.95955083936734,0.189,30.95597702898719
1419,734921,0.17300000000000001,89.63263366556122,0.17300000000000001,113.11257721950655,0.17300000000000001,151.96186232154034,0.17450000000000002,228.8753593062542,0.259,578.7788263990243
1420,734921,0.223,30.864918018047966,0.2675,38.053602592393666,0.2735,49.15945154894914,0.3045,72.80967356682164,0.3335,688.9170896149091
1421,734921,0.1715,80.88024856658328,0.17450000000000002,88.65952191443715,0.1775,96.50872441652095,0.1785,104.56376764117674,0.193,114.62504497638247
1422,734921,0.1615,90.5533509828709,0.1605,88.70876498726516,0.1605,87.06050396479998,0.1595,84.83122941287559,0.1605,76.44144289989922
1423,734921,0.3265,151.33544227392858,0.3225,138.38723810188918,0.3095,129.56683006250512,0.28,122.20153700733388,0.1785,106.97354687312935
1424,734921,0.504,1218.7780954572665,0.529,3372.648803215746,0.5425,10045.685347656516,0.562,34499.498043806554,0.5845,278506.65748772287
1425,734921,0.28500000000000003,144.79437043973593,0.2745,115.18342591997296,0.273,92.09890599971826,0.20750000000000002,73.05245244656939,0.20350000000000001,52.11031882185426
1426,734921,0.3875,240.87175743991088,0.4185,219.59766464966714,0.436,191.49666581532392,0.438,153.03181555991375,0.4245,71.60987158353127
1427,734921,0.2995,70.6687334044321,0.2985,77.75654561734086,0.298,87.487873899665,0.28600000000000003,101.26895831718008,0.1915,136.99557706797643
1428,734921,0.1875,83.83512537783481,0.1805,100.57148040545918,0.179,130.62762284929212,0.179,195.87657169749286,0.179,570.8213291314246
1429,734921,0.2115,13.225859769405167,0.2105,13.78594550228877,0.2015,14.807710526466389,0.2015,16.64431010350023,0.20500000000000002,24.34324475644007
1430,734921,0.1205,105.69326288886745,0.20550000000000002,131.14759393037303,0.20750000000000002,163.11147273986862,0.2125,207.01143406026802,0.226,312.3764726074969
1431,734921,0.197,35.98432211407734,0.1905,32.441282944149634,0.19,29.530905336474763,0.187,27.106169664150045,0.17250000000000001,25.67084372430647
1432,734921,0.2955,21.81011509568145,0.2975,18.78024618402576,0.2975,16.777491244054136,0.3,15.457661338768364,0.3055,15.144316819656353
1433,734921,0.329,27.666213401616524,0.329,29.629862580848783,0.33,32.63587781219116,0.33,37.81406697454651,0.34800000000000003,61.032014461040475
1434,734921,0.11750000000000001,18.39447527144104,0.11850000000000001,20.50388146768838,0.11950000000000001,23.25658712192461,0.124,27.46723493449457,0.155,44.140592491787544
1435,734921,0.2285,133.04399616710518,0.2315,96.31766574985484,0.23450000000000001,74.46053996743632,0.23450000000000001,59.88079933648454,0.25,42.82119880199022
1436,734921,0.34850000000000003,157.50172981587008,0.47200000000000003,202.84935489645707,0.4995,259.36281887356046,0.579,335.2230907742916,0.6525,1725.1590674363447
1437,734921,0.47700000000000004,115.65843513893559,0.484,163.10160253543975,0.4915,289.25776450593145,0.4935,578.6511144877971,0.4915,1221.573090370618
1438,734921,0.765,25.17347452135103,0.7915,15.053019427948078,0.7985,11.681180227584798,0.798,8.690135512991223,0.152,7.9064113536989185
1439,734921,0.3925,100.93966756679772,0.293,93.87818290563877,0.2715,88.20075507298188,0.24,79.3952658785858,0.217,54.508497769121966
1440,734921,0.1305,19.729226015710736,0.128,15.561812083581938,0.1205,12.90312081880742,0.116,11.057159490077785,0.1,9.56429231722695
1441,734921,0.117,11.70903330230147,0.114,11.532553117971355,0.0985,11.62223250733653,0.0985,12.100819327743126,0.0985,15.293531724687234
1442,734921,0.291,85.29582660095275,0.2415,65.29419648987522,0.2215,50.619684746499914,0.1715,38.38052274570885,0.11,22.67673497215709
1443,734921,0.40650000000000003,100.19311316738215,0.40700000000000003,73.50445878130208,0.482,57.98899744203234,0.4855,47.37848239662169,0.485,36.28534696374723
1444,734921,0.4575,2349.5427649930525,0.457,2996.392910476981,0.4285,3379.5552088304703,0.4055,3257.0613102443613,0.371,1572.041127963213
1445,734921,0.3355,105.06595716402452,0.3355,154.8238487372964,0.3355,232.58406791226597,0.3355,367.0074955813435,0.3305,802.4033803728904
1446,734921,0.3395,472.97804107934047,0.334,484.52099200063776,0.294,478.4911391974957,0.2015,452.66224166118985,0.155,359.56127032882597
1447,734921,0.216,140.88883732695226,0.2155,146.39743266970368,0.214,155.3730135780626,0.2115,168.7742056206258,0.1655,191.38164694287633
1448,734921,0.3285,31.957707405275073,0.3305,71.69138249825055,0.3325,185.22716658673465,0.384,560.6541598224153,0.6545,3767.5367099163805
1449,734921,0.338,3113.8482632062464,0.339,5170.706769040814,0.34550000000000003,7428.725828711336,0.352,8865.502952424491,0.3905,5045.559350186056
1450,734921,0.2705,70.91462571628942,0.2675,51.909978093540204,0.179,41.45656370795479,0.0835,34.94127128328567,0.0825,28.954331638156518
1451,734921,0.2105,14.310780744583134,0.214,14.396422973830603,0.248,14.856774204659851,0.325,15.890896251017153,0.3285,20.957219524121548
1452,734921,0.3725,841.0408366401533,0.3735,1465.523574362367,0.3835,2512.7427017413575,0.3835,4287.195496638332,0.3715,7968.806840760482
1453,734921,0.093,170.81594617411605,0.0885,103.47661157496451,0.0725,65.94421869974921,0.063,42.595513823,0.054,21.541964096447508
1454,734921,0.219,20.997580554943628,0.23,19.972694784274736,0.23450000000000001,19.717178291699938,0.2475,20.52534494272411,0.2695,29.093962357489254
1455,734921,0.498,8395.979702489843,0.5075000000000001,10904.46035468021,0.5125,11845.002006689978,0.513,10104.166993238834,0.51,2980.3579423581
1456,734921,0.2175,32.30257475507535,0.1935,31.237556460072042,0.192,30.382927568662716,0.1885,29.838875953931012,0.18,31.986531207721715
1457,734921,0.589,96.98751854141783,0.588,80.69435788818517,0.5845,68.1993867313731,0.3365,57.09339592795146,0.1645,40.689468230637296
1458,734921,0.40850000000000003,132.921580661038,0.3985,115.43132520081927,0.3705,110.7245112283209,0.301,111.00100755028674,0.2585,108.06787744350768
1459,734921,0.128,35.86895278105873,0.131,34.38371266355988,0.138,34.031948093089184,0.1715,35.41896118599635,0.2125,47.84890480445727
1460,734921,0.429,61.18787125505623,0.385,45.64590553793628,0.28800000000000003,42.9275039476743,0.121,40.19125118243946,0.106,35.93807558017563
1461,734921,0.2195,100.4778362525242,0.194,77.93796711453457,0.1895,63.94976096696155,0.1805,57.730097346461996,0.135,71.59019876249157
1462,734921,0.23450000000000001,14.009841628488363,0.23900000000000002,15.511994997565157,0.241,17.772123149034847,0.2475,21.89135071879542,0.2615,43.762378953681576
1463,734921,0.343,49.51085903243411,0.3205,32.798524679181426,0.3025,25.628802278555476,0.294,21.131594941870915,0.1985,16.836867021664734
1464,734921,0.4205,96.28459652799826,0.423,97.3631131707235,0.423,117.28062261139448,0.431,163.63417681633982,0.431,281.5361338693142
1465,734921,0.5265,100045.49542253642,0.531,58518.491523330595,0.5745,29716.166337060244,0.5765,13143.918012871223,0.583,1522.5525351617794
1466,734921,0.856,111690.11668132391,0.8665,96288.76368881941,0.9045,44004.0396499985,0.908,7794.373926261701,0.8665,35.2843785899101
1467,734921,0.125,36.41167827008475,0.128,33.771756280620345,0.134,32.5887034133946,0.134,33.06392852218593,0.1475,41.195257149626535
1468,734921,0.152,23.172910194294857,0.155,25.883391810891606,0.1595,30.963957451280635,0.20350000000000001,42.26680956980373,0.3055,135.60290826844644
1469,734921,0.28450000000000003,72.48529520027428,0.28250000000000003,49.50524486940885,0.1975,36.004838838073056,0.1975,27.14941497934496,0.185,18.971541210925462
1470,734921,0.216,825.257284145222,0.215,846.3415052000304,0.214,829.6422146504683,0.214,771.7153975691258,0.213,551.5595125654273
1471,734921,0.4365,771.4331674723343,0.4475,1645.310231801459,0.458,3090.951050902411,0.463,4535.484154509808,0.481,2705.320319432233
1472,734921,0.2675,254.5615801991607,0.2675,200.90703596540135,0.267,168.4471007427846,0.266,146.46587871618215,0.264,104.87873728551834
1473,734921,0.7725,249058.3393259027,0.686,569834.9000404858,0.684,1177294.2114174583,0.6635,1999292.010202039,0.61,1790297.512580762
1474,734921,0.312,5.299913220858558,0.3135,5.306791206140477,0.394,5.821993925946506,0.4475,8.16429024673438,0.4505,50.478648021048194
1475,734921,0.3565,221.57002976117624,0.3535,182.66761102926233,0.3235,152.03763051615974,0.3145,124.1516658819624,0.266,78.05267832025307
1476,734921,0.34450000000000003,38.76326346335554,0.34750000000000003,38.74341045351497,0.35050000000000003,39.01323056384948,0.378,39.56851032201288,0.3885,42.29762159761701
1477,734921,0.14350000000000002,29.179659629359204,0.136,25.52591234734135,0.1325,22.954143645028022,0.1245,20.928082993114547,0.08650000000000001,18.50928287474562
1478,734921,0.1585,23.73400724505625,0.1595,24.243398782129468,0.1635,26.005742714074508,0.1995,29.768760724138538,0.2235,45.8491805569814
1479,734921,0.317,86.78624733933343,0.325,117.40013435624776,0.367,182.96445723164956,0.3675,391.5175683858121,0.3715,3212.490796588315
1480,734921,0.149,1067.8365549233638,0.1505,799.7382226648905,0.16,553.2505406340988,0.1615,338.12646737079723,0.295,108.4889710323457
1481,734921,0.312,109.49665695660266,0.3095,93.17804533586033,0.306,76.35192392222145,0.28550000000000003,58.32318554172117,0.2585,31.35067585861878
1482,734921,0.136,171.18073378887777,0.136,111.55556158343089,0.1335,73.09913916836415,0.1335,46.29440816466933,0.138,21.037484898336107
1483,734921,0.321,58.56522935900594,0.3355,48.47855342246836,0.34450000000000003,40.00974148167099,0.35000000000000003,33.08621255695458,0.393,28.327182574053005
1484,734921,0.324,1815.6868410671711,0.3255,2821.381660250306,0.3265,3936.3692492396895,0.3275,4803.331485142808,0.357,3494.6340729957533
1485,734921,0.5495,520.5855610878032,1.073,674.0596901324886,1.231,888.2460135618344,1.2425,1158.8790056104062,0.5495,1256.474756576997
1486,734921,0.1545,25.950135288642386,0.14300000000000002,21.954786225573848,0.128,19.166633264587357,0.126,17.111013433328928,0.121,15.538716783202196
1487,734921,0.203,129.04050336313742,0.20400000000000001,95.97365191967373,0.20400000000000001,71.8236973483452,0.2195,52.795540634010514,0.2645,30.79525103926055
1488,734921,0.2895,40.55382085675466,0.2765,26.816654978570043,0.2135,18.491149315689476,0.14150000000000001,13.05777514447801,0.13,8.568065170567007
1489,734921,0.9765,273.7890507968492,1.0165,257.9051828374247,1.1265,206.25312761782516,1.1340000000000001,129.49244024225663,0.641,67.87453619171522
1490,734921,0.33,74.46079763865508,0.328,75.80029026012184,0.28350000000000003,78.8301021777074,0.2805,83.21130450207278,0.231,92.69560344685529
1491,734921,0.227,44.09833110937445,0.229,62.34947617452377,0.23750000000000002,95.04106285124634,0.2455,162.22291907156824,0.293,485.739772482534
1492,734921,0.247,53.33356684458798,0.23450000000000001,50.73776123329448,0.2305,48.634871713549245,0.1095,46.33347054027784,0.1295,40.79811065453028
1493,734921,0.156,220.58986426644725,0.156,188.88952111359248,0.158,160.87487827779083,0.158,134.39538152463376,0.2095,94.7585892057408
1494,734921,0.4225,17047.5456094356,0.47450000000000003,27005.093231103925,0.511,34222.808299400225,0.5205,32375.585328438476,0.5225,8377.472904464537
1495,734921,0.113,43.17837332892465,0.107,32.26781727722618,0.0985,24.89954965719851,0.0945,19.74306367453383,0.0945,15.545240730968343
1496,734921,0.1535,43.50131943075269,0.1605,62.356507148516414,0.1605,96.28564364930666,0.1635,170.70476120735606,0.182,626.8029293537816
1497,734921,0.1495,202.69468029029818,0.1445,210.14555211513405,0.14,214.79265045917074,0.14,214.59130247476747,0.14,189.43149500432523
1498,734921,0.184,31.213119352632063,0.269,31.34179583045644,0.27,32.122096052693145,0.3355,33.82548178816796,0.391,41.479653873154774
1499,734921,0.1205,282.190174370666,0.11900000000000001,207.44665301590916,0.116,147.3504910626697,0.1135,98.3171955075952,0.11,46.56196739874762
1500,734921,0.6155,1593.4357950130966,0.6425,1812.6122327555324,0.654,1943.2262090505076,0.664,1924.0321150877369,0.6395000000000001,1379.142053489208
1501,734921,0.1115,105.96764482128613,0.1115,122.68466573870312,0.1115,141.64860950251332,0.10300000000000001,164.5618756758858,0.1125,204.85535823422148
1502,734921,0.3615,1750.3559306160273,0.2915,1062.482046502062,0.247,616.5950985753585,0.2285,327.76722798039265,0.159,103.09940806584758
1503,734921,0.579,437.6849586446394,0.579,482.51160127109944,0.554,546.3889782771614,0.552,632.1695683692647,0.4855,712.6511320741912
1504,734921,0.2625,482.9538358780902,0.262,625.4650561442209,0.262,738.2630864189057,0.261,779.8621727818824,0.2595,552.3183055681725
1505,734921,0.17300000000000001,98.75896605816024,0.176,84.4818315087329,0.1795,72.57619013867345,0.195,61.488299067303295,0.277,46.2432211656885
1506,734921,0.177,427.54594378397945,0.177,369.9048246948429,0.177,305.1247896477312,0.177,240.4384072829196,0.1865,164.62759159257288
1507,734921,0.47200000000000003,557.2949593360103,0.5215,722.8760828513317,0.5265,905.6902977996505,0.551,1071.3837774970189,0.6035,971.5380198705625
1508,734921,0.3,1643.8680463126536,0.3045,940.3075206434997,0.305,520.8601351510684,0.305,277.01220912815893,0.303,101.46763603263456
1509,734921,0.4435,211.4233859583444,0.4435,229.5970157347777,0.4435,260.10410850191585,0.441,322.07724133276844,0.41350000000000003,579.4152438079705
1510,734921,0.2595,609.1215817685952,0.2645,511.5899589069929,0.265,399.1463230899498,0.2675,275.73913389781416,0.276,102.01957686815157
1511,734921,0.1625,83.72561072424752,0.1625,111.35052597057035,0.1645,149.10120914681994,0.165,207.01659961947632,0.17,393.1879346182185
1512,734921,0.193,96.69455348635003,0.1885,103.48183990228247,0.1655,111.95618611449615,0.1575,121.16135429421367,0.152,127.29390486847655
1513,734921,0.1595,28.925553370802653,0.1495,23.502243051111563,0.1455,19.24240985033301,0.1455,15.572888889453273,0.148,10.842702071701012
1514,734921,0.3435,8338.022116073074,0.329,4116.126181907739,0.3035,1828.9845174992827,0.289,669.8386679101137,0.2745,99.56720311734104
1515,734921,0.6990000000000001,1518.407439273405,0.6845,1522.8128358665324,0.6595,1343.2786420861269,0.507,1002.3066412942214,0.426,423.1435368979045
1516,734921,0.6435,16068.057167909417,0.6465,10863.294761906038,0.65,4706.732315769365,0.652,1757.6885621393171,0.4465,1625.8186759530913
1517,734921,0.2485,183.540771128735,0.264,182.63837814811697,0.2645,181.9296989368777,0.298,181.20165574129115,0.3015,165.44414284988494
1518,734921,0.2185,96.69090338646686,0.2285,141.34630040989677,0.23,208.916976590376,0.23500000000000001,320.7957838748224,0.241,663.2068121357623
1519,734921,0.34700000000000003,145.86993771376208,0.35100000000000003,151.9783229449628,0.577,163.4101270503465,0.733,190.27464368028515,0.8315,464.0964310465785
1520,734921,0.4545,52.45630043885567,0.23600000000000002,39.04694424631766,0.224,31.577362657831756,0.20750000000000002,26.45049315478002,0.1795,20.93816310862966
1521,734921,0.1125,22.179979802169836,0.113,24.524581919854835,0.11900000000000001,28.03624293206519,0.1325,34.74883222824363,0.193,76.20505279788232
1522,734921,0.338,48.52520884881381,0.339,53.24455302324344,0.3395,58.96119325558467,0.3395,66.9984306338704,0.339,90.15553162802969
1523,734921,0.1645,300.96082496321617,0.1685,291.7806475034824,0.1775,276.9059629578961,0.2785,250.93184159865825,0.40850000000000003,178.2825057405423
1524,734921,0.167,10.056754108059893,0.178,12.62469472469345,0.233,16.851478917085306,0.23750000000000002,25.169906206613035,0.2445,73.52968754982867
1525,734921,0.4395,296.2626988052392,0.4355,206.41898378865676,0.41200000000000003,144.54439026414593,0.33,97.60687070532082,0.157,44.698107686137355
1526,734921,0.1625,38.106515389688354,0.1655,43.48036031379781,0.20500000000000002,51.41836610906091,0.213,65.79521603239722,0.2445,145.911685966514
1527,734921,0.424,756.8326303279505,0.418,416.3957719337195,0.3595,220.14770071899846,0.296,104.60011330529777,0.2725,24.15585745187683
1528,734921,0.278,474.6496095864333,0.271,466.37332162044044,0.2695,440.7409652199112,0.2655,392.70712040436854,0.243,258.27182818299514
1529,734921,0.4265,1311.744018384934,0.425,1545.9829216843877,0.4195,1646.3826679647705,0.375,1557.784505198914,0.3555,991.3320705994087
1530,734921,0.373,5523.891321977071,0.373,8551.910622127838,0.3725,11711.43009095095,0.3715,13602.697094073232,0.355,7593.966501857727
1531,734921,0.27,157.3890718744665,0.277,221.39098183841747,0.28650000000000003,329.36527036088853,0.2985,541.7574510817329,0.311,1515.399778013247
1532,734921,0.154,75.63444639995748,0.1575,80.85144888940455,0.17200000000000001,85.58688693063107,0.17400000000000002,89.07735202850242,0.213,86.87469020569011
1533,734921,0.3745,1430.688744106894,0.385,891.8580023360987,0.3855,495.3083203760432,0.405,229.8504274099396,0.40800000000000003,48.15359733898197
1534,734921,0.862,29527.27621838914,0.855,13182.399316108993,0.732,5050.427547964381,0.6945,1792.4682116989852,0.327,242.1005498101837
1535,734921,0.275,3790.934469218731,0.3,4632.192077066376,0.3035,4859.936686880145,0.308,4187.753742211262,0.321,1547.4244547721428
1536,734921,0.2965,872.8203923728782,0.3055,1198.9089953440157,0.3215,1613.1412083056564,0.33,2156.9199147738527,0.3355,2961.7208645944725
1537,734921,0.3155,5187.315888150169,0.326,14661.588014521394,0.34,37433.94053802955,0.362,88622.24601432476,0.3985,1131507.2350706467
1538,734921,0.1835,60.04084180454096,0.3005,69.74360295423169,0.334,81.83052085812842,0.34500000000000003,100.01847549658977,0.34600000000000003,177.70310532582093
1539,734921,0.3295,214.83849197607853,0.2475,133.30200684494648,0.2245,89.08574351302092,0.202,63.61728464469797,0.179,44.37417832349743
1540,734921,0.41550000000000004,47.23629827049059,0.41300000000000003,55.64359842631967,0.41100000000000003,68.42298119829684,0.39,91.63571995028946,0.273,195.1062328166358
1541,734921,0.17350000000000002,45.946633033361756,0.17350000000000002,44.478878804904575,0.17400000000000002,44.528609354624834,0.17400000000000002,46.07967072056415,0.1875,53.82822381827696
1542,734921,0.503,618.2761374198841,0.523,1189.7396578081339,0.523,1829.277212265813,0.503,2123.1622133443816,0.4555,1197.3897159889382
1543,734921,0.1355,81.1012092262351,0.1355,84.19623155769621,0.136,86.0588064284281,0.136,86.23209340633038,0.1365,81.94625881889199
1544,734921,0.11850000000000001,51.76883274885785,0.093,47.68100041214626,0.0915,43.91422244702838,0.0915,39.963488881293806,0.0915,32.681338523766954
1545,734921,0.3525,296.18485122035503,0.3405,209.44366626031396,0.336,142.89141882163634,0.216,89.59039349213997,0.106,32.88382274980464
1546,734921,0.17550000000000002,206.89193147708858,0.177,149.16586247778,0.1775,106.27206925059679,0.178,72.86834614781644,0.199,38.387598129165376
1547,734921,0.76,1554.1307784635217,0.761,1147.971421696153,0.763,785.6866027615893,0.761,485.2465275960521,0.621,182.25423415140057
1548,734921,0.3935,205.26951409568653,0.466,273.5371078965206,0.581,382.1018165795799,0.6155,549.4436016698509,0.653,883.4799755938528
1549,734921,0.22,133.471081873474,0.23550000000000001,169.01916098598497,0.23650000000000002,223.38530216615152,0.253,307.2857194077958,0.259,532.4004072312133
1550,734921,0.20400000000000001,1017.5778820243974,0.2005,655.1665694338338,0.1995,406.0494221556937,0.195,240.3390792781751,0.177,110.29161780040016
1551,734921,0.1265,136.07126937643747,0.1265,141.20377815112946,0.1255,144.21599516670238,0.1255,145.357569165565,0.1215,150.86401368745007
1552,734921,0.786,17231217.183090106,0.7845,3197286.3902620026,0.767,371998.4717195997,0.715,51784.48495904837,0.34700000000000003,2862.7220392036056
1553,734921,0.1875,1351.5476368865088,0.1865,861.9228578012758,0.1805,514.115812753512,0.178,266.3541209887649,0.171,58.32648242440393
1554,734921,0.4635,6630.979102372686,0.47450000000000003,15547.543310392142,0.47850000000000004,32778.65045103467,0.491,59714.40193472751,0.463,65506.30586313176
1555,734921,0.23850000000000002,189.07091095127748,0.23850000000000002,155.26119151990042,0.23850000000000002,123.41107607719033,0.23850000000000002,92.62285463989677,0.23800000000000002,55.06828478919736
1556,734921,0.271,487.78569301699144,0.271,669.4540060587378,0.271,895.7935931758061,0.271,1179.7873762891668,0.2715,1567.2602079083363
1557,734921,0.166,24.181922415090586,0.166,26.454790156513674,0.166,29.1092071428458,0.166,32.609737219275964,0.168,43.201588478994324
1558,734921,0.29,394.0837068760201,0.292,425.76895221943755,0.296,463.06477388370973,0.2975,498.8470902829569,0.3075,465.1924035106666
1559,734921,0.35000000000000003,1503.1310363228802,0.353,1153.7841811954581,0.367,827.8449373495296,0.3735,533.1413367012099,0.529,177.3263309722177
1560,734921,0.466,144.6746489066251,0.442,120.87010421909898,0.441,99.7785329180018,0.44,80.38397008043783,0.305,54.37405503804957
1561,734921,0.252,61.38152108048936,0.2525,56.50297263294243,0.2635,50.17674817988537,0.2665,42.51830904972797,0.3335,30.158037685040686
1562,734921,0.199,25.60844294863246,0.234,28.82990107643636,0.23800000000000002,33.89971601427681,0.2695,44.339361613109936,0.3435,160.87238175232196
1563,734921,0.2315,23.424556059546468,0.2315,24.080646833967307,0.2315,25.309716481441896,0.2315,27.706236008795067,0.2325,38.87446943183284
1564,734921,0.292,68.08691755592298,0.3225,141.92231099044022,0.34,380.6728351607937,0.3615,1635.5465664397582,0.646,50069.74944407431
1565,734921,0.762,30434.53614583165,0.7655000000000001,35817.392635307595,0.7655000000000001,39274.667114024945,0.7625000000000001,38625.04839514335,0.654,13286.480606818954
1566,734921,0.767,593.1727380946928,0.5955,498.95524154756316,0.5535,355.7318732795907,0.502,235.92564085357517,0.336,215.19460239705822
1567,734921,0.2535,201.95768653679252,0.2615,453.3927510210284,0.2665,1044.1943486505768,0.2705,2618.954896076905,0.2885,12473.310830631175
1568,734921,0.263,237.6339497003919,0.2765,262.7126472930733,0.2795,293.6027078973801,0.28800000000000003,329.0615234019793,0.3655,333.3864837615004
1569,734921,0.1915,91.51576700710562,0.20700000000000002,159.11756449578368,0.2125,295.11088133638356,0.229,635.8013227810573,0.334,3089.4325266009623
1570,734921,0.224,58.91462879054155,0.2205,57.01157100254182,0.20350000000000001,55.23144428063534,0.1995,53.06339268664678,0.17500000000000002,47.41631316750618
1571,734921,0.251,205.18140618306236,0.2305,169.2163578263335,0.2085,142.66421247184124,0.198,117.67205000368168,0.17400000000000002,75.37994676241757
1572,734921,0.482,27046.87533505654,0.4825,31061.13445912128,0.482,26565.60974120906,0.47050000000000003,14226.34608338096,0.421,698.8911722089553
1573,734921,0.2765,239.27987443930866,0.242,221.66553661589938,0.2255,209.00142416849124,0.199,193.32709494580467,0.1275,148.21784240574502
1574,734921,0.4875,16613.342614534133,0.493,13024.38480136497,0.493,8367.911190953471,0.4875,3894.6161082529607,0.441,463.1695110736897
1575,734921,1.366,18211.778893654624,1.43,192146.76855151402,1.502,2073115.6139584794,1.5255,28002505.6246907,1.5275,610210984.5695939
1576,734921,0.4,176.3353599230592,0.4015,284.7866154912013,0.406,506.5734042523967,0.40800000000000003,981.2047633970762,0.41150000000000003,2600.365277500489
1577,734921,0.2915,30.996524554813067,0.2955,34.128754531830005,0.299,38.813001110361114,0.299,46.69687249941912,0.2985,76.82332007616891
1578,734921,0.371,8755.574605130318,0.332,5442.314991096783,0.3015,3079.1607175878576,0.2635,1812.706200644828,0.229,1216.8970432995018
1579,734921,0.482,4574.350561884391,0.504,7893.482283882037,0.558,16163.581654834063,0.586,32096.57203978327,0.8125,37903.4123407389
1580,734921,0.427,464.53747380582143,0.427,306.46427141036594,0.4345,234.71102870853915,0.427,181.72590173640788,0.41500000000000004,101.35973219105838
1581,734921,0.34700000000000003,2014.0806508102198,0.34550000000000003,2306.1472920044134,0.3435,2696.7083138745293,0.322,3059.5751863271785,0.28800000000000003,2711.4123699677466
1582,734921,0.5005000000000001,148.69529948773493,0.489,164.5103557777698,0.243,184.09387252456676,0.241,210.28832856387123,0.227,270.9133122824265
1583,734921,0.2535,18.540965354257935,0.2615,20.167548834502522,0.264,22.456207235900667,0.3565,26.205828810288622,0.422,55.55338816084876
1584,734921,0.15,19.06321749595704,0.154,18.71347096040774,0.157,18.57839666189081,0.162,18.793261722958253,0.165,22.14977837423132
1585,734921,0.2255,819.901411867945,0.227,380.2684523972813,0.228,177.62813666141471,0.23800000000000002,77.8819665793584,0.322,21.107217882035584
1586,734921,0.41150000000000003,12.134022164410286,0.5295,14.23105306108375,0.531,17.528307354739102,0.41150000000000003,23.617239767913986,0.3755,53.33031057193138
1587,734921,0.366,150.693933220902,0.4,328.3259316800107,0.40800000000000003,769.8196322946269,0.40800000000000003,1947.8190714531324,0.40800000000000003,7590.40078356903
1588,734921,0.11750000000000001,12.154704776143681,0.1325,13.090149816141011,0.1355,14.634780490920193,0.153,17.44582994084026,0.198,30.916464817393376
1589,734921,0.7995,13569.740024046263,0.8140000000000001,10045.412704593686,0.8250000000000001,5000.456071225574,0.8265,1533.1151785956022,0.8145,116.41749505355291
1590,734921,0.369,237.276145824502,0.4245,265.95231428529877,0.4245,294.2704508527274,0.4245,325.076701553605,0.40950000000000003,372.1267835367424
1591,734921,0.274,1771.7995898200347,0.29,4584.063252414485,0.427,11061.174612744178,0.483,25302.948449726468,0.801,59606.3281236886
1592,734921,0.4815,26.292905832691662,0.47100000000000003,24.926039321749077,0.47050000000000003,24.00240614424236,0.468,26.730775310217375,0.4525,64.67659874074423
1593,734921,0.2435,46173.143733570876,0.2455,91454.41774121206,0.304,146020.6575403552,0.313,174507.22167176442,0.3225,54632.96762576987
1594,734921,0.2885,568.1179269570896,0.308,436.48294041938084,0.3085,315.80277177034344,0.3535,206.52912817847664,0.3535,77.96968535112532
1595,734921,0.632,4847.7758187860045,0.645,4982.891559665315,0.6985,5904.791755092711,0.7095,14039.700276887012,0.7165,32813.2161228182
1596,734921,0.254,22.472179536129357,0.254,36.93034486985166,0.2545,70.28962232372552,0.258,152.18903095078701,0.2605,483.1054063930863
1597,734921,0.149,147.5071692661562,0.1535,147.86805212422294,0.166,148.60118619780297,0.5105000000000001,158.74852368858902,0.8405,22064.625096262727
1598,734921,0.28700000000000003,313.6415656554699,0.28400000000000003,158.71377122110067,0.2445,84.600650269686,0.23550000000000001,47.140801235702405,0.1935,24.278427906119248
1599,734921,0.552,4574.137035101907,0.5760000000000001,5517.906087849902,0.5925,5529.462676975538,0.5925,4485.92570490685,0.5760000000000001,1285.7990349784818
1600,734921,0.10350000000000001,20.54664892722956,0.10350000000000001,24.057586657669535,0.1055,30.139312140976028,0.1055,41.5327195734748,0.1215,88.45887272830758
1601,734921,0.34850000000000003,50.93422360765065,0.35050000000000003,59.69597725384855,0.353,78.0196664190241,0.361,121.29916396025362,0.3985,395.41944510023626
1602,734921,0.541,34141.12926989953,0.5255,42169.52722083513,0.5215,39170.255971346814,0.5175,25072.273348473995,0.419,3224.085172666341
1603,734921,0.618,4207.618660604082,0.618,2718.241504127878,0.6135,1449.3650408179678,0.6125,595.7201274171255,0.496,130.6540050169261
1604,734921,0.716,4661.584451614402,0.7015,10285.108515703125,0.6715,17503.856647401884,0.6295000000000001,19470.590991804776,0.555,4187.180168974094
1605,734921,0.293,57.02426543822552,0.293,69.59826397890674,0.292,88.73544063610618,0.28800000000000003,123.21157212780521,0.28200000000000003,265.1768797944933
1606,734921,0.3225,3070.9190483713405,0.31,2459.723991512027,0.308,1870.5509184969515,0.3045,1278.14291710051,0.28300000000000003,468.7576495783429
1607,734921,0.1315,40.51923300876045,0.124,32.47453423515991,0.1225,27.48171779192067,0.1215,24.04944943941721,0.116,20.98176015545085
1608,734921,0.3595,332.45784022135433,0.366,424.37279236980254,0.374,496.350086730508,0.3755,525.7995092992483,0.431,404.7817076645687
1609,734921,0.181,29.30904624367391,0.184,50.28138401285334,0.20650000000000002,120.3906306291811,0.2155,436.3198647538386,0.23800000000000002,5966.105213622216
1610,734921,0.134,21.976335785480877,0.135,24.241263993548348,0.1405,28.376389473768015,0.14250000000000002,39.22437901605403,0.2755,194.45915020555827
1611,734921,0.221,118.84557079169893,0.221,102.63642625188,0.22,94.78381172279674,0.219,92.08463153494407,0.219,91.83316322304162
1612,734921,0.484,1051.0490084789785,0.484,956.7008527173557,0.484,824.1866161951568,0.46900000000000003,644.242847279826,0.426,299.2924529717633
1613,734921,0.5405,151.3827110459884,0.5205,125.127439875509,0.443,105.36615561990122,0.395,88.2184106068534,0.3595,60.09769307354528
1614,734921,0.3185,151.30191143893788,0.2945,131.39047218729814,0.272,118.1332394881428,0.2475,107.01289749909388,0.1625,91.15954726991957
1615,734921,0.1495,11.53338826212179,0.1535,11.109698246423063,0.154,10.994376886332237,0.155,11.20654105197908,0.234,13.136456704059672
1616,734921,0.24,192.84979070444186,0.241,309.14638433742033,0.256,480.43689103519927,0.258,721.1803269707589,0.266,975.8079676894957
1617,734921,0.3425,110.23287630419274,0.342,61.351098845363225,0.3385,35.88975501287953,0.307,23.733291699713,0.2675,16.586820692287194
1618,734921,0.252,151.85688832426118,0.2505,156.82150608811236,0.214,163.979646053787,0.214,175.37890691260668,0.214,205.09473765287763
1619,734921,0.1545,51.99623694622844,0.20500000000000002,109.43067678042176,0.244,288.9378426283692,0.294,1020.7295294478702,0.3685,28562.09295127208
1620,734921,0.47800000000000004,626.0823321337014,0.47800000000000004,492.87872211355955,0.47150000000000003,374.81373885062743,0.4685,266.0704340003348,0.4435,121.69246856131844
1621,734921,0.163,1004.1883212393791,0.1885,1106.863202325356,0.1885,1109.759662366105,0.2105,981.8128650559902,0.217,501.589415874522
1622,734921,0.1485,17.821506784103395,0.146,15.588490006052213,0.14300000000000002,14.154829554092563,0.1235,13.182037273300637,0.1165,12.949805490687094
1623,734921,0.2675,284.3758405285654,0.271,334.6287043915064,0.271,374.76883906525796,0.272,403.8777329277997,0.2785,415.6750216762981
1624,734921,0.547,3792.5529595382714,0.545,3714.5674855995762,0.544,3088.6219902107077,0.5295,2058.799285700224,0.384,580.1488027268184
1625,734921,0.2895,110.2966601620111,0.29,92.77559752929942,0.293,77.63909034153643,0.3355,64.58335816468333,0.363,55.16188903627639
1626,734921,0.6335000000000001,24098.67814049071,0.63,98055.23601012137,0.61,338090.38107496564,0.536,1001802.1119529034,0.513,2033748.7722551129
1627,734921,0.23850000000000002,24.267151642479178,0.23600000000000002,20.6986277500143,0.231,19.23175217131799,0.221,19.540796951236867,0.20500000000000002,26.128282581668955
1628,734921,0.331,60.889233661360926,0.3305,29.175743619932206,0.317,15.887393390076749,0.3145,9.787436388392399,0.2005,6.529105523683993
1629,734921,0.4175,2414.2305114224287,0.601,2917.464767722867,0.754,3275.839156333578,0.8425,3801.360380757107,0.8605,9346.769200661172
1630,734921,0.077,26.528391244118012,0.0775,30.17865308975592,0.0785,36.65353805656467,0.097,50.9070926299961,0.111,152.6137088150221
1631,734921,0.23450000000000001,28.54082355272724,0.2315,24.412058994913064,0.2275,21.7513347149154,0.226,19.870810822579326,0.223,17.841113828845256
1632,734921,0.14300000000000002,128.69022410278583,0.14300000000000002,158.4872576172133,0.14200000000000002,194.90788940215435,0.14300000000000002,241.10390543248292,0.146,321.8248687734279
1633,734921,0.27,999.4213864582032,0.2585,1017.6352740098513,0.20700000000000002,912.3458275672743,0.188,676.1717060642734,0.1705,221.76327043081199
1634,734921,0.196,379.4561096410123,0.195,373.85219228310984,0.17250000000000001,347.29945561244693,0.1715,300.58696217581877,0.1665,194.4305842932966
1635,734921,0.1535,41.38525834173477,0.1535,40.043404873641826,0.1535,39.323768357868836,0.154,38.81196824965366,0.155,38.054876306459704
1636,734921,0.1995,208.49273051753454,0.2005,250.62660113610949,0.2025,291.62395114952125,0.2745,325.7550600928202,0.2895,311.1427119504451
1637,734921,0.3275,32366.075302721125,0.3285,43581.61603676214,0.3285,46798.625309274976,0.3285,36342.29987488965,0.3275,5728.904157982867
1638,734921,0.1085,33.32260802925063,0.112,36.647744103666355,0.1335,42.74399227735411,0.1635,64.03633915308028,0.199,979.4330936199625
1639,734921,0.20650000000000002,34.94998539013819,0.2495,40.230080352583364,0.2555,52.81015215372769,0.299,90.58246244832146,0.331,469.7189111142491
1640,734921,0.4925,466.4762279094694,0.493,493.64635584538826,0.4935,506.8854740194862,0.4925,495.4295675131699,0.4505,336.1150599209651
1641,734921,0.166,217.56986497767844,0.178,237.94560734968312,0.179,251.49306070689013,0.1835,256.50922725141004,0.2965,234.7484747663017
1642,734921,0.462,7754.41866081563,0.3955,4172.789513341601,0.386,1985.312974852997,0.3045,739.404858086784,0.278,75.57588795937656
1643,734921,0.2335,677.3967163995652,0.25,914.0232612122768,0.2525,1258.0945513763115,0.34900000000000003,1731.6956484817538,0.4215,2078.6895109605134
1644,734921,0.40650000000000003,2921.1306165774126,0.432,1396.3456667150579,0.432,565.7939408370612,0.40650000000000003,206.42548293960084,0.401,75.63726717570242
1645,734921,0.2915,21.363789303030067,0.2925,20.198581534588516,0.2925,20.199071609030618,0.2925,23.15324797786521,0.2925,60.98451243796757
1646,734921,0.47700000000000004,75.12609950610461,0.47700000000000004,85.28301261307634,0.47700000000000004,99.47980947673712,0.451,122.51931865973036,0.259,200.18723107074177
1647,734921,0.2805,180.20873987296648,0.2955,175.8815418915617,0.2955,166.29819932952165,0.307,152.30593430138077,0.3095,125.10794543495736
1648,734921,0.6115,50.64219039485838,0.6655,88.09671304787204,0.7020000000000001,251.37284114176109,0.779,1792.0634413145608,0.8105,182777.90528549036
1649,734921,0.328,140.73639114722258,0.3165,87.19443381081624,0.302,57.17710991206394,0.187,38.47798133333018,0.1535,20.900250508272045
1650,734921,0.333,130.0367292958574,0.3345,161.54363945142725,0.4435,208.58132710350694,0.4645,287.14719075476194,0.46950000000000003,422.4690676782748
1651,734921,0.231,108.91352736008702,0.20750000000000002,71.02484604332996,0.20500000000000002,66.22417661171804,0.196,74.25538833624064,0.1835,102.7934743778346
1652,734921,0.2085,36.38078535070212,0.218,47.35506974196135,0.2195,64.92927445825444,0.2565,97.6164180248005,0.27,244.13604958402007
1653,734921,0.1765,21.0526028257282,0.1795,24.444149828234124,0.18,29.277940506865054,0.201,37.71369497759142,0.3565,84.61082628217493
1654,734921,0.265,687.7118909745361,0.319,1308.6209046996528,0.3225,2563.4259400521755,0.3555,5295.953992200959,0.361,14325.045548003869
1655,734921,0.083,48.252384117976874,0.083,52.01832883814345,0.081,55.646556811102,0.081,59.30003420626689,0.083,64.80136895194303
1656,734921,0.274,239.62138261002727,0.274,191.79980499551388,0.277,150.891339549224,0.274,119.61245720668188,0.273,92.98280674944321
1657,734921,0.17400000000000002,183.5839443071439,0.17450000000000002,161.25331003185235,0.17450000000000002,137.24655023197488,0.186,111.01135222916125,0.226,69.10572438060447
1658,734921,0.4685,953.3818574160066,0.3655,542.7030497073476,0.3585,311.0288532776544,0.3435,166.7369888824972,0.2215,56.44737820424195
1659,734921,0.20500000000000002,116.07525334016819,0.2205,137.65053455585243,0.222,172.67618352418725,0.233,230.15967111581938,0.275,371.1525634604224
1660,734921,0.2155,43.73852397778505,0.167,50.84560135260572,0.151,61.010410986157375,0.12,76.63287375934682,0.11800000000000001,121.5487427379446
1661,734921,0.314,489.1404604029614,0.315,364.8789133866781,0.3185,255.84241123217384,0.319,161.87464363461245,0.3925,65.58434488090963
1662,734921,0.0835,14.509107827568927,0.0835,16.1320099872678,0.0745,18.38665998106419,0.074,21.896640787270265,0.0745,34.321790454449335
1663,734921,0.2775,24.105313472044767,0.2785,27.374694303166713,0.2785,32.537065204966375,0.2805,40.47228392303685,0.277,57.66580416316316
1664,734921,0.28400000000000003,34.02625601754199,0.28600000000000003,41.53278510807196,0.28700000000000003,53.349472100833324,0.28700000000000003,75.54855762927927,0.2935,191.12730357258738
1665,734921,0.34,204.47575518625973,0.36,263.33472207532907,0.372,453.24656556209135,0.454,1144.5129904156565,1.043,95256.09026438283
1666,734921,0.272,920.1217042483928,0.34450000000000003,1876.4369842995188,0.389,4185.102337319149,0.397,9338.977457698664,0.40700000000000003,18391.063815854464
1667,734921,0.243,94.16108257345209,0.2285,93.6582558050263,0.132,94.12717189313153,0.1215,94.83851487731383,0.11,92.58590717539315
1668,734921,0.10250000000000001,7.865246883478679,0.10350000000000001,9.05627096881272,0.1045,11.260754134311792,0.14400000000000002,16.553722582400926,0.2095,67.15623418128521
1669,734921,0.092,42.62715670148554,0.092,37.48331769806503,0.092,33.53650378655213,0.0925,30.266256459864575,0.0965,26.320587432673722
1670,734921,0.251,42.65233723963833,0.2085,41.10114586986464,0.1925,46.305613718449436,0.1445,56.52170501444046,0.134,89.3848825492771
1671,734921,0.438,1208167.7327601912,0.4575,1761614.0162083618,0.529,1661429.7724175209,0.5505,895797.9742906115,0.6295000000000001,59719.05234475247
1672,734921,0.111,19.775023638372403,0.111,18.853188565318664,0.112,18.063580959659635,0.113,17.34270877869067,0.1345,16.67473227319465
1673,734921,0.1445,66.44924297992574,0.149,84.94797249836655,0.1625,127.59515217026984,0.187,248.1133637324982,0.2195,1662.9889581847874
1674,734921,0.363,1912.629181444588,0.3705,2003.0483170892974,0.383,1994.3171932059097,0.41150000000000003,1933.6951871127744,0.42,1880.9261981475395
1675,734921,0.1895,18.720349790404317,0.1985,21.234681783264218,0.2315,26.030386678895653,0.2685,41.40233969384123,0.331,434.56532844547377
1676,734921,0.343,63.067072365955006,0.34800000000000003,80.05301504236874,0.365,105.49788761402228,0.365,149.93613016934898,0.40850000000000003,335.4729097900768
1677,734921,0.3385,284.0898493754867,0.34,209.30927348789774,0.3585,160.37396606877095,0.363,128.84667493129655,0.41550000000000004,89.48252124616921
1678,734921,0.28,11672.15225461724,0.2755,3508.050273247165,0.263,916.9831935609151,0.23800000000000002,190.50501500341772,0.2145,16.30616235646291
1679,734921,0.268,681.0850136972956,0.268,1065.9332051062688,0.268,1572.1938759073857,0.2675,2158.278146712913,0.2505,2270.310352651877
1680,734921,0.28400000000000003,347.06781835875114,0.293,774.266664164849,0.482,1695.6036104461439,0.4965,3793.181769849899,0.53,12305.09852050566
1681,734921,0.5095000000000001,543.1701476492537,0.509,428.79948314805125,0.433,310.95557002871914,0.43,218.64098175402043,0.395,139.57516733081746
1682,734921,0.17350000000000002,127.6308800174493,0.1765,114.22369313788262,0.178,101.2023723358577,0.186,87.58616938897083,0.40800000000000003,66.3753221434495
1683,734921,0.269,41.46608954879831,0.3535,45.60946574690216,0.4165,52.7374758239419,0.4905,66.99991488383756,0.554,143.82232738839846
1684,734921,0.2465,3337.819417827164,0.1995,2333.518847987191,0.193,1508.884303184288,0.186,845.6217409067634,0.129,216.15392038617816
1685,734921,0.2565,85.90973390642532,0.27,92.27836096400863,0.36,101.20489546897849,0.399,114.33673389369464,0.5515,158.40065156294506
1686,734921,0.38,312.8351087003987,0.3575,258.0521955091284,0.3405,205.81193169601158,0.2665,153.0887108233206,0.2295,72.86251264145987
1687,734921,0.449,1180.2851495691657,0.452,2192.8509925748785,0.4525,3571.2013142870396,0.453,5000.763875217842,0.449,4477.900733746129
1688,734921,0.4415,817.2141052811658,0.4455,3254.7989998544826,0.4575,12520.383232851327,0.459,47186.38738097526,0.46,249632.94041280355
1689,734921,0.2335,285.38570539364184,0.2335,296.4233785471532,0.2335,314.48128174221716,0.2335,346.7000547727465,0.2335,384.19057833205244
1690,734921,0.6085,130104.17710183817,0.618,192476.5301673191,0.6275000000000001,164424.7802370849,0.629,69933.46617392065,0.6285000000000001,5055.307313342116
1691,734921,0.2745,56.07526473137706,0.297,76.62388941387354,0.314,110.04022833707987,0.3865,195.1165681813945,0.547,2656.0805901573713
1692,734921,0.554,37.51193810452911,0.712,41.23366431885366,0.7615000000000001,54.0168441592844,0.78,161.36439000496847,0.9505,69100.59430780917
1693,734921,0.247,3945.2134280893238,0.3335,5483.233520421902,0.342,6866.8729223387745,0.388,7459.955884218278,0.2485,4731.890421428865
1694,734921,0.507,1038.7075620570374,0.6715,1281.020782592365,0.6765,1506.9785159952714,0.6805,1583.1463487525734,0.67,919.616216568851
1695,734921,0.17400000000000002,124.35468924305833,0.17,102.8081516897016,0.1695,87.69477615889542,0.168,77.611893318367,0.168,75.11061362566166
1696,734921,0.28250000000000003,40.81053245566249,0.2795,34.30606937629212,0.2795,30.296895363119678,0.279,27.788153706391924,0.274,27.71183673530023
1697,734921,0.2265,587.5964878602346,0.2295,551.2489023850012,0.231,496.4611614575858,0.2315,422.33328661641906,0.233,270.2515560011657
1698,734921,0.2105,93.90229935726231,0.243,142.5322582175776,0.255,232.48380529647312,0.36,454.6399919543299,0.5615,3062.1559514131777
1699,734921,0.136,50.29424615978072,0.136,63.69399148967075,0.138,80.18259019493847,0.138,102.05184638796814,0.2115,153.2059011036169
1700,734921,0.1075,52.27878671116984,0.0975,52.55509412145854,0.0975,52.65653388300665,0.1075,52.67091744493024,0.114,54.9502357815499
1701,734921,0.298,409.5727020093591,0.3075,414.2548037234178,0.3085,403.77948905483385,0.311,370.76029740108004,0.3135,247.84122396300273
1702,734921,0.281,5802.080049967285,0.28200000000000003,3382.5966996350385,0.28450000000000003,1737.8415776672143,0.28500000000000003,709.082340246918,0.28500000000000003,85.45073999015254
1703,734921,0.275,65.33039413938492,0.2805,98.77505649655953,0.28200000000000003,158.48524572614704,0.2935,282.18560396937494,0.3105,906.0000195030141
1704,734921,0.3265,163.63920060106102,0.329,275.2432714717467,0.3295,509.1346862300371,0.3605,1047.8236362658868,0.5905,3270.621561063733
1705,734921,0.3785,1843.35227472275,0.40850000000000003,3604.2526871552027,0.47650000000000003,6475.021860707714,0.7685,11452.965066773057,0.8270000000000001,29543.312152982333
1706,734921,0.134,31.99921517378,0.1515,32.102581774345815,0.1535,32.624783786980544,0.1535,33.89355575831606,0.198,40.551967049819986
1707,734921,0.385,34.82434376656553,0.419,77.12056319395597,0.4535,401.5141596550479,0.46900000000000003,4305.465153484847,0.52,313347.9361834705
1708,734921,0.339,271.1343799932733,0.357,273.07642869698805,0.3645,354.49506444858224,0.37,679.0333896997936,0.3755,2506.2723986234223
1709,734921,0.159,28.380330912803615,0.161,31.911221207037837,0.162,36.570175561090416,0.1775,43.640587967653204,0.2885,67.47967542435038
1710,734921,0.2575,128.33710002086715,0.26,118.08517951838037,0.26,106.54315381716185,0.26,93.41606709165247,0.259,71.22995634189769
1711,734921,0.357,75.1573762836818,0.3745,89.73352440811759,0.375,105.56458384701622,0.3755,121.93928013346805,0.3755,132.70977846646912
1712,734921,0.209,236.17662444105517,0.21,422.1594839862852,0.2175,768.9591048328873,0.222,1458.9737810448385,0.2505,3822.9731151664
1713,734921,0.518,1811.282776390549,0.528,2816.594010184876,0.54,4356.825636596637,0.54,7117.076946829875,0.5305,12137.400188848396
1714,734921,0.1615,78.77586598876702,0.1995,93.54609425628321,0.20800000000000002,110.12656558555479,0.2445,129.80893484388076,0.323,164.06344113673737
1715,734921,0.3425,84.52330884871506,0.34550000000000003,86.91535057985875,0.34450000000000003,87.94387938693346,0.3375,84.85838552591815,0.3255,65.14310860237607
1716,734921,0.3585,1115.471284209861,0.3585,514.5943991383964,0.3575,224.74586535785338,0.329,92.42305301430227,0.28,30.660962421134716
1717,734921,0.46,164.5402502920773,0.4665,225.55855107387265,0.467,306.00269090526456,0.47250000000000003,430.5855349843423,0.47950000000000004,807.9968649901626
1718,734921,0.2565,73.57421727231564,0.23750000000000002,59.26194299715919,0.2335,48.334412933448085,0.212,39.159108964678104,0.212,28.169024958035166
1719,734921,0.14250000000000002,178.0136095100714,0.14250000000000002,152.87104229762215,0.14150000000000001,128.02330986612412,0.14,102.46185453821226,0.1385,63.639082575169375
1720,734921,0.2025,1417.1257741286188,0.203,1597.0496891220869,0.20500000000000002,1689.3127685300358,0.20800000000000002,1637.690456352934,0.211,1034.7936732480134
1721,734921,0.2505,495.8492153299919,0.214,375.00334262763886,0.20450000000000002,289.06198881893573,0.191,218.17176524100114,0.179,120.4279288031867
1722,734921,0.23850000000000002,53.166909621554716,0.2955,64.54303602270589,0.3125,87.3259414858895,0.3425,141.93611083747305,0.523,735.1720127034301
1723,734921,0.34950000000000003,104.97242552856434,0.333,83.47347594716356,0.316,74.68566468365046,0.31,69.3952502911154,0.2185,62.306436823189976
1724,734921,0.29,258.01228585512723,0.2935,436.681955795109,0.2945,744.4057978688778,0.2955,1337.730964793091,0.3385,3569.395737409004
1725,734921,0.634,219698.97004034082,0.5835,90323.0793166089,0.4885,28651.707586211363,0.4635,6867.46859890955,0.2505,528.8587062906801
1726,734921,0.3095,884.0410241644155,0.2705,1051.7015372999454,0.2565,1189.2150321314857,0.2435,1247.8421369942173,0.209,941.7364100336288
1727,734921,0.339,122.7829616866876,0.339,92.60507897972182,0.339,71.17815853478838,0.3365,53.7450771790138,0.331,31.915689960869646
1728,734921,0.5805,30.653747738268837,0.5935,43.93761037131793,0.5945,66.54005890789882,0.595,112.73289382264849,0.6045,393.23902887334424
1729,734921,0.23850000000000002,99.89335395736342,0.2195,92.69885370221316,0.20650000000000002,86.90132056932114,0.179,80.22478726083025,0.11800000000000001,64.16154705928048
1730,734921,0.1085,26.16404852873727,0.1325,32.020130774894874,0.1465,42.1452327454327,0.158,65.81804144460759,0.1925,357.5682602031502
1731,734921,0.2655,128.29323418539934,0.2675,107.82646016190135,0.2755,83.88070091104852,0.293,58.59556089848231,0.3125,25.658008813690646
1732,734921,0.151,47.143682183620804,0.152,46.36216349366124,0.156,45.37520852327203,0.1645,44.15520533662292,0.1825,43.92433952068184
1733,734921,0.1325,1287.3022230106708,0.1495,1769.4916269369542,0.192,2326.9267445661885,0.1995,2923.68653567482,0.281,3107.195361582224
1734,734921,0.203,91.33130905695126,0.20700000000000002,92.5501590590378,0.20700000000000002,93.44660757725649,0.20700000000000002,94.04254770093092,0.3195,104.41094455492703
1735,734921,0.188,38.15871292136209,0.1895,38.79431103295347,0.2245,40.33490307922263,0.2795,43.24177414719709,0.3145,53.8886705425921
1736,734921,0.28550000000000003,497.4725049190432,0.268,284.4510897148015,0.267,152.9365954146096,0.2515,78.07806420753546,0.1975,32.458492950449866
1737,734921,0.1865,197.45226298968882,0.159,186.11454995848985,0.159,169.15294281064092,0.1585,144.46606571976562,0.14200000000000002,87.55554269040914
1738,734921,0.1635,28.506255096588166,0.1635,23.806199359576897,0.17400000000000002,19.90564156420038,0.1825,16.41260551376499,0.224,12.240191745681573
1739,734921,0.4565,6536.958504014826,0.4655,15939.147873985336,0.47700000000000004,26058.6116739134,0.47700000000000004,23644.423590984014,0.4655,1605.0534992481591
1740,734921,0.445,67.97184584133097,0.494,219.72699623473875,0.502,805.4069159688543,0.5065000000000001,3079.0732958610465,0.4975,19394.248539260097
1741,734921,0.135,227.47525730035562,0.138,203.4358106755065,0.1385,175.0732706120152,0.152,142.8340857748863,0.195,93.76663875769772
1742,734921,0.14100000000000001,131.42646797302748,0.14250000000000002,132.04906342337128,0.14400000000000002,130.53939794082652,0.1535,126.08513018987482,0.1545,107.91806558079098
1743,734921,0.2435,11.815526354560157,0.2435,12.290347702289013,0.2435,13.338521601233719,0.2435,15.43490834309531,0.2465,24.916746129354042
1744,734921,0.1325,87.49846662081282,0.1325,86.85031550918093,0.1305,88.47370518335158,0.1275,92.90503821055943,0.1325,110.20934210727907
1745,734921,0.2305,118.78696056354032,0.2325,88.97597853371512,0.2325,67.73057045083101,0.2485,51.63195255642228,0.2775,35.48177636238208
1746,734921,0.40750000000000003,5025.158995711676,0.41450000000000004,9015.028111445641,0.4505,15016.4173543273,0.5645,25081.042384144836,0.6115,105116.27734237457
1747,734921,0.2185,1230.4327593434014,0.2185,1804.933810652549,0.219,2462.8243798280646,0.219,3102.9653407182454,0.3885,2930.313247818525
1748,734921,0.294,251.41877505069206,0.386,170.02252201572324,0.40750000000000003,114.52598126957629,0.4195,74.2085830503684,0.4495,33.2922022342653
1749,734921,0.241,212.50129730652705,0.1915,171.90654025329926,0.176,139.6474401619149,0.158,109.2792095920475,0.129,60.70852643474268
1750,734921,0.202,643.8383529197714,0.2145,985.8928779273953,0.258,1439.211749465718,0.262,2024.065829295042,0.2765,2654.7726148516244
1751,734921,0.6555,19243.43418795681,0.658,27165.565315841995,0.658,26329.4473739998,0.6035,15134.00044272533,0.5255,946.3687617809175
1752,734921,0.4675,65.32385550365947,0.467,85.43528270690622,0.45,115.20846340770322,0.437,163.95374759353606,0.2805,312.25698923411886
1753,734921,0.6065,71.92455303183918,0.716,76.64589402729128,0.725,129.91649966301281,0.7565000000000001,509.6465312984386,0.799,10418.451725577876
1754,734921,0.3245,691.5938066497121,0.326,1191.872272697677,0.335,1868.610542458286,0.3425,2657.5852035053304,0.47850000000000004,3352.186633029092
1755,734921,0.489,322.617892007961,0.5055000000000001,453.5657004964064,0.511,614.1132550036785,0.511,811.1551264385494,0.495,1062.8207715973415
1756,734921,0.108,43.36901924235303,0.113,49.10638294273887,0.1165,55.70516834902816,0.1305,64.20270291452367,0.2885,86.34436833864176
1757,734921,0.3865,4851.794636706057,0.314,3014.7030655169465,0.303,2483.246899878269,0.293,2221.139237564435,0.2675,1331.2055396983708
1758,734921,0.157,63.93105480480915,0.16,82.8576410529766,0.1715,121.46711704744632,0.17250000000000001,200.4191595133135,0.1945,455.2584397072092
1759,734921,0.28800000000000003,325.9634983927175,0.202,194.58736519938822,0.1885,115.1285792259749,0.1715,64.48409398625263,0.132,22.87025333139899
1760,734921,0.262,35.38152025398838,0.291,55.94970147758204,0.3005,98.1213062263368,0.309,200.5616310508983,0.3545,861.5074277600802
1761,734921,0.429,2565.9751195918657,0.429,2305.611435784817,0.429,1805.220953169686,0.41600000000000004,1117.8622047291913,0.28450000000000003,237.9701070838341
1762,734921,0.0995,8.947850645628808,0.0975,9.678615552580105,0.0975,10.89951090781649,0.0975,13.070084143222678,0.0995,21.90224230488328
1763,734921,0.267,189.6758089314267,0.267,192.49310670709912,0.267,188.5471470680827,0.267,174.75089487857556,0.2705,123.27932735516941
1764,734921,0.2565,286.79177084813125,0.2575,243.35599437194617,0.28400000000000003,196.17016905303512,0.28400000000000003,153.3486631912424,0.28400000000000003,128.32055055830395
1765,734921,0.5385,1157.45421402294,0.5495,1293.8517404534732,0.55,1173.1533442057168,0.556,811.7423389368048,0.55,208.33558438410532
1766,734921,0.28450000000000003,1288.3301826556235,0.28550000000000003,2114.4671605986227,0.28550000000000003,3205.920872427757,0.28600000000000003,4476.32736159292,0.28600000000000003,4915.5614085844445
1767,734921,0.193,68.87684445283737,0.195,59.255424591209554,0.196,51.305006595985155,0.20700000000000002,43.98460354322702,0.2305,33.46726444868482
1768,734921,0.232,725.4879613704343,0.232,460.3993326800258,0.232,278.0593257023563,0.254,149.04851506496462,0.2545,42.269063871480164
1769,734921,0.6195,14.972353156260212,0.6175,15.151254574562593,0.6165,15.91670225869884,0.503,17.808174715564157,0.464,28.940689058129383
1770,734921,0.28500000000000003,3218.857111926195,0.28400000000000003,3756.747692460391,0.28150000000000003,4000.2808535093523,0.1925,3755.4023392751933,0.178,1903.396185556875
1771,734921,0.9325,76682.06027241304,0.9885,269235.9379280034,1.0085,892656.9398839322,1.0090000000000001,1342947.4236163276,0.9335,67403.81464410016
1772,734921,0.1655,16.820931283123386,0.1675,19.19846931514259,0.1675,23.25927460427504,0.169,31.33543334075564,0.194,81.97647605311121
1773,734921,0.261,71.00610920512196,0.274,131.50343530320396,0.281,319.41386745330664,0.3765,1075.8532521660939,0.53,13583.137648247659
1774,734921,0.275,1807.0793557110558,0.277,3285.2867969624617,0.2775,5302.283292797905,0.28700000000000003,7590.24533313023,0.296,8043.7657906799595
1775,734921,0.1875,40.75684095110666,0.188,40.627788644946946,0.188,40.16645646567071,0.188,39.23978043681607,0.1895,37.08996102798384
1776,734921,0.2525,36.67131325999931,0.25,34.93747199176684,0.247,33.60388435175042,0.2435,32.4621302316824,0.24,31.532880213936235
1777,734921,0.1275,15.51510302035728,0.125,10.733931207608912,0.122,7.955370409346104,0.1155,6.168852045982125,0.123,4.733937961012496
1778,734921,0.181,52.865177710269016,0.178,48.85579116733002,0.1705,45.58403074139429,0.165,42.9088272875358,0.165,40.941791223181454
1779,734921,0.10350000000000001,14.58080407544078,0.10400000000000001,19.06659006312417,0.1105,26.0487424047959,0.2535,38.84399553426275,0.318,102.30746596225279
1780,734921,0.17400000000000002,49.15950981840837,0.181,68.16466309676545,0.299,96.4478125841865,0.717,150.27150917564842,0.8755000000000001,795.7958819426715
1781,734921,0.5760000000000001,26084.336927517834,0.5660000000000001,9026.283094652355,0.5245,2492.7318967365964,0.4645,540.1098572476285,0.3705,72.4221459273851
1782,734921,0.177,110.3626217893597,0.17500000000000002,87.30844461597144,0.157,67.60200235887388,0.1365,49.851773652161214,0.124,27.11821236147144
1783,734921,0.609,75.78367646492367,0.62,62.40518508201517,0.6245,51.49460776292961,0.67,41.62242189334625,0.7205,27.210526890090335
1784,734921,0.046,9.123202226965423,0.046,9.239166906669517,0.046,9.6069479697652,0.0465,10.392205506617692,0.0665,14.095924725093694
1785,734921,0.136,34.193725432050606,0.14300000000000002,33.6976612417476,0.147,33.65968545864026,0.17250000000000001,34.19773334678143,0.17500000000000002,37.77700526748177
1786,734921,0.41450000000000004,9608.861831823273,0.3925,7254.037247730975,0.3875,5279.72347111724,0.2885,3609.735291034192,0.259,1474.091661163895
1787,734921,0.28800000000000003,641.0212975219894,0.29,729.6604567696365,0.2905,763.4878335092626,0.3665,726.2199931032923,0.365,491.5246915111504
1788,734921,0.216,35.960955550692,0.216,35.16468104990603,0.218,35.003618061544664,0.274,35.897927575952764,0.3045,43.42986367014442
1789,734921,0.1965,97.83617376074177,0.1995,122.62362773820388,0.20550000000000002,155.70771208831832,0.2285,204.25791455543632,0.4295,326.5322605015414
1790,734921,0.2505,69.2803860050381,0.242,99.86734294809825,0.2305,150.1596870199866,0.2255,237.4048624369057,0.202,488.1860441311323
1791,734921,0.354,180.81890198020045,0.354,124.95633181360037,0.35150000000000003,81.28038699464305,0.3225,48.91951648852787,0.2225,22.44397966021097
1792,734921,0.1505,208.33801426042066,0.1465,164.2935383699514,0.109,125.11902507198096,0.108,89.58930610983619,0.098,46.30009298207936
1793,734921,0.17300000000000001,55.70166161201218,0.17250000000000001,28.91296705184689,0.155,16.18505436526674,0.1495,9.628064420612997,0.15,5.223002034229262
1794,734921,0.188,721.6696188901328,0.188,1272.5390157009967,0.1905,2113.4976328403873,0.1905,3364.9219150651275,0.1905,5509.063567710941
1795,734921,0.264,14.047103112253556,0.264,13.622748072011916,0.264,13.685326346158579,0.266,14.361844385987407,0.2665,18.57596777501033
1796,734921,0.325,88.66352740533057,0.325,75.69350959494814,0.325,63.73367439317675,0.3245,53.10390350293609,0.316,42.05188237603863
1797,734921,0.2245,106.21725453824723,0.20550000000000002,109.14865264428579,0.20550000000000002,112.41963246685822,0.20550000000000002,117.72258316220174,0.20350000000000001,139.74687667765957
1798,734921,0.197,156.8677605889861,0.189,122.46455589245524,0.17500000000000002,95.82451312214067,0.167,73.35146252194409,0.152,44.43356303383798
1799,734921,0.1835,71.21398367154715,0.185,70.4950273974703,0.188,75.02738027946573,0.1935,86.6379322065021,0.198,125.1537558140445
1800,734921,0.2515,955.207672476648,0.25,873.5609278234009,0.229,731.5660086841972,0.2235,536.9433768975192,0.20350000000000001,205.9121543312436
1801,734921,0.2025,103.82633551085583,0.2015,108.8921529387869,0.201,113.85607532962511,0.198,119.56137245841224,0.196,133.22060613173934
1802,734921,0.1715,36.791392890031155,0.17400000000000002,45.22846527230731,0.1775,63.93897980587054,0.19,118.39995130225496,0.324,702.7062143718691
1803,734921,0.193,87.05630610855675,0.195,58.37590486841424,0.199,40.159262758762864,0.2,28.166753347095728,0.231,18.550145457034105
1804,734921,0.20550000000000002,398.582288259701,0.234,811.9651635982964,0.24,1654.515751617934,0.243,3373.8704204610503,0.2795,8389.523560193864
1805,734921,0.454,30.22221575006373,0.4635,21.54704005856422,0.465,16.70572006586866,0.23,13.610716477702573,0.20650000000000002,10.687402332585492
1806,734921,0.47500000000000003,19.47377878917828,0.5345,19.377960003085857,0.5945,19.73617227048941,0.6195,21.25555108358735,0.6545,35.18712139787252
1807,734921,0.1485,64.11317897821925,0.1515,65.80467842976064,0.1515,70.4067107498014,0.1515,81.50705613414661,0.17450000000000002,141.22976214499027
1808,734921,0.4575,139.83348796859414,0.4615,171.8547289941724,0.492,280.6664963344362,0.492,587.9669093920007,0.4585,2168.3946999184996
1809,734921,0.1845,79.18014257658517,0.1875,67.95638834943186,0.188,57.98802953995772,0.2025,48.454854284362625,0.2185,35.72276174604874
1810,734921,0.47350000000000003,43.201099876304866,0.47150000000000003,32.91715328182084,0.47000000000000003,25.880973948679237,0.4565,20.59650561198843,0.3105,14.758326879632564
1811,734921,0.2565,37.03306004181336,0.2565,44.7069733759711,0.2555,53.38631892202865,0.2555,63.13663463515392,0.252,81.22940979677466
1812,734921,0.5325,3838.5268769140475,0.537,5895.039468380674,0.5395,8180.329066153294,0.5730000000000001,10021.055971216887,0.5755,7003.729964714728
1813,734921,0.2605,50.80816597016545,0.2025,46.32742047134293,0.17350000000000002,43.13646769151722,0.1405,40.118164045225384,0.1215,33.791966556535805
1814,734921,0.138,25.27964860109591,0.138,21.858620307791725,0.1385,19.634726314575882,0.139,18.30562714028549,0.168,19.114276457884607
1815,734921,0.1975,69.1750769805108,0.215,105.12904406512698,0.221,168.5329393768479,0.223,297.88753575796954,0.3175,992.9396711329912
1816,734921,0.158,127.8222974319886,0.158,115.60983487926971,0.158,105.52809503803513,0.17250000000000001,97.01531959369647,0.17250000000000001,88.47075470961579
1817,734921,0.1565,26.436489186893006,0.1585,26.656434088730528,0.1605,27.04014763161735,0.163,27.919086909091472,0.1645,36.27917262689023
1818,734921,0.4355,1369.542326810631,0.4425,1277.7363626149813,0.45,1133.3717460218982,0.4425,903.7725307037891,0.4185,340.75762150326733
1819,734921,0.3565,407.020014485357,0.383,763.3459437981795,0.3995,1468.1973989333687,0.41000000000000003,3067.9621587365996,0.4515,12505.216200724142
1820,734921,0.3185,1897.4040695115077,0.316,2041.147995807036,0.3045,2081.721119666559,0.2995,1913.6822710502304,0.2995,980.6078423581481
1821,734921,0.3035,288.9359210661062,0.28250000000000003,94.48331108559859,0.254,54.30438673044918,0.21,47.91360919239695,0.177,50.863272186058396
1822,734921,0.3235,244.71786605355948,0.3135,265.98843241095,0.28550000000000003,277.1992082877277,0.2335,279.4262176188049,0.2005,268.0773630293146
1823,734921,0.355,1025.4120614255285,0.3555,796.7787495553401,0.356,595.2711580428202,0.3555,441.48799981340704,0.34950000000000003,294.16519930396515
1824,734921,0.20700000000000002,218.87527604675108,0.2025,307.50089616706595,0.2025,440.82227583519983,0.187,646.0825376752207,0.1855,1060.0195732261343
1825,734921,0.183,18.963251863765173,0.193,17.630432712583737,0.2455,16.724294867843273,0.2455,16.24439111606218,0.2455,17.887607859970643
1826,734921,0.127,34.594632314414554,0.126,33.240142056759645,0.115,32.13302299640296,0.1145,31.169256615326596,0.115,30.372150642306313
1827,734921,0.669,35357511.324797235,0.6625,23337099.726822574,0.561,11053898.532141985,0.5315,4048122.610734116,0.461,87813.90575592674
1828,734921,0.7215,197.71372706587195,0.761,423.9356768693812,0.932,673.3397381754193,0.978,666.2236559606868,0.978,215.67520846712767
1829,734921,0.4465,62.837235294321836,0.47700000000000004,62.17506871905629,0.4925,62.4281160729328,0.5025000000000001,64.47634869784004,0.504,120.60864979737826
1830,734921,0.168,24.194965105165423,0.176,24.59242100540935,0.1815,25.72343596405699,0.1845,28.040632548318772,0.647,38.145555536690956
1831,734921,0.838,271825.78543548577,0.8415,290372.5462575815,0.841,256622.4941229796,0.8345,171004.50015027798,0.6880000000000001,24265.404127231646
1832,734921,0.1085,15.667313595281856,0.1105,17.532580065937438,0.1205,19.994896204881908,0.123,23.73384911700873,0.2555,38.13050774520644
1833,734921,0.161,314.6790486376465,0.1595,271.6866159582164,0.151,227.0619655570975,0.1495,179.78571841399963,0.1495,107.41401849576796
1834,734921,0.28150000000000003,270.36247322600315,0.28300000000000003,278.1536243070257,0.28650000000000003,282.0902358284977,0.2945,286.97817898561067,0.302,313.1758887126203
1835,734921,0.3805,5484.302712250636,0.3575,4054.716396327423,0.3435,2591.3875277914594,0.333,1316.2040906111356,0.276,217.9845212806976
1836,734921,0.295,25430.068483409057,0.289,28163.520721822897,0.28200000000000003,29133.6477854117,0.263,26618.615841279203,0.242,11646.07466574962
1837,734921,0.3305,213.26557762975003,0.325,228.68402185329188,0.2425,243.22267809156597,0.1875,253.66858258254805,0.116,230.1457750675822
1838,734921,0.176,1183.3573876463709,0.176,1195.0544243811262,0.176,1162.9225757301492,0.179,1056.0364729005778,0.1815,623.9470228327655
1839,734921,0.267,568.5974292186824,0.263,862.2204498731169,0.2565,1207.1287116388662,0.2515,1530.8207510543086,0.20650000000000002,1351.860816760589
1840,734921,0.18,201.87167805682898,0.18,143.52655717877667,0.186,101.98644607670496,0.21,69.90044779774152,0.214,34.72290826032624
1841,734921,0.4985,144.91739205132734,0.462,104.79921150894035,0.4415,79.6077883983849,0.27,57.70089080612135,0.1695,29.57097447713641
1842,734921,0.5245,7433.150749376756,0.47150000000000003,2479.437461327597,0.4605,709.3114842909619,0.342,177.07669916212234,0.25,64.51103163256418
1843,734921,0.7095,423.03409163058274,0.592,330.3014644183129,0.433,229.24119926570336,0.40800000000000003,132.92271404498703,0.28350000000000003,38.55218079790684
1844,734921,0.323,161.1458797900362,0.327,327.74124420761984,0.3785,683.8340802725562,0.4035,1438.5255809080804,0.5515,3305.055819044446
1845,734921,0.29,35.06656310621711,0.3415,42.47478000968336,0.3925,54.073607937638535,0.4015,79.34559731265351,0.465,493.0815291949286
1846,734921,0.6795,1903.154353852288,0.7315,2445.8403625797905,0.76,2809.701757335387,0.8715,2810.756388639818,0.6970000000000001,1644.1810610562238
1847,734921,0.2745,2680.3421824485613,0.2805,2319.522174406547,0.28400000000000003,1798.1380413760266,0.292,1156.5278971877071,0.2975,287.9601846753888
1848,734921,0.17,237.8083962600529,0.148,256.288823857209,0.1475,271.0716975234342,0.1395,275.29163291935765,0.1305,222.32501998437087
1849,734921,0.3105,1261.7923598139544,0.3115,1330.4277710912536,0.3185,1362.3459913039271,0.319,1312.5032929290232,0.3335,827.7419375190623
1850,734921,0.334,424.2278756234804,0.3535,562.4349154398371,0.3725,697.8203122704206,0.396,786.6615806937788,0.421,582.7372555621346
1851,734921,0.6745,404.64176684350457,0.6725,228.08069687970706,0.6585,96.06983283173008,0.6475,38.11448650358984,0.3925,22.747197747765103
1852,734921,0.34700000000000003,469.9152872208964,0.47900000000000004,593.8777160259762,0.485,748.0482748437363,0.5055000000000001,968.8938492353539,0.5345,1672.803654597874
1853,734921,0.23800000000000002,28.865315215539102,0.23,16.52264271142187,0.2225,10.796993848141913,0.203,7.717736627492205,0.188,5.468355473952225
1854,734921,0.55,237.1389123036961,0.5535,244.616763491051,0.5725,225.34254959362838,0.5730000000000001,177.92098835194992,0.5515,99.94609361015158
1855,734921,0.276,611.2718773557121,0.267,551.6877733945912,0.2615,471.9115304272821,0.23950000000000002,373.3562532228213,0.2315,202.36468470669476
1856,734921,0.252,42.616198292445695,0.2595,34.01147465681344,0.26,27.477826416307437,0.2605,22.217097682826402,0.2635,16.57843565080687
1857,734921,0.192,23.11959822970616,0.191,20.077770670456843,0.191,17.881766309769034,0.191,16.545892133920916,0.191,19.309247415795745
1858,734921,0.2285,38.899575634149876,0.2325,33.29640538650085,0.23900000000000002,28.951846461241168,0.2425,25.75975769872982,0.396,30.351217943017375
1859,734921,0.213,38.26509875837106,0.213,53.09974172005144,0.2445,79.10491117692573,0.2985,125.51435761069598,0.312,260.73177922392756
1860,734921,0.1585,37.67511984463122,0.161,40.36832683625718,0.165,47.63679812280913,0.1835,67.18284783031284,0.1965,212.2858548617473
1861,734921,0.35000000000000003,287.59325538293956,0.3535,476.2286291519336,0.3555,900.4769292606949,0.3995,2144.3417106829957,0.3965,11395.881603626212
1862,734921,0.267,39.347588291761326,0.267,45.25997381863245,0.267,52.19447762410049,0.267,60.969229272738126,0.267,81.60635740851902
1863,734921,0.387,263.6826291709007,0.41050000000000003,334.3786380241463,0.49,458.34834917486086,0.5375,641.5965167664989,0.5425,728.2871492466209
1864,734921,0.41350000000000003,119.72041239467339,0.4055,112.61467722393247,0.306,104.81152790846784,0.2635,95.45685054015594,0.219,75.41520409970781
1865,734921,0.155,25.07982364104768,0.156,25.59297720610298,0.162,29.269260774273096,0.1675,40.13536002112262,0.194,114.64804319215126
1866,734921,0.28300000000000003,43.79173421545809,0.2785,47.61599897068855,0.27,53.714413890028965,0.20500000000000002,63.068501589718075,0.1635,89.54074925714136
1867,734921,0.241,59.285992824051796,0.2405,55.137082114060064,0.2405,52.69330317889009,0.2405,52.11973562196481,0.241,57.911593067613374
1868,734921,0.277,868.2846426702888,0.305,1230.5283137330466,0.314,1654.8688666103858,0.338,2152.4918171408676,0.5515,4167.865756464524
1869,734921,0.2195,188.15284742946815,0.228,228.25218140758403,0.2315,271.26929780587585,0.23600000000000002,321.1408920023565,0.3405,674.7241553262231
1870,734921,0.184,51.28627445492357,0.1865,48.11314969804752,0.187,45.92398700720573,0.2145,44.274290545761986,0.28150000000000003,42.68672558879796
1871,734921,0.10200000000000001,20.08648130475181,0.1485,23.898116963502527,0.149,28.95895082251131,0.152,36.67360002300551,0.1635,63.643510553033806
1872,734921,0.17,17.372287296834102,0.171,15.63953513462248,0.1805,14.526975892654395,0.1825,13.922441914151813,0.225,15.019136906208855
1873,734921,0.161,78.02754392260755,0.1945,81.4305801977531,0.198,84.90725127519275,0.23550000000000001,88.78225847684492,0.26,98.02645894182461
1874,734921,0.257,414.27405171278514,0.2565,426.52242354471593,0.256,421.8217747828367,0.2555,393.6856122534524,0.245,274.0676866999753
1875,734921,0.322,33.665901322516795,0.421,32.79432384779105,0.4235,32.942872448302246,0.4235,35.20631164696789,0.423,49.507551758462455
1876,734921,0.1405,180.08821690149918,0.1275,208.0547394277791,0.1255,233.02152254322908,0.124,250.1370604916008,0.1235,222.4873091894045
1877,734921,0.554,464.6242373397379,0.5630000000000001,689.8525170286331,0.617,1395.8350464366113,0.63,3120.5025356360275,0.673,5764.568558882669
1878,734921,0.4895,142345.55407490063,0.484,79558.65065183469,0.449,29323.514490565616,0.4235,5950.664907926289,0.3935,106.89815451761088
1879,734921,0.1265,63.49523357934773,0.1255,46.07632429424344,0.1235,33.905894354248616,0.11750000000000001,24.615265273322105,0.115,14.422339681488955
1880,734921,0.101,22.742077650371197,0.1015,18.954744023921148,0.10200000000000001,16.346825907109668,0.1085,14.392274536010543,0.131,12.566100496537112
1881,734921,0.4225,34.53092777503066,0.40750000000000003,38.79297110510357,0.39,44.832406797267126,0.377,54.455179174375345,0.3545,98.49876412163458
1882,734921,0.279,1276.0927783938182,0.3795,2182.229478685948,0.394,3816.184444669264,0.40850000000000003,7848.507032725325,0.5235,43956.00391422238
1883,734921,0.40650000000000003,353817.6655504007,0.47350000000000003,508396.82351883396,0.506,520162.008272755,0.5155,334423.03793572716,0.5115000000000001,82055.87686022898
1884,734921,0.2655,230.03815372555923,0.265,193.07212393481026,0.263,161.52466889055586,0.254,135.41070963431326,0.249,117.47583104065576
1885,734921,0.28650000000000003,149.5073171024418,0.277,148.05707172673553,0.257,143.9282777332035,0.2525,136.02179609057887,0.2475,112.02238241898559
1886,734921,0.2205,104.46446601729372,0.2205,135.8142174118002,0.2205,179.26331581804533,0.2205,243.9572465171551,0.221,400.30557926228846
1887,734921,0.17250000000000001,43.18967554474561,0.167,47.012910303073205,0.1665,52.737522894027435,0.1645,62.51601764539062,0.1645,98.98757481117215
1888,734921,0.5625,1163.2899572101564,0.5645,747.0735128422044,0.5655,433.22348347141514,0.5645,220.62231091832808,0.546,86.47726960147013
1889,734921,0.608,5932.129012831682,0.608,3757.494646490352,0.607,2185.8445107959287,0.5645,1167.6893311877425,0.506,361.2331453565016
1890,734921,0.2615,192.57036389262254,0.261,184.04283282445064,0.2605,177.78948489347533,0.251,174.0953268237171,0.2295,158.82733762276527
1891,734921,0.1485,15.450617840666705,0.1485,14.874452756757915,0.149,14.578624193681058,0.151,14.529530814479937,0.1625,15.512865823542242
1892,734921,0.106,27.91799971948419,0.106,33.35483865735152,0.106,40.629820848123664,0.106,52.12143729396787,0.1235,100.13114020936735
1893,734921,0.47300000000000003,261.98210666982595,0.466,100.94964611492682,0.4455,71.5559404848233,0.4365,66.63390652461425,0.375,60.49470733513221
1894,734921,0.378,367.1058021589344,0.3805,668.4360161566765,0.386,1207.2364388566243,0.41000000000000003,2203.16093004912,0.449,4946.00816170747
1895,734921,0.0825,7.060361889014517,0.0825,6.650807047942971,0.0825,6.415793058565901,0.0825,6.356580500394129,0.092,7.168223590701807
1896,734921,0.498,153.9320222498962,0.4945,98.67115384687622,0.4885,66.21276165953613,0.47500000000000003,44.75407186508607,0.3395,23.760785606735283
1897,734921,0.259,20.924274784196257,0.2605,32.347162114733244,0.2625,69.05167353712125,0.34500000000000003,194.67266365555773,0.446,1117.0178865816467
1898,734921,0.18,10.717298900704202,0.182,11.575313981079944,0.243,13.19696998829846,0.2455,16.323526100246536,0.281,31.32819814246703
1899,734921,0.441,446.6915449627377,0.462,930.4299368607252,0.6245,2675.5325778604993,0.8290000000000001,9245.563421682868,0.995,52534.05027656252
1900,734921,0.2175,173.61075849407527,0.2175,181.26808106144173,0.2175,187.4338645937564,0.2175,192.0251093783811,0.223,192.2431827703719
1901,734921,0.125,33.707752809190175,0.125,31.84301745647403,0.126,30.88289222094224,0.1265,30.89725212031347,0.18,35.2422930859459
1902,734921,0.5295,2791.219299388228,0.535,4607.914449014819,0.5455,7677.873937257189,0.56,11365.770695579076,0.9165,7403.893011600486
1903,734921,0.2795,444.7742713407107,0.28150000000000003,372.9379367684211,0.28200000000000003,310.20121538134777,0.28750000000000003,251.06778085442687,0.2795,170.55333105934426
1904,734921,0.481,2730.7177369779724,0.496,3446.6277577433984,0.4965,3805.3454717511413,0.496,3448.697059474433,0.47600000000000003,1281.6917323182768
1905,734921,0.294,39.2780319942087,0.292,33.458201416749745,0.2715,29.13258677196988,0.267,25.683863658608107,0.2275,22.394404344980945
1906,734921,0.226,50.12554272115903,0.2315,45.085137788159905,0.23800000000000002,41.64462339570197,0.243,41.55051672863779,0.2895,193.03767269533753
1907,734921,0.1505,61.79632162530023,0.167,71.62046375232153,0.17400000000000002,85.56511388837649,0.2005,115.33920430236445,0.28,428.0658076819981
1908,734921,0.275,15.43148877817948,0.505,17.96852526031333,0.801,23.490990212887628,0.8325,51.11441885353771,0.855,402.930548410664
1909,734921,0.3905,1390.77770991842,0.3815,1166.6855530698015,0.341,937.4343074857202,0.2885,675.4563934466267,0.209,269.2504387335943
1910,734921,0.14250000000000002,26.105872765959326,0.1405,28.089235707279283,0.1085,31.210554746125208,0.1075,36.66147180405599,0.1075,59.23092088819584
1911,734921,0.312,118.15452411707888,0.28500000000000003,85.11373804657015,0.279,65.76182845040785,0.2455,53.30618466486009,0.209,43.24291601645504
1912,734921,0.2165,146.07558892385353,0.2175,131.48076248881853,0.2175,117.90419279843881,0.2175,104.5049045861368,0.2235,84.09375875966556
1913,734921,0.23800000000000002,100.59020579992193,0.2435,170.49880630175215,0.247,284.97358141361474,0.2595,460.56987072735075,0.459,743.1481239501918
1914,734921,0.41150000000000003,635.6371145622646,0.41150000000000003,488.41889722860964,0.406,349.28715077061906,0.393,221.79185159250258,0.2495,75.65439250326887
1915,734921,0.214,52.32396889136031,0.211,53.37278273611782,0.2105,54.69615333482499,0.2095,56.69307273646997,0.2155,64.48967208838701
1916,734921,0.3755,34.68898611982441,0.372,27.174587215188414,0.368,22.27008113296401,0.31,19.97959358704314,0.2885,22.18105793016904
1917,734921,0.0955,55.758668888340104,0.092,57.48238101966237,0.092,59.964311124112605,0.10250000000000001,63.43435558190161,0.194,70.77299658676431
1918,734921,0.385,386.5081557094458,0.385,351.1190046296352,0.383,290.12434774489134,0.3415,219.4053499013877,0.332,115.09937770999608
1919,734921,0.2645,18569.77894081156,0.2655,28289.02301377012,0.2665,36592.250908349044,0.267,36949.42623905035,0.2655,11747.96841351875
1920,734921,0.434,290557.5013756216,0.398,215316.82276237736,0.3925,129505.93842613546,0.34850000000000003,59011.57695201925,0.2995,5663.160292997429
1921,734921,0.443,345.3038982869608,0.4485,530.5601381753797,0.4495,769.1974664720416,0.453,1087.6647542403143,0.454,1531.4928594567093
1922,734921,0.34950000000000003,70.43674285589708,0.365,66.4950679504032,0.365,62.565112438938705,0.3695,60.12792548241056,0.315,64.69178159348219
1923,734921,0.1145,32.327148022746094,0.1135,26.150726267550436,0.1145,21.924304911498158,0.115,18.668875744639838,0.1215,14.842433649503397
1924,734921,0.23450000000000001,149.34722557063026,0.23450000000000001,144.58938449715998,0.23450000000000001,142.21255479045718,0.23600000000000002,139.65954023844196,0.23700000000000002,124.94912330972383
1925,734921,0.0835,21.671440110515654,0.083,19.04109346539521,0.083,17.342315620619733,0.083,16.189906924945248,0.0895,15.453220565111529
1926,734921,0.28600000000000003,3474.890065219112,0.3245,3513.416332168664,0.3585,3202.481366085054,0.3715,2507.2381664303202,0.3965,1051.9967415064252
1927,734921,0.1935,18.431307450210497,0.187,20.422098703811518,0.125,23.21924897796002,0.1215,27.527827466753624,0.116,41.21833646663054
1928,734921,0.1665,17.41559331831231,0.1695,18.244894015019668,0.2185,19.51472764530049,0.2235,21.459037029646414,0.2325,27.210539604901605
1929,734921,0.199,31.909012104409552,0.199,34.08882546642142,0.199,36.67368723531353,0.199,39.96165887450383,0.222,47.40658753571751
1930,734921,0.15,29.800882276128164,0.152,31.198349759097283,0.1575,33.397529422744896,0.162,37.274817232615774,0.3245,60.91243808235947
1931,734921,0.17350000000000002,65.07301685132327,0.156,44.28772919503378,0.152,32.218527549695196,0.14400000000000002,24.623153524983845,0.139,18.667439491668247
1932,734921,0.301,35.62849886123981,0.2965,32.984564743879005,0.296,32.52193163517681,0.293,33.948438257930725,0.258,41.486712236585774
1933,734921,0.35150000000000003,161.62107451525426,0.373,102.50231609463565,0.396,66.76453925958431,0.4025,46.49699764398196,0.441,56.2854340113015
1934,734921,0.2745,52.510949187870594,0.2465,30.279378752616264,0.23750000000000002,17.59666429443682,0.115,10.168926545197642,0.098,5.052119746769915
1935,734921,0.595,70.27463619095403,0.5995,80.95456256624058,0.6075,97.59957969622076,0.6605,136.5280756243185,0.744,343.64946149013576
1936,734921,0.40850000000000003,134.33868860248322,0.428,278.2155048025049,0.4485,634.5327576684685,0.46900000000000003,1643.3764492124456,0.5535,7273.912512563351
1937,734921,0.199,136.4539589670491,0.2275,206.15287259257457,0.23700000000000002,325.29015835577076,0.269,548.359007568602,0.3285,1422.6120783517517
1938,734921,0.371,2792874.274125775,0.376,1373471.744935986,0.385,514477.14782084024,0.43,138307.98154390897,0.43,8972.066122872848
1939,734921,0.116,172.76257183232116,0.11950000000000001,179.81259378184828,0.12,183.59089520341217,0.1285,186.3162399394114,0.171,228.3156795826127
1940,734921,0.219,30.486224318744753,0.219,33.71353075134261,0.22,38.32793149913511,0.2265,46.359406613721255,0.2315,83.9747507066335
1941,734921,0.544,38.6226951180718,0.5405,41.749892689284486,0.417,47.606469483420135,0.244,57.744650523851526,0.2125,95.22215246937466
1942,734921,0.14350000000000002,255.51916828982888,0.14350000000000002,211.5187607818273,0.14350000000000002,169.31410168923807,0.14350000000000002,126.55154828273443,0.1535,61.98615802451954
1943,734921,0.2775,1571.4485568945336,0.28300000000000003,3773.7551012336494,0.875,8847.43542321964,0.906,19291.403607834047,0.9625,35273.003471694145
1944,734921,0.2175,24.06464161031196,0.2225,41.21020483904908,0.23500000000000001,86.5540132806167,0.3115,237.2955753202855,0.4225,2133.2326324139826
1945,734921,0.218,148.07427951283725,0.221,171.6324701154963,0.2755,213.9029584510641,0.4555,306.31375522655145,0.4665,818.5733280983578
1946,734921,0.28,53.760997706695804,0.281,42.77211052255234,0.28350000000000003,33.675370391926315,0.28350000000000003,25.74621285855527,0.2995,16.321593387144066
1947,734921,0.10400000000000001,45.67800987708538,0.10400000000000001,57.952905886439744,0.10400000000000001,74.50747689295943,0.107,99.18093191632163,0.218,171.48150159729772
1948,734921,0.151,44.28543548548468,0.148,36.98012715904868,0.148,30.855402495688846,0.148,25.372183764452796,0.152,18.343022926461902
1949,734921,0.1685,30.755026768784713,0.17350000000000002,28.457650659094377,0.17550000000000002,26.790624003591258,0.1775,25.667564007423845,0.184,26.646899513076814
1950,734921,0.199,433.12286752490525,0.199,418.6755644364115,0.1995,402.2034917392271,0.1995,393.1261690564164,0.20400000000000001,441.95165185664126
1951,734921,0.302,627.9553435673017,0.3055,748.7183187177153,0.379,811.2643414199332,0.406,774.0946373846576,0.5165,635.0346109593253
1952,734921,0.3435,947.5061349352634,0.3085,502.72964617326653,0.28500000000000003,276.3688180933157,0.257,185.2360439923365,0.227,188.7745536690646
1953,734921,0.155,34.722172761723826,0.154,34.17125148784001,0.1535,34.90217517474033,0.1525,37.55139569447763,0.155,51.20618784065499
1954,734921,0.383,120.63670806392068,0.4445,139.75161090298496,0.47350000000000003,166.79466470965366,0.47700000000000004,203.03578927181027,0.47350000000000003,237.26784347630957
1955,734921,0.2985,65.27789452051695,0.293,72.89217680608482,0.2805,79.77771565266332,0.275,86.3421685346293,0.261,98.55782738717413
1956,734921,0.167,49.78272597642621,0.166,39.17921337233753,0.165,31.177125903509452,0.1535,24.73487136868392,0.154,17.655362601165248
1957,734921,0.2915,572.698866019255,0.295,722.4643702637993,0.2965,899.2110389029638,0.2985,1093.7162374982413,0.325,1191.7612652683297
1958,734921,0.1855,218.10976371903783,0.181,185.68715344786457,0.182,162.6824643434728,0.1845,147.1976341633788,0.1855,133.52345833193579
1959,734921,0.277,191.3805063307728,0.4205,310.56462677331274,0.722,664.6521259196904,0.8245,1926.566665623653,0.9965,15234.572132077423
1960,734921,0.0925,11.778672068059178,0.099,11.306953623508832,0.0995,11.06252065413782,0.0995,11.143073397506864,0.10200000000000001,14.203730797547058
1961,734921,0.64,138.20895406265527,0.5415,122.50200413952888,0.3275,109.46194555089235,0.2545,101.37363958767125,0.2175,110.76307410029652
1962,734921,0.6065,765.1262308051606,0.6085,751.0442209080744,0.608,677.6814762440767,0.606,520.5681177001338,0.41550000000000004,185.05957958799306
1963,734921,0.22,60.47813421494572,0.2185,33.980378337564,0.217,22.413529618062544,0.2155,15.979814773640152,0.167,9.909909295060789
1964,734921,0.20650000000000002,7.5966573931038734,0.2105,7.760591047773971,0.221,8.582446537753857,0.2445,11.218716964929957,0.306,43.886567696571795
1965,734921,0.3755,77.93039028779943,0.395,95.36044965359984,0.561,124.64452915824828,0.585,184.9612838479026,0.711,505.7878746601155
1966,734921,0.166,179.79272782995693,0.199,143.10840683608964,0.2155,116.77014569265057,0.2165,94.48437020503663,0.222,53.28814131111281
1967,734921,0.35100000000000003,23.441810057889274,0.364,29.814117860822474,0.379,38.6527228709057,0.41400000000000003,51.82594732147324,0.528,93.28320689142016
1968,734921,0.3195,40.411043220904595,0.3125,49.80445670505057,0.3055,63.239863882061705,0.272,85.19067453274629,0.2095,163.24703431877418
1969,734921,0.28400000000000003,96.47503596079973,0.28300000000000003,110.50124893075807,0.2775,127.50639332955534,0.2745,150.44728011006927,0.266,209.3032416639671
1970,734921,0.1995,53.29945286064981,0.2205,52.58517438901668,0.221,52.8286000505521,0.2225,55.4125383572304,0.2275,79.6584891629266
1971,734921,0.1895,16.352079649727287,0.19,19.673629208959827,0.2015,24.70289955322182,0.2195,34.01285894904263,0.233,94.63852546516618
1972,734921,0.2715,414.1732695527784,0.2475,375.6497643366477,0.17450000000000002,335.8220347196179,0.1505,285.13481077212657,0.1395,173.68151515576108
1973,734921,0.156,142.12555750483898,0.158,208.61561270368992,0.17550000000000002,304.9283174106704,0.183,457.5898564950284,0.3635,895.2475810107858
1974,734921,0.23650000000000002,76.46984269459179,0.132,121.69836006694688,0.127,199.80277885527192,0.13,348.5338451014329,0.318,899.0435655816891
1975,734921,0.866,26736.17191853537,0.866,10419.497127616107,0.8645,2422.6089895640334,0.8345,447.51632681989474,0.484,123.1286849943729
1976,734921,0.4305,2819.046064396195,0.443,2345.843630962578,0.4545,1839.6934251255386,0.499,1309.6978091058502,0.5335,499.80031636872513
1977,734921,0.2505,109.24274043454295,0.25,98.44410481954951,0.244,86.81893377422436,0.2405,74.12396675775264,0.23650000000000002,54.72299573942262
1978,734921,0.298,62.895763637328514,0.298,79.95551975008784,0.298,101.28497189149587,0.298,131.29779634787582,0.2975,224.94795323739723
1979,734921,0.8405,28702.927129019597,0.661,3757.5871575701426,0.613,237.567797883291,0.47000000000000003,12.601364489696024,0.145,9.189398054029239
1980,734921,0.2255,822.0420497303423,0.2255,436.4417016303398,0.209,232.3434526527243,0.20650000000000002,125.19848102147684,0.1945,57.41747851190957
1981,734921,0.2015,107.72591665230912,0.2015,91.25033170858903,0.2015,76.61902373335249,0.2015,62.08370043628974,0.2015,38.78278459960268
1982,734921,0.3555,51.720707147649506,0.3605,65.1074532651943,0.3685,82.17736218071481,0.3765,108.16505212206594,0.3845,216.1549768362584
1983,734921,0.1875,103.65853528537963,0.1875,102.20378245202,0.194,99.3448685714305,0.198,94.27131593343142,0.2195,82.55055252664566
1984,734921,0.229,882.9696009121003,0.20650000000000002,512.7945485415995,0.202,275.89305308118895,0.17,131.23663145304732,0.1515,33.10174030365085
1985,734921,0.2515,141.98969616571634,0.2675,175.60671519855848,0.3285,212.79888463297735,0.342,254.28188996866106,0.3725,329.6432996050657
1986,734921,0.5455,69.5897766063618,0.546,78.6296428250106,0.551,93.2183060438409,0.546,116.49162461325048,0.265,189.199205768425
1987,734921,0.17200000000000001,48.22843826010043,0.17250000000000001,54.323762929601656,0.17500000000000002,62.61142715757178,0.17500000000000002,74.51411031520254,0.1895,102.1082108507108
1988,734921,0.178,10.532204534014008,0.1785,10.32865708117005,0.1815,10.496987792316105,0.182,11.261396154437444,0.2265,17.19241862057397
1989,734921,0.1905,7.914498903660311,0.1905,6.788983872950997,0.1905,6.309400644167724,0.1915,6.527331797595866,0.1955,11.414026774122675
1990,734921,0.20350000000000001,5.666917691179636,0.201,5.429366885490289,0.2005,5.497898891995742,0.2005,5.887391747440539,0.2005,7.967655685474503
1991,734921,0.1645,189.38227995364002,0.1645,140.6134140728184,0.1645,103.10924954438097,0.164,73.18036628026373,0.1645,40.297291603838374
1992,734921,0.304,228.64098491531416,0.2935,187.63782124462048,0.28700000000000003,165.54813369933746,0.28300000000000003,160.8164128163167,0.26,173.96301091502235
1993,734921,0.882,12045851.48266655,0.8835000000000001,2204276.4826959595,0.8835000000000001,203766.53109372905,0.7885,7725.4644560305,0.5655,25.642353008479603
1994,734921,0.135,53.35613558193055,0.1355,81.17037893503604,0.1395,129.8416507179103,0.14,229.05527250483956,0.2685,734.3728513824433
1995,734921,0.32,44.19569497592161,0.324,47.43038892715352,0.328,51.21835095951509,0.33,57.32961496804579,0.3355,100.83642561356326
1996,734921,0.28800000000000003,2485.1163715681205,0.4835,6159.182062209881,0.5095000000000001,15431.585219597835,0.5565,40750.387126345384,0.7235,199285.70998411192
1997,734921,0.225,50.390148721125804,0.23850000000000002,51.65824505792916,0.40900000000000003,53.557371189298806,0.4515,57.377385971160514,0.47750000000000004,89.06200697509891
1998,734921,0.1775,95.42527718728293,0.177,86.14907298042075,0.1765,77.08483932526137,0.176,67.42567295142824,0.17550000000000002,50.4554222759665
1999,734921,0.443,108.5300871223525,0.405,73.98032913443055,0.34400000000000003,57.1901916370803,0.3115,50.46970261433307,0.28300000000000003,52.691658425771955
2000,734921,0.171,51.08771626164377,0.176,46.81040281713348,0.186,43.73730867002529,0.1955,42.02653360234586,0.268,47.225028477168
2001,734921,0.507,2608.6174516883307,0.5065000000000001,1635.8242043103778,0.4595,919.1768104029759,0.39,433.34303812468534,0.23650000000000002,86.48661710854911
2002,734921,0.209,14.772268922701848,0.209,15.800014550543226,0.209,17.364139096648195,0.201,19.983274456948983,0.2005,30.228312942994467
2003,734921,0.31,37.274234897327176,0.3095,34.672654744276045,0.307,33.294044026819144,0.2655,33.28007337048253,0.2295,38.901507697609134
2004,734921,0.222,92.26751436537373,0.222,86.13882147534713,0.224,79.70838124636346,0.2255,72.28393919151273,0.3025,59.61351140746829
2005,734921,0.3355,78.65373858849622,0.3325,39.73125922951686,0.11950000000000001,24.062609143906627,0.1115,16.10834351935216,0.094,9.409955726858403
2006,734921,0.553,126.55663035767849,0.424,74.93129135937431,0.399,48.16764025597626,0.34500000000000003,31.04867176741124,0.28200000000000003,16.41994934252269
2007,734921,0.34550000000000003,1422.3113627420837,0.34550000000000003,1137.3152765540374,0.34550000000000003,839.2274464404148,0.343,543.1480496321537,0.2505,173.97334747470276
2008,734921,0.393,148.72720141498354,0.394,118.76374909403776,0.394,93.94589980390077,0.394,72.46609218246772,0.3925,49.68360186096852
2009,734921,0.1705,113.64358123640582,0.1705,122.47833467921252,0.17,129.26963433179458,0.17,134.35190231689148,0.1925,137.21667806601647
2010,734921,0.2175,54.7611533472707,0.2175,55.4816699919073,0.211,56.82401125160785,0.2105,59.83623751759813,0.1885,75.02064239850294
2011,734921,0.10200000000000001,39.66121638094218,0.10200000000000001,47.305812403864536,0.10200000000000001,56.27188835552538,0.10400000000000001,67.79550775991855,0.1065,94.40393548559656
2012,734921,0.2445,1535.7533814405092,0.226,681.091459606996,0.22,260.3388035693818,0.203,83.30211582070083,0.1855,16.436575163561617
2013,734921,0.1145,22.64262884216956,0.11950000000000001,24.621279172169437,0.1875,27.04700220551595,0.198,30.369798918011337,0.2195,40.081650116183
2014,734921,0.634,9115.803356979013,0.634,12583.564616788311,0.6235,9704.758247897029,0.6215,3318.9824405004315,0.5670000000000001,321.2035397461559
2015,734921,0.18,62.22869180858385,0.1785,60.30934619885321,0.177,57.25993874342377,0.176,52.720925163335636,0.176,42.84128999804534
2016,734921,0.218,36.11459452097441,0.2185,34.03307043610613,0.2195,32.587108917657986,0.221,31.43883043683565,0.223,29.72178559465398
2017,734921,0.23950000000000002,585.1223008256343,0.23950000000000002,608.3040367797444,0.23950000000000002,595.3610500193502,0.24,548.7077901898401,0.23950000000000002,427.61971880344447
2018,734921,0.2985,58.808537359796155,0.2985,98.99707179920601,0.299,170.90584740569972,0.31,314.176995986444,0.3105,907.5234824498243
2019,734921,0.331,12.588495419272093,0.2485,9.704544680277833,0.24,7.793669951522654,0.216,6.437704367438349,0.191,5.4735225130089455
2020,734921,0.1505,29.31907077633461,0.1505,29.392980090509678,0.1655,29.882230481605976,0.1665,30.92150945603143,0.353,34.91202498743491
2021,734921,0.222,27.794711976075963,0.224,31.305355209965718,0.2245,37.707535305694144,0.232,52.0761715615466,0.251,148.1939172177543
2022,734921,0.201,25.708773378556494,0.2,24.01601110664807,0.2,22.98840723096617,0.20400000000000001,22.494761291381188,0.20750000000000002,23.425211443826484
2023,734921,0.41450000000000004,73.6827210489516,0.4275,98.8907432780017,0.6105,155.37719091887965,0.734,302.6598651319792,0.8785000000000001,1600.5662835743913
2024,734921,0.309,6.343099692753533,0.313,10.659386856740957,0.318,21.37239569653151,0.3375,55.34718682180833,0.359,489.25458329967296
2025,734921,0.2535,386.75300610987534,0.28800000000000003,465.6029497105234,0.2945,539.0318690994038,0.3295,604.4708018041459,0.4515,658.2095335766722
2026,734921,0.20600000000000002,327.39177496294457,0.2115,307.84733470945105,0.2165,278.0060113678248,0.2305,235.75520259576683,0.28400000000000003,146.28450458418445
2027,734921,0.19,299.1387518305193,0.1885,130.90668940762984,0.147,56.53857250411522,0.146,23.86530582680355,0.145,7.683728427145825
2028,734921,0.2795,100.46404160641818,0.2115,116.39167267952489,0.20500000000000002,133.71262174446042,0.17300000000000001,154.29089988346553,0.168,198.28887408806287
2029,734921,0.297,55.49487677941001,0.3005,39.540053764488924,0.32,28.96199904302468,0.3225,21.401046352506786,0.35150000000000003,15.032058430926043
2030,734921,0.275,147.43145168876072,0.275,222.5816726997054,0.275,332.3019210227195,0.275,503.46453977219653,0.273,1038.196561341879
2031,734921,0.1215,9.631983481750046,0.125,10.505670988367637,0.126,11.944656479621173,0.1365,14.632809868413682,0.20650000000000002,30.329336526980704
2032,734921,0.3765,318.654648449282,0.376,256.2764470465656,0.3645,199.01919105081737,0.34950000000000003,148.2672780197981,0.255,87.70927513153865
2033,734921,0.5215,2679.855719513138,0.548,2180.1833813117414,0.5720000000000001,1524.098056439485,0.723,855.1585181460806,0.7255,248.80014260590667
2034,734921,0.136,30.155934960847613,0.136,29.422044992189534,0.136,29.06985444918492,0.136,29.308394881605413,0.14,33.101840701087696
2035,734921,0.20500000000000002,14.144918472258281,0.20450000000000002,17.42813175082854,0.1925,22.292240860780094,0.1855,30.63752595480156,0.1855,65.87179727146138
2036,734921,0.227,1172.518189179199,0.23,1901.53180275451,0.2305,2881.3976624176844,0.23600000000000002,4150.898306833942,0.23750000000000002,5614.893020035478
2037,734921,0.562,545.2426625641556,0.5585,315.25128834772903,0.548,185.6168150800859,0.526,114.08373459026915,0.376,63.62410316534264
2038,734921,0.255,69.151671235609,0.263,84.10552443925678,0.2695,105.88321310483401,0.3175,141.98114564751927,0.40800000000000003,295.9874541713426
2039,734921,0.214,169.0102060488513,0.242,211.12847080768233,0.242,268.8796556750671,0.2435,353.87545568873765,0.2435,547.312529375319
2040,734921,0.1865,131.57407013714467,0.1465,87.20508488425712,0.1225,61.10261367281861,0.11900000000000001,43.7417705929406,0.1125,26.63070235508975
2041,734921,0.241,26.152885224474026,0.2165,21.666949628381236,0.202,18.53209279875665,0.193,16.025445387465226,0.177,13.01223108877232
2042,734921,0.151,39.08072159422851,0.1385,40.7284002742001,0.136,43.434300575758144,0.136,48.208850467700024,0.1385,66.7548583994394
2043,734921,0.196,61.171116793754635,0.1955,59.99165260245934,0.1925,58.90069757594879,0.191,57.79311156017504,0.1905,56.01654864426178
2044,734921,0.8195,352.6122724287971,0.787,239.03783363715058,0.432,158.4044470855462,0.358,98.88996537109561,0.23550000000000001,40.150998818363576
2045,734921,0.183,34.187733351365544,0.1785,27.362684690784533,0.17500000000000002,23.29682331867143,0.17450000000000002,20.568553981669208,0.166,17.907166715998144
2046,734921,0.127,459.7596676739815,0.1225,346.9827181136356,0.122,250.3476264653534,0.11950000000000001,165.95860217963624,0.116,66.21348252043559
2047,734921,0.158,22.371744215192198,0.1565,21.450351365125627,0.153,21.694316126057355,0.1525,23.12600323627949,0.152,29.748141989670515
2048,734921,0.303,200.43444718570942,0.2925,185.68647717301104,0.29,168.80060997342116,0.22,146.08712192656122,0.1945,93.50826807120106
2049,734921,0.2595,220.4454888562429,0.2595,234.54603998866506,0.2585,233.48169036161957,0.2275,216.28478100961635,0.2235,171.1833635508611
2050,734921,0.2755,44.71809443106846,0.2755,45.04733285669175,0.2765,46.361882067100254,0.2765,49.45861417116731,0.277,66.19284605404938
2051,734921,0.1665,52.68241420976173,0.1665,55.44485159021797,0.167,58.73068479085684,0.167,62.624532364148585,0.1675,68.36406624111281
2052,734921,0.202,14645.72176108555,0.27,16067.643540179375,0.3005,14565.049987041853,0.456,10088.88348323838,0.5405,1924.9369493028091
2053,734921,0.624,51.057703450999796,0.585,44.4584774250468,0.5725,38.00516131790799,0.555,32.633570671499434,0.3955,27.124319789670075
2054,734921,0.21,72.52523480589551,0.2095,85.7749408653502,0.2095,105.73667521556192,0.2095,141.54795581624083,0.2095,314.7739462735899
2055,734921,0.229,138.00148559845616,0.2245,71.15098142634028,0.2235,47.681154293573606,0.215,34.882221118325745,0.2115,19.493888128398687
2056,734921,0.352,622.7372819190725,0.352,691.3116869153945,0.35150000000000003,698.5358860381884,0.35050000000000003,646.1361488305442,0.317,517.9932636257903
2057,734921,0.36,585.3381826082473,0.3595,716.2701026807003,0.356,806.2175172360637,0.3545,813.0757701575787,0.34950000000000003,494.1554422323397
2058,734921,0.221,1437.2497775580198,0.2155,1279.4207378883366,0.2135,990.2133695013558,0.21,632.3896164514381,0.192,194.3907293647548
2059,734921,0.1645,42.51122394327902,0.164,32.32951317591922,0.1635,25.480071408125283,0.163,20.775286367231224,0.192,17.79647637387758
2060,734921,0.495,3403.5124772802596,0.495,5490.583188990483,0.495,6806.951341877317,0.495,5791.1429674706615,0.4505,1058.5811015206596
2061,734921,0.1535,24.481311238924715,0.162,31.42549141302219,0.1835,42.906312563411724,0.219,68.3278619235249,0.272,812.2460019437337
2062,734921,0.534,241.66838942439998,0.4815,131.06787981473178,0.369,94.48799968584711,0.2805,73.63688521777516,0.217,49.71264364788326
2063,734921,0.212,17.261015142155774,0.2165,19.543584069001945,0.219,23.10215915683037,0.293,29.72745116220692,0.3715,68.28026568423863
2064,734921,0.3415,1985.6960351761873,0.34500000000000003,4050.643024573903,0.354,8283.519313067034,0.3785,17158.182067536472,0.3845,39238.329745112336
2065,734921,0.524,156.66053170879408,0.4915,100.27324218045764,0.482,64.37784788921418,0.48,39.478084416664096,0.145,16.057673564506285
2066,734921,0.352,53.363257920312236,0.3645,104.36551777027665,0.3705,242.25566162928524,0.374,675.5308697995672,0.3795,4640.376727225759
2067,734921,0.252,122.77608535680315,0.2565,115.13822701395348,0.272,105.95781511536555,0.275,93.757419277461,0.28250000000000003,67.89717870761918
2068,734921,0.1835,34.46098403365745,0.184,35.805510009046984,0.1845,40.488842365136485,0.1865,53.418496099575705,0.209,149.9322513750367
2069,734921,0.5225,16754.031986511705,0.5885,17178.098838006368,0.6,14429.68829326481,0.621,9247.518128767686,0.621,1532.9417342829615
2070,734921,0.356,442.6294270602323,0.3815,1113.749529920602,0.421,6766.60360259832,0.4575,87447.88248610508,0.4935,7382189.620898935
2071,734921,0.5635,112949.719547167,0.524,120689.72802730031,0.506,88213.35792000554,0.47200000000000003,38684.7967526503,0.292,2055.1677022377253
2072,734921,0.3115,32.85468476282366,0.2645,35.889390975692336,0.264,39.151841941056816,0.2635,43.093242245756905,0.225,52.68161479558113
2073,734921,0.209,1792.6672414005252,0.2095,2224.9418446526506,0.21,2308.7991479951106,0.21,1856.4945769632593,0.2305,469.3497860055185
2074,734921,0.2155,129.72782488774064,0.2155,140.92394100706525,0.2155,150.70232255665067,0.216,157.00315909766272,0.2265,141.78479352387026
2075,734921,0.329,46.3436288296466,0.3525,43.63102197620386,0.357,41.528208918617985,0.362,39.95908790719597,0.212,39.58173765527893
2076,734921,0.2775,330.88501122191434,0.2775,430.8292962119939,0.2775,560.0113415259548,0.2775,743.3524481771025,0.2775,1159.8482310070542
2077,734921,0.298,190.55209651759037,0.298,162.79892028477252,0.296,135.2444040373344,0.296,107.11209495435037,0.291,65.51514846799554
2078,734921,0.2635,88.92597958840258,0.2625,40.409993619444414,0.2585,31.88580370920567,0.256,30.597354635820764,0.247,32.263014104475324
2079,734921,0.16,22.739409116844676,0.16,22.997010151865414,0.16,24.626079473325134,0.1605,28.372598534091885,0.162,43.937117295239766
2080,734921,0.2605,48.82532208181575,0.212,37.340453566371444,0.2085,32.29616938392954,0.117,30.275713378569577,0.1125,30.452158749630915
2081,734921,0.4525,852.4082423546765,0.4565,2321.358606302456,0.497,7195.67622610223,0.497,24294.321614166263,0.492,112235.87833081683
2082,734921,0.5670000000000001,406.41196472250095,0.5660000000000001,487.50030773570717,0.452,553.5388894009377,0.2985,587.3546189277488,0.281,476.9311644304495
2083,734921,0.318,43.96571868921517,0.318,33.986221627120344,0.318,27.65508368905994,0.3235,23.333601387182004,0.329,19.417907852305376
2084,734921,0.128,15.04724988145466,0.125,15.684718360895095,0.112,16.868227487814906,0.109,18.981815879059997,0.109,26.987078432138716
2085,734921,0.3525,32557.671122313957,0.34850000000000003,39664.01585396092,0.342,38063.02002692406,0.3415,27735.986109642785,0.323,6265.930734972393
2086,734921,0.455,1578.4982961070302,0.463,1609.9924827104164,0.4665,1472.161930071047,0.4665,1068.3993628356359,0.4505,236.88731774177288
2087,734921,0.3175,2170.999621658262,0.3205,3235.3237031998215,0.3225,4137.707438198112,0.3235,4232.089752057912,0.3235,1697.0799510793734
2088,734921,0.2925,79.69923273162064,0.2705,63.82423327880054,0.2535,51.96237506569568,0.2335,41.83083156157761,0.1595,28.25280585101303
2089,734921,0.533,783.9735073873547,0.7405,949.7956736034921,0.7975,1174.0280174967445,0.8185,1499.894477385885,0.9510000000000001,5306.504541373619
2090,734921,0.221,594.3548549938987,0.1835,370.79194089019626,0.1835,216.25248259701183,0.177,111.63645532752429,0.1635,30.97607377865779
2091,734921,0.28300000000000003,165.66452114928515,0.2685,124.27760408931009,0.248,91.1141946149775,0.243,63.20987488344054,0.243,30.839262297615523
2092,734921,0.1285,15.93189529038996,0.10250000000000001,14.503543159458747,0.101,13.379606422449045,0.0965,12.423550508570258,0.093,11.558574514117584
2093,734921,0.3225,73.20181743463387,0.323,119.50875130645606,0.3415,231.29383128191878,0.342,644.0708252892099,0.3415,13276.347006913771
2094,734921,0.3605,4.34441766041747,0.3815,4.645690394078538,0.41000000000000003,5.408283721625323,0.41600000000000004,7.904085769040013,0.47300000000000003,54.56558884724329
2095,734921,0.18,295.69542010289814,0.1805,319.7263826008464,0.182,325.91225077094276,0.256,314.238036412648,0.2625,275.3428330184483
2096,734921,0.28750000000000003,172.3063592843146,0.28,219.78296730922528,0.277,284.99003275603116,0.276,380.2448734964687,0.2525,570.2385837783015
2097,734921,0.138,34.47584379014702,0.1325,24.387334658698524,0.1305,17.708532033852116,0.108,13.038009607149185,0.0825,9.031378796283402
2098,734921,0.4455,152.03556836193562,0.4365,155.9603620896318,0.432,163.05901869178345,0.215,171.46662854209734,0.167,174.10162424219422
2099,734921,0.2155,28.158929167559965,0.217,34.53805957525868,0.2185,43.199380957471874,0.2195,56.551822923301145,0.2765,101.66964584842722
2100,734921,0.47150000000000003,1106.154507489747,0.5015000000000001,4806.80088351425,0.5095000000000001,20063.48885985188,0.521,72957.14727975253,0.5265,163136.38343977596
2101,734921,0.3655,333.62384580142253,0.3545,147.04608255117859,0.326,76.28623172736201,0.306,40.761532231423736,0.1355,16.106812896882477
2102,734921,0.39,111.54488139073705,0.384,77.54097765700179,0.357,54.07667760323969,0.3545,36.712523181905006,0.233,19.015818413727704
2103,734921,0.1555,234.686182219247,0.1555,181.97978790101027,0.1555,139.6114263119588,0.1575,102.53227469432025,0.1685,53.134128723728224
2104,734921,0.393,373.2359399598545,0.3985,379.0072760665336,0.51,367.00825349804114,0.5185,332.75213854595677,0.5720000000000001,232.08473423291179
2105,734921,0.8865000000000001,6335.373818101963,0.9455,13403.071503203964,0.9515,23983.5397829701,1.056,34253.160860834454,0.9125,20113.15967129706
2106,734921,0.47450000000000003,28857.02577418957,0.4875,35703.61218356551,0.493,35984.51961702211,0.5015000000000001,25718.868804827755,0.505,3403.433163152682
2107,734921,0.4875,185.30323816009889,0.4895,307.2437377497409,0.493,427.8953069777873,0.493,445.25745451132224,0.491,612.3629715831739
2108,734921,0.314,640.8810736294221,0.279,258.3754455322677,0.273,114.61990144516444,0.2245,55.87635943532122,0.081,25.432444518101782
2109,734921,0.2615,134.94560602177467,0.2655,208.22058569469965,0.29,377.9648245998477,0.358,931.38186443786,0.561,9204.685849518506
2110,734921,0.28150000000000003,545.7029942005707,0.269,353.3193216257498,0.20800000000000002,270.16156611396764,0.20400000000000001,272.22088675917536,0.1945,438.07567360228046
2111,734921,0.37,599.5510676727914,0.3685,1150.6325861759271,0.3575,2332.699087447505,0.3405,4884.8594940533585,0.3075,12006.777757175792
2112,734921,0.2995,108.88955622966239,0.34600000000000003,99.50521074062233,0.3805,88.50874618632648,0.3815,76.65598639768882,0.5065000000000001,76.33672650976787
2113,734921,0.34800000000000003,79.1045744138048,0.34800000000000003,108.90752443385746,0.34700000000000003,153.69206623363004,0.34650000000000003,230.10196232553034,0.3185,521.2308009866639
2114,734921,0.307,234.82113930290336,0.309,256.94233321655065,0.3235,275.2929282270492,0.7705,291.90647131446366,0.7195,416.59612049009803
2115,734921,0.5775,22744.88135006184,0.577,22524.778173314728,0.5735,16335.779414755958,0.5705,7828.124631905496,0.488,847.1212569260448
2116,734921,0.3635,57.69180860419986,0.3635,55.325119117859096,0.3635,53.99781652563717,0.3635,53.59748716120847,0.3625,56.30124874696953
2117,734921,0.246,1177.0923993420583,0.246,1196.2662408297335,0.2455,1172.252809536052,0.2455,1082.633289145311,0.23900000000000002,709.9786584014472
2118,734921,0.1395,31.852633313638947,0.14150000000000001,28.442384290841126,0.14300000000000002,25.871477581236125,0.1495,23.832422504963105,0.3405,22.020957212150964
2119,734921,0.376,343.8989008065215,0.3835,712.4685807122868,0.384,1426.1668254492347,0.3875,2727.6822153004505,0.3835,4991.35555263289
2120,734921,0.2285,34687.86484569962,0.321,43239.16621664596,0.332,42533.8539622752,0.393,30896.90597343312,0.45,6259.1188105474985
2121,734921,0.2725,443.0382740373399,0.28350000000000003,635.4592374063833,0.296,883.1727345913325,0.3195,1208.4383005075001,0.337,1758.4007713554327
2122,734921,0.259,8.992380006866364,0.264,12.284136633535281,0.2915,18.967931955803362,0.3575,34.526264817638285,0.36,121.37071458005568
2123,734921,0.17200000000000001,36.3890083950718,0.17300000000000001,31.328045120016053,0.17500000000000002,27.631332199052142,0.178,24.81615189225585,0.203,23.040218346417234
2124,734921,0.2155,42.92368636783182,0.2165,53.91008889511663,0.218,69.42677503234336,0.22,94.8234812576382,0.224,193.73650472927304
2125,734921,0.303,21.956949086404425,0.3095,22.901442365476438,0.3115,24.676779076854523,0.317,28.140478048322716,0.3415,44.91870125950174
2126,734921,0.278,1884.7765986936392,0.28500000000000003,2518.761015319391,0.368,2776.922665566703,0.372,2381.854490728913,0.374,797.557675704335
2127,734921,0.216,135.4931878252623,0.2335,174.40263362702424,0.2435,234.1127838856201,0.2735,347.8603830599607,0.707,1097.6819200083162
2128,734921,0.1065,64.1086505326946,0.1095,86.76633127211991,0.1265,155.46974027277457,0.1335,442.5151427093597,0.20550000000000002,6349.785267125498
2129,734921,0.2505,589.7274396240005,0.341,528.7422125857356,0.34900000000000003,490.36229327280364,0.3615,580.9251523111583,0.379,1752.8617422057778
2130,734921,0.198,77.6244429012303,0.1965,60.53822006235822,0.1955,48.1576103806267,0.1955,38.96766999645771,0.193,30.951877566329497
2131,734921,0.1455,18.17325974905979,0.147,16.15101874393432,0.1535,14.818439476681975,0.1625,14.23939944052332,0.198,21.810190732629493
2132,734921,0.1585,25.524351787668422,0.1675,26.68410055070455,0.1705,29.367400092587985,0.17350000000000002,34.08517422840113,0.1905,45.421280813028105
2133,734921,0.28200000000000003,50.44563770055621,0.2725,45.9855301092068,0.2645,42.20973882211077,0.2615,39.0276240012416,0.246,36.115043815584684
2134,734921,0.5545,4394.894577003645,0.554,4440.167702265508,0.5,3954.8037961701593,0.4595,3065.2060435624157,0.343,1391.3226413489504
2135,734921,0.169,58.31420723172228,0.1685,45.81374034885359,0.168,36.52203833799048,0.164,28.910207979568536,0.1635,19.7049551785269
2136,734921,0.1065,207.8771578009601,0.109,208.57635990464607,0.14,205.09181493676098,0.14300000000000002,194.7399426343084,0.197,156.74867662253382
2137,734921,0.2675,433.3061593530501,0.2665,270.15818625974555,0.2605,168.93170038512812,0.26,108.27697614371327,0.2105,73.84635162351891
2138,734921,0.189,128.214560283909,0.1805,120.05999451869535,0.167,110.43723546967709,0.1655,98.66734339441096,0.155,74.96497730617439
2139,734921,0.40800000000000003,1285.6508687409084,0.47450000000000003,957.4553285287762,0.489,636.7457637272372,0.551,368.1158681558113,0.5755,498.0096248724917
2140,734921,0.317,60.0999533097078,0.2535,67.0932888318323,0.231,75.87499042974234,0.2275,88.01491848126349,0.146,118.37449269310729
2141,734921,0.304,192.79932939225625,0.2965,273.00151845582116,0.2905,387.75489469934837,0.20500000000000002,567.078801915789,0.158,1050.9110292107375
2142,734921,0.721,1034.4070994254769,0.721,1734.4439525685304,0.6975,2860.1066981140943,0.655,4819.261639831602,0.327,10547.292195372032
2143,734921,0.298,81.42847469180911,0.3015,83.8714163500177,0.303,87.21230696481793,0.3175,92.44337869289724,0.3335,108.7797771250378
2144,734921,0.2505,68.20532079737931,0.2455,62.60181150289108,0.2425,60.62884648927329,0.228,62.02681422067924,0.183,73.67541642179894
2145,734921,0.2005,21.590005267915615,0.1805,18.56675750961406,0.1805,16.769147759390712,0.1805,15.794956324953654,0.1805,16.248290939800192
2146,734921,0.162,30.82619349530768,0.18,22.611857692350465,0.1815,17.45955527787611,0.1975,13.83638328367739,0.20700000000000002,10.740974834961985
2147,734921,0.058,18.80145882742664,0.058,17.24865118929178,0.059000000000000004,16.107113725683863,0.066,15.192113926219736,0.074,14.320169785624834
2148,734921,0.195,54.46332026682318,0.1615,47.40235777114228,0.156,40.78382414391626,0.149,33.85555562579682,0.1295,22.212304134206683
2149,734921,0.5335,1743.446258944234,0.5335,1370.1793534035507,0.533,1042.3809666933544,0.527,779.1215583829929,0.454,697.4370877414643
2150,734921,0.1845,60.42907809595038,0.183,74.16123410986297,0.183,91.59173592470245,0.183,115.43996930076469,0.1845,173.19883729543838
2151,734921,0.20400000000000001,53.00177448049335,0.203,52.28818285906215,0.2015,53.099560027972956,0.2005,55.98136631316999,0.198,68.17817871332844
2152,734921,0.441,6607.049589798691,0.4415,5683.355169485579,0.4425,4445.28399177905,0.4425,3002.160583229388,0.4405,892.9952718682157
2153,734921,0.247,894.4606548207025,0.2635,2388.8114630394493,0.2715,6196.51400515847,0.28600000000000003,15861.272056414859,0.298,51497.91282548031
2154,734921,0.244,53.90817308007448,0.246,56.93066284213298,0.256,60.69676508862247,0.2595,65.00259482254961,0.366,70.92858205103212
2155,734921,0.274,102.79212487002171,0.273,96.09421821691625,0.2695,95.41664398592455,0.20700000000000002,98.32154447135713,0.20350000000000001,108.45566418509443
2156,734921,0.14100000000000001,28.2689541240274,0.14400000000000002,33.905795624483986,0.1455,44.75969572737669,0.156,71.22227229814698,0.23550000000000001,292.9864591047648
2157,734921,0.332,1068.658705764437,0.278,604.013447744182,0.197,332.65381773925947,0.165,169.74666407208377,0.1495,48.16352980770237
2158,734921,0.7145,964361.2816215927,0.7175,1390935.584646829,0.7165,1118668.7726594878,0.7035,368584.52357364,0.6085,2000.627506128064
2159,734921,0.369,92.94957853566507,0.369,115.5557547925827,0.369,142.76985757667066,0.369,178.08205950550803,0.366,252.40908026341762
2160,734921,0.2215,253.55798850650817,0.22,334.0636729642199,0.22,443.4984135005393,0.219,588.5570710952048,0.2085,748.4170642267771
2161,734921,0.154,218.8020364646597,0.182,349.4092682963966,0.232,580.9799949037221,0.2335,1002.4203084447721,0.2625,2232.438851873471
2162,734921,0.228,45.656835824680805,0.228,49.247603461947,0.228,55.40764671793717,0.2275,66.71556477122772,0.2275,111.1420757722463
2163,734921,0.309,28.033351677376597,0.3045,19.552864512281094,0.3045,15.689894639800604,0.233,13.913252553961582,0.08600000000000001,13.957109967179557
2164,734921,0.257,458.3527312774164,0.2575,348.1766591016673,0.258,259.52277176693974,0.258,185.18018187846243,0.2585,96.24162642265048
2165,734921,0.686,7179.65879246313,0.6995,9513.24848283769,0.7145,10144.615089155825,0.7145,7907.658485623895,0.6845,1767.453346410889
2166,734921,0.23650000000000002,299.8062800102365,0.20700000000000002,299.49719699008324,0.1935,286.0451449881168,0.1925,255.77184477931877,0.1865,166.83704909542104
2167,734921,0.1005,7.107426624324826,0.1005,6.482525476678903,0.1005,6.131634247217583,0.1005,6.041577889677176,0.114,7.119755529754258
2168,734921,0.2025,204.19450131098998,0.20350000000000001,168.0190333781095,0.26,132.67061019894126,0.267,98.87233539375268,0.269,56.520369540928094
2169,734921,0.316,145.11570681217012,0.23850000000000002,96.81834428384329,0.23850000000000002,64.10834139689142,0.23850000000000002,40.332817426721114,0.3215,17.514026231597654
2170,734921,0.2215,234.08543543655315,0.2215,161.84478961220924,0.2215,112.24239363674451,0.2215,76.60087900206908,0.2245,40.79859993451496
2171,734921,0.255,37.95514471955502,0.255,43.25192963407983,0.255,49.4262465854192,0.255,56.40506536400891,0.2545,60.89551788959742
2172,734921,0.2145,646.2525057825661,0.22,959.1867319637679,0.2945,1346.196180305845,0.2995,1796.113060636505,0.3105,2200.9080586441523
2173,734921,0.217,16.99583021026254,0.223,17.90294519403068,0.2595,19.10983681264493,0.2675,21.011049217936353,0.28350000000000003,28.751813191288566
2174,734921,0.201,60.7220452467339,0.1875,58.65439069103275,0.1875,56.38103351700545,0.1805,53.39645583609625,0.1945,45.87113226565889
2175,734921,0.2645,26.797967690206434,0.3205,28.36732471455583,0.35050000000000003,30.88674785283322,0.5105000000000001,35.23971806427699,0.5585,53.69010666732733
2176,734921,0.2745,1081.1251615112044,0.2745,1463.0730839284888,0.2755,1823.433116433958,0.2775,2119.472610948077,0.2895,2213.7068959722046
2177,734921,0.197,30.371382874368354,0.197,26.27674855654505,0.197,23.36155454597471,0.197,21.345484151635812,0.20350000000000001,21.260857634862866
2178,734921,0.2165,895.6549285314745,0.218,1120.4156359529936,0.218,1277.8948380678037,0.2585,1297.4714633846224,0.2765,842.2053805509015
2179,734921,0.3195,22.08278223442995,0.322,25.085188804895616,0.329,30.99112358811831,0.2915,43.370682567398525,0.28700000000000003,106.08217586508066
2180,734921,1.2585,76081641.69654505,1.2405,12628842.771025676,0.8055,952880.3270463365,0.6105,22998.012313003313,0.423,121.64521948929973
2181,734921,0.4195,24635.61509022206,0.41350000000000003,21567.67151042378,0.393,16384.67777394806,0.379,10084.925089437405,0.28700000000000003,3227.1720852892604
2182,734921,0.1805,41.1396895439415,0.1385,35.29583741979129,0.1325,31.65844375981507,0.124,28.917750739063727,0.0785,25.301072920997406
2183,734921,0.20500000000000002,69.54288992903628,0.2095,81.21467214715807,0.213,96.80715183532061,0.217,120.02523133993515,0.2275,178.53680078639988
2184,734921,0.222,146.24845961644186,0.225,120.90874595993608,0.226,113.38458276518088,0.227,122.98085265533078,0.2295,181.3590261267749
2185,734921,0.2405,118.28957350273639,0.2445,125.28226364788031,0.2465,133.0672253447046,0.2585,141.61020362598887,0.292,150.13361260243485
2186,734921,0.2795,62.666230855109944,0.2795,62.90627807465311,0.2785,65.35328675361566,0.2145,70.57533185845021,0.178,94.8717091112023
2187,734921,0.591,16522.207589980168,0.6005,17568.46717614213,0.603,14567.913730570759,0.6005,8720.682573279202,0.579,1073.356593375906
2188,734921,0.10250000000000001,16.85042371565634,0.125,20.769598009081026,0.253,26.223106252738578,0.2805,35.23156477687543,0.28600000000000003,75.64446921322497
2189,734921,0.132,15.277647845040104,0.097,14.967175021380179,0.095,15.158067642961687,0.0935,15.922178172481871,0.0935,19.68756611329005
2190,734921,1.245,416738.6065746079,1.2385,244204.31058449688,1.1965000000000001,77235.12378580788,1.04,13539.012933735963,0.6685,284.13250633975935
2191,734921,0.094,17.039064779540674,0.0955,17.119633123617913,0.0955,17.426951029534465,0.0965,17.965154866507632,0.1005,19.468743344193452
2192,734921,0.23500000000000001,47.798593595364885,0.23500000000000001,44.753256905300496,0.23550000000000001,42.631478212858795,0.23650000000000002,41.00433272218231,0.2485,40.00852148761638
2193,734921,0.10200000000000001,64.00731101437114,0.10300000000000001,66.15443822302232,0.10300000000000001,68.37609762191707,0.107,71.5725132058531,0.202,86.64782374667337
2194,734921,0.2415,71.35934637696319,0.2415,51.48142569754049,0.2415,37.42934692953284,0.241,26.68992621208599,0.2405,15.305629173950068
2195,734921,0.2255,50.71488875924726,0.178,45.197267414480145,0.156,40.783242877021806,0.1535,37.02895613783706,0.151,32.975650091642166
2196,734921,0.2195,14392.089686537844,0.219,16734.40770822802,0.218,15762.54529622927,0.2165,11094.948386578211,0.1955,2073.29569607453
2197,734921,0.386,211.29047129524912,0.3805,113.42114790560632,0.367,55.06648876779674,0.313,35.42343633271908,0.28350000000000003,63.708507100767264
2198,734921,0.8005,65.89807708544043,0.7955,66.8284442432456,0.7085,68.65637165604565,0.603,72.68642887288266,0.423,87.33422639861516
2199,734921,0.1125,7.847765653220897,0.1125,8.038900083292473,0.1125,8.412072930606698,0.1125,9.116387990511294,0.11950000000000001,12.315933247184027
2200,734921,0.4975,714.9105144456281,0.492,468.056954608591,0.4875,289.5635010400033,0.433,157.9863066150928,0.34500000000000003,39.53255468448769
2201,734921,0.2725,49.13417711486373,0.258,29.750407616627797,0.20750000000000002,24.500439512229274,0.199,21.757676558892673,0.149,18.150990778367774
2202,734921,0.2405,52.450648443313774,0.2415,41.6066374194678,0.252,32.96447283482393,0.2525,25.788419966570867,0.2545,18.215080628194098
2203,734921,0.4485,657.6517964994445,0.457,300.9360049499808,0.4595,167.47151438781106,0.46,106.08080720050485,0.457,56.80136479556558
2204,734921,0.393,200.55796417115766,0.395,316.9625286740401,0.395,485.7949919780795,0.395,615.4445976266047,0.386,273.24832855305283
2205,734921,0.4665,57.762741952525055,0.494,80.33453755217761,0.4975,130.53373705747236,0.5305,246.41919062765467,0.497,670.1688575509194
2206,734921,0.139,84.84171055753,0.149,125.91699270957764,0.1545,210.14555099050975,0.1635,406.4840600332174,0.336,1394.9123679318068
2207,734921,0.2985,226.9126819515441,0.262,161.30157785687874,0.23600000000000002,112.4528538692845,0.234,73.48872719550255,0.1365,31.116016696894086
2208,734921,0.1265,23.005755391830153,0.1265,27.3338488629349,0.1305,33.473308060254425,0.138,43.605882076230664,0.14200000000000002,83.40826387490003
2209,734921,0.3305,5413.867647026775,0.3195,3922.9398690499975,0.3045,2790.986744215842,0.2945,1799.5582882280805,0.23700000000000002,566.9448379193113
2210,734921,0.4175,486.8669940183116,0.4185,328.8058407702016,0.4255,192.35214479895077,0.4325,107.65896520698655,0.4335,79.07622382404783
2211,734921,0.20450000000000002,135.60328008014318,0.20750000000000002,198.08909306868998,0.215,285.3999138533336,0.2155,412.6795335987433,0.2185,662.8565229115023
2212,734921,0.2005,12.46318920212716,0.193,11.464864695341674,0.191,11.418906128622242,0.139,12.28388755877135,0.1345,17.418944122171066
2213,734921,0.138,24.290191035624268,0.14250000000000002,26.057350092448587,0.17350000000000002,28.264695907887795,0.1835,31.32471918566323,0.217,41.30158679040384
2214,734921,0.106,30.282484000344525,0.106,30.48373961567709,0.108,32.76345912108682,0.1215,39.60573271478773,0.1315,88.36585447010263
2215,734921,0.611,100686.01206198343,0.621,155463.94050291003,0.6275000000000001,180228.12062689042,0.613,142216.4272067782,0.5955,18089.207707120167
2216,734921,0.11850000000000001,16.38419097751195,0.11850000000000001,16.225846624502722,0.11800000000000001,16.401682445713647,0.11800000000000001,17.145569018740066,0.1385,22.43283577021052
2217,734921,0.1215,19.70162981841081,0.125,18.23990621851191,0.127,17.163125977789228,0.132,16.490880531050745,0.165,19.96994437452677
2218,734921,0.223,74.07577651519031,0.223,82.70495261407316,0.223,93.16635046832356,0.223,107.60624001803956,0.223,148.32762086099498
2219,734921,0.1145,12.639726611628255,0.1125,11.211232783409347,0.1125,10.612805040604412,0.089,10.519171433597824,0.08650000000000001,11.678586433442398
2220,734921,0.2115,21.647741179276693,0.20350000000000001,20.742244468332718,0.1835,20.40408491107092,0.17300000000000001,20.733960164329165,0.158,24.103500365419663
2221,734921,0.729,374794.8410197887,0.74,482702.72490898473,0.7275,379752.1046155547,0.6950000000000001,143901.98534905972,0.502,2544.8435870036974
2222,734921,0.425,52545.257058413765,0.6145,118821.24276105396,0.6365000000000001,229818.53616190716,0.7595000000000001,366561.3648458778,0.8145,239470.1867285967
2223,734921,0.7705,85804.30661447463,0.8300000000000001,133740.62292061152,1.071,165645.6225089292,1.218,159380.19743403565,1.2805,63634.73443911399
2224,734921,0.336,28.56897426379391,0.328,24.706139365513557,0.3265,21.574615610276602,0.324,18.935514851490225,0.314,16.415584730179432
2225,734921,0.318,2366.406944072438,0.277,1227.796597515336,0.2665,572.1982831272884,0.2505,217.0758298746609,0.137,33.79979098061577
2226,734921,0.151,119.36506234061282,0.1515,114.72530499403481,0.155,108.94787567018804,0.165,101.1406349749123,0.2785,82.71735527690153
2227,734921,0.4475,111.03373870742537,0.4475,82.92159137398671,0.447,64.25674755572368,0.4435,51.967808630827356,0.391,40.94485470828628
2228,734921,0.2635,103.90305127694631,0.324,177.23516945830684,0.335,305.87608357129875,0.35150000000000003,547.6321258339144,0.371,1329.0268473278782
2229,734921,0.23550000000000001,30.635102535104053,0.241,31.949256546569014,0.2505,34.332615405898785,0.2535,38.99649460492652,0.261,63.3002845088894
2230,734921,0.40650000000000003,10024.72086140534,0.4265,8116.174022824168,0.5005000000000001,5924.048651858034,0.502,3838.22960921635,0.513,1345.5830097026185
2231,734921,0.075,14.703418374962615,0.078,16.731463870170845,0.0785,19.933805511859262,0.085,25.94654717590005,0.0955,57.5575548089905
2232,734921,0.314,94.4846099968522,0.3355,168.2353593788065,0.386,360.1273661025387,0.41500000000000004,1068.9324436946447,0.44,10234.655001115514
2233,734921,0.4405,14.219611379868125,0.4405,13.07822722068002,0.4405,12.234249779287024,0.4405,11.586451489906503,0.3935,11.277605151471809
2234,734921,0.216,25.377094990958923,0.216,27.097658565131102,0.217,30.288068454306455,0.2185,36.56095697219722,0.224,66.48984394843335
2235,734921,0.3275,50.00531630616071,0.3275,50.740339355792635,0.3285,51.624577153749684,0.3285,52.93571294342104,0.3595,58.220553196382646
2236,734921,0.341,736.1961897832086,0.382,998.1473183073878,0.40850000000000003,1290.6400500920386,0.4575,1577.4759559312836,0.523,4874.906753623499
2237,734921,0.3025,738.76120407594,0.3055,1053.8375618325497,0.3065,1415.6452792185703,0.308,1798.1367305523347,0.308,1969.1627912138217
2238,734921,0.1265,109.82628821245142,0.1265,120.48862017456496,0.14350000000000002,131.62698650041233,0.14350000000000002,143.15528708358443,0.1595,152.50427263706953
2239,734921,0.2255,119.18295937116591,0.226,109.39076090275675,0.226,98.3285800405028,0.2265,84.46436410820645,0.2335,56.75410062825984
2240,734921,0.221,51.5165622874355,0.225,55.881039247258016,0.3075,62.750136640991784,0.4045,74.91945526527199,0.434,135.63951892657965
2241,734921,0.246,56.93774918283699,0.2405,46.80804703575154,0.2245,39.23806244475933,0.20650000000000002,32.853741630568244,0.106,24.25595988099422
2242,734921,0.423,235.79015065501457,0.434,276.15280052357565,0.436,316.40836092907557,0.459,358.2158388127672,0.459,382.20947898892064
2243,734921,0.535,217226.9608259596,0.539,713342.9859113665,0.5395,1786115.7582157394,0.5395,3319051.9173010667,0.533,1851338.681907112
2244,734921,0.2505,109.14860215341233,0.2665,123.07220881256062,0.2685,139.46204424385027,0.311,157.5462344658986,0.3935,179.69644145752466
2245,734921,0.495,7393.487360378355,0.464,3070.8480598250662,0.4505,1115.3276931302773,0.442,353.82368356906505,0.3755,57.47775633641308
2246,734921,0.385,795.2120741787671,0.3855,915.0874314659145,0.3855,950.1810930890091,0.385,889.5483294440347,0.319,570.7690184787184
2247,734921,0.525,276.7964332115986,0.529,222.1210000053016,0.5395,182.77097075465164,0.5465,175.3497848089243,0.532,296.5318752765355
2248,734921,0.32,751.6644403991218,0.339,764.3293717923058,0.36,686.446309617428,0.377,528.1346953165562,0.9195,479.9096473162763
2249,734921,0.322,53.17215162633554,0.3115,55.630120729042964,0.3025,60.705679893346655,0.289,71.37886182110452,0.24,125.94310034021109
2250,734921,0.2305,68.20048025813324,0.233,69.65409638135588,0.234,69.04787144539799,0.265,66.18879483680325,0.2795,59.309430291938796
2251,734921,0.136,26.19053920967434,0.1345,21.95626359886903,0.121,18.74387552251126,0.121,16.104895778644586,0.122,13.263564941218764
2252,734921,0.2255,481.73853122980984,0.2415,420.1896562246422,0.2465,346.1340665074859,0.248,259.5264032018159,0.2605,163.75793377156774
2253,734921,0.264,284.4702000044188,0.263,246.60856614405995,0.2565,221.4180978724169,0.256,201.35610098242617,0.243,162.05668662386546
2254,734921,0.4355,9755.016190723074,0.4375,6541.524839995817,0.439,3292.8370173211033,0.4395,1127.5142099354966,0.4325,108.28250373469893
2255,734921,0.35050000000000003,636.2852573002565,0.35100000000000003,438.38916779919845,0.35150000000000003,306.51800550014843,0.359,212.97807532229675,0.361,117.60990559837602
2256,734921,0.273,608.0264380034598,0.254,704.7666445130433,0.249,777.0380149063574,0.2265,818.8834999097644,0.192,797.2841850292529
2257,734921,0.2575,16.02886836200841,0.212,13.25034546261835,0.196,11.376198487462084,0.1855,10.059065108831902,0.1715,9.738259805726107
2258,734921,0.232,2238.0312817586378,0.232,1973.4320863949517,0.23,1809.5253349342765,0.2295,1624.343571962473,0.222,1086.9261510673675
2259,734921,0.11900000000000001,9.395572589685719,0.1075,9.338148426021213,0.106,9.570925365179336,0.105,10.212555785563708,0.10300000000000001,13.545465702973937
2260,734921,0.21,573.3014216368773,0.20600000000000002,430.21732477349775,0.20450000000000002,304.103856086256,0.20350000000000001,192.33361623622048,0.20350000000000001,63.443998479626046
2261,734921,0.1455,54.83047265658038,0.1455,50.129358627999856,0.1455,45.377449129365786,0.147,40.40105243269352,0.151,36.12390960692168
2262,734921,0.327,8420.876764088354,0.327,10264.36997148948,0.327,10586.896543488148,0.327,8633.186200579303,0.3075,2647.092207184702
2263,734921,0.2405,56.530001919180386,0.138,54.45152084832466,0.131,54.64304964649941,0.1085,57.0728275131195,0.0925,70.18495241425687
2264,734921,0.2445,13.371260779599412,0.2455,14.907781157446182,0.246,17.2676272239283,0.2505,21.57843748859455,0.252,43.16823124914149
2265,734921,0.0975,14.421083616738784,0.0965,15.419344623783367,0.094,17.085481502600487,0.093,19.850109569014677,0.0935,29.165535981031795
2266,734921,0.2735,33.5694411154763,0.28800000000000003,40.50818035305249,0.2975,86.81665497193154,0.3255,561.719033361678,0.4305,38477.44189834666
2267,734921,0.439,406.5640444499436,0.431,294.9271367308776,0.4285,218.3317941217852,0.3895,170.67361849637746,0.35150000000000003,150.56737705233192
2268,734921,0.1645,198.6742686494655,0.165,147.6746417275214,0.1665,107.36869088650433,0.17200000000000001,74.0642131686043,0.194,36.09802044785792
2269,734921,0.2305,67.17208158133688,0.2525,105.67577710300264,0.253,212.6368149888943,0.2535,719.0344648506023,0.254,18295.70506157849
2270,734921,0.0745,12.655795187040681,0.075,11.525754833193462,0.075,10.957774350815411,0.098,10.934013041179012,0.13,13.617931368947488
2271,734921,0.4845,157.90669843384936,0.485,146.27115183242046,0.46950000000000003,139.94097921531204,0.4685,141.51852444162301,0.4495,178.13963721061347
2272,734921,0.5425,307.45055740053994,0.5385,108.11375832179577,0.509,66.03773231206935,0.47500000000000003,53.379585989333805,0.242,39.08358859177459
2273,734921,0.2155,283.933388648519,0.2155,286.0448532891811,0.223,277.72543631338715,0.2285,255.71731852180335,0.2315,187.7678462077412
2274,734921,0.1935,5092.780853469386,0.2505,5924.32903192046,0.5615,7179.222093920771,0.64,12965.173767317498,0.7235,6604899.711757374
2275,734921,0.2435,69.81343168554214,0.2535,94.39886073839547,0.258,127.95339417193146,0.271,177.3620557988925,0.2975,301.29191110027057
2276,734921,0.332,471.1254748884501,0.332,645.7914976183696,0.317,857.5055271628381,0.313,1107.0816478737095,0.2925,1364.1628938562424
2277,734921,0.493,787.2942689102947,0.4945,2038.573055864076,0.4995,5007.1068719273835,0.4995,12176.535838457783,0.392,39309.25904326875
2278,734921,0.356,13.479628421971704,0.356,14.277793543926835,0.2735,16.018609246189754,0.269,19.54014174824257,0.266,35.54961889043673
2279,734921,0.4,79.47435436026034,0.401,89.88918910304537,0.401,97.67243340310402,0.4005,102.95202651325057,0.3335,110.54975026353536
2280,734921,0.155,37.103388564445794,0.133,36.796263208341806,0.127,37.01012179283544,0.127,37.90886090450855,0.127,42.39751897514641
2281,734921,0.1015,43.86355726182111,0.0985,35.616998308985885,0.0985,29.17755747526353,0.098,23.662171264592573,0.097,16.749987241377255
2282,734921,0.176,84.20719625641298,0.1835,77.28857917206389,0.195,73.03245590276093,0.20750000000000002,73.90843805384962,0.2785,117.28824128177149
2283,734921,0.47350000000000003,20837.241311003327,0.47350000000000003,9036.757096470867,0.432,2669.5169664352793,0.422,571.195856491049,0.35100000000000003,77.58011627579596
2284,734921,0.8525,487.26141820318475,0.8975,627.2214182944722,0.9465,2035.4889839190519,1.078,27204.55146343377,1.122,183966.0495362122
2285,734921,0.3175,54.62912343440371,0.311,68.54640161605276,0.3,87.17721400835804,0.2965,114.50488054230391,0.1845,190.45158258112937
2286,734921,0.0965,29.72855696069356,0.0965,34.20367036342535,0.1,42.06002609863882,0.1615,57.07895252523646,0.162,120.61039193795864
2287,734921,0.2575,418.5780113770719,0.2545,376.4465224614487,0.2525,326.7085835495542,0.251,268.23007050902635,0.212,161.31275811970704
2288,734921,0.1465,8.352305684626687,0.147,8.677867150743399,0.157,9.423889032690582,0.159,11.05435658401987,0.1825,21.776751639559503
2289,734921,0.358,7733.58161775482,0.354,8088.022657255045,0.3225,7304.4858055110035,0.2985,5367.638648226893,0.275,1469.7450096659632
2290,734921,0.0905,16.750059386114742,0.0905,16.559914748214883,0.0905,16.797078123847776,0.0905,17.576200963164354,0.0955,21.13100965310522
2291,734921,0.3385,1114.5589948501254,0.3675,2946.268755624496,0.3865,7183.724213819112,0.41550000000000004,16529.38340977955,0.41550000000000004,37718.81569486275
2292,734921,0.2275,220.04408437430837,0.2295,250.06275252100548,0.2295,267.06776671766164,0.2295,273.57115008445754,0.2455,274.1781223692445
2293,734921,0.3255,52.99122796996893,0.35100000000000003,92.18173087752223,0.361,192.2823581333384,0.4495,564.7000513248995,0.5585,6196.493271812523
2294,734921,0.1635,21.93750364299303,0.158,19.416880556845626,0.1445,17.528967037037607,0.14,16.089166827078962,0.131,15.552104894121944
2295,734921,0.242,45.529493207181424,0.2425,43.89273754035403,0.2625,43.11402687854949,0.308,43.864364534047894,0.6025,58.84303121205091
2296,734921,0.2155,56.641549340623406,0.2195,48.57104488805478,0.2255,44.287839230746656,0.232,44.90656301096046,0.25,115.55028517363286
2297,734921,0.41100000000000003,178.23032679512048,0.417,141.97359467078374,0.4215,111.58004709706654,0.4215,83.50740015078658,0.4215,42.688757364830686
2298,734921,0.23550000000000001,139.80277422627438,0.23550000000000001,165.17827010409792,0.23450000000000001,192.21181189317582,0.2135,222.45384596888758,0.20600000000000002,273.97273886666375
2299,734921,0.54,9080.99804211473,0.5875,9301.875200697123,0.5955,7685.725060459809,0.604,4733.594910299973,0.603,824.8022363567037
2300,734921,0.278,8.219118891907343,0.276,7.817924144642428,0.2715,7.760247296604899,0.2695,8.131646080760165,0.2485,11.21246887091662
2301,734921,0.2445,364.50567213198866,0.246,300.4418369272291,0.249,239.23850348186056,0.304,182.42890759216579,0.304,142.77876937369103
2302,734921,0.394,115.00155183739285,0.377,62.96326666540513,0.2325,41.4261808530555,0.1795,29.82482941578054,0.115,18.512925556822076
2303,734921,0.216,258.2588984140245,0.1985,289.40340029250905,0.181,316.82075404658445,0.1395,337.26827875975323,0.132,317.93046880230025
2304,734921,0.297,5891.932514820938,0.2975,4862.340959050416,0.302,3556.304349194312,0.336,2170.828402392833,0.41550000000000004,546.0981732026374
2305,734921,0.4375,2366.9990619585724,0.4375,2020.4766214238714,0.436,1467.1001510734684,0.424,848.7015982837936,0.41550000000000004,216.96606227732767
2306,734921,0.4375,600.7551631765903,0.47450000000000003,2622.026327001286,0.505,11704.503225976197,0.544,53655.80833077865,0.606,416570.4823645557
2307,734921,0.338,81.83131872118201,0.265,72.16753564725204,0.23850000000000002,63.34060827307992,0.168,54.284376496573515,0.1455,38.56839933961161
2308,734921,0.3415,150.92932121288203,0.3325,68.33692576973482,0.327,41.65006784813662,0.3165,31.24379145275613,0.267,24.065079922222903
2309,734921,0.194,29.04581023733641,0.2005,39.24654570276076,0.2125,54.727296370619214,0.2125,82.40538595248483,0.2295,209.81793167745008
2310,734921,0.147,35.89558993427453,0.15,45.42664105109267,0.17200000000000001,64.29588483193638,0.22,109.88996204676687,0.3905,566.8048636157263
2311,734921,0.42,4761.56468263873,0.4535,11518.772772100207,0.5235,25150.155156535755,0.5315,49525.66807920227,0.5315,69346.81005349131
2312,734921,0.1465,113.9779946305701,0.1405,98.49963012128138,0.1375,82.6664049052239,0.1345,66.82622995835212,0.1335,46.54385656888059
2313,734921,0.24,12.350773663726038,0.248,12.298213818220837,0.2725,12.467025428391603,0.3645,12.99917813552926,0.4405,16.552092413527877
2314,734921,0.3155,14.755530689624866,0.23900000000000002,11.128810838079378,0.2205,9.426110359581122,0.2155,8.769131487526407,0.17250000000000001,10.147892615315024
2315,734921,0.324,6413.096127393165,0.337,18307.721615764367,0.34600000000000003,48875.91900462358,0.353,126104.64783862892,0.36,445784.6441176802
2316,734921,0.291,220.4830582529553,0.2665,184.21851140655974,0.263,145.38862758373986,0.2485,105.0921151746605,0.242,49.175685178396286
2317,734921,0.1915,28.935948236593802,0.1685,28.29186060714547,0.149,28.173472839426395,0.1485,28.486510575763784,0.1455,30.78897470464624
2318,734921,0.338,201.6563511485275,0.3375,203.5500694991632,0.337,205.20252428254204,0.3205,206.36200866829287,0.294,198.67654455260808
2319,734921,0.28250000000000003,45.55141741691832,0.297,54.71007684474705,0.302,70.17833530071404,0.3575,101.12553359111281,0.374,264.0648503736456
2320,734921,0.234,172.9867878447797,0.246,175.7346930695495,0.2545,170.94605195101823,0.28450000000000003,156.6030532315221,0.299,112.27807207957359
2321,734921,0.1265,27.803041450088887,0.113,33.50698356874176,0.111,41.70849620620327,0.1065,55.451929083329325,0.1065,108.1535805191152
2322,734921,0.5285,1373.7591767187912,0.5345,1925.561149652611,0.5630000000000001,2122.8052860895455,0.5785,1779.3350191311986,0.603,757.076174463701
2323,734921,0.0975,16.215589516908338,0.10400000000000001,18.383785235938586,0.1115,22.02949187300738,0.11950000000000001,29.83036746003925,0.152,91.41097113467626
2324,734921,0.851,772103.7231824865,0.877,2669417.7972494927,0.885,7208004.76568593,0.8935000000000001,13197247.083172707,0.8765000000000001,2929026.758862013
2325,734921,0.17500000000000002,904.0174999621512,0.1655,592.8043768284128,0.165,381.7632342630964,0.165,234.41203201219878,0.165,94.94838497058578
2326,734921,0.34650000000000003,93.55794247665872,0.35150000000000003,98.45810051093112,0.3535,103.85746716501696,0.358,110.54930337292103,0.3615,128.13897410784085
2327,734921,0.093,16.313088335735177,0.085,15.59514084484388,0.084,15.440255413665101,0.083,16.108986194287606,0.082,21.96247673807929
2328,734921,0.29,14.977994174646831,0.3035,14.249560695209567,0.32,13.916974758954176,0.353,14.434813744273303,0.492,59.828105728915304
2329,734921,0.23750000000000002,609.6552221298418,0.247,1080.7268423620121,0.304,1984.5188858729389,0.3565,3911.6001883827466,0.3685,10836.020315389684
2330,734921,0.1765,32.92719872462631,0.176,39.191341855041365,0.17450000000000002,47.68570432680024,0.17400000000000002,61.15406136571246,0.17400000000000002,112.4545148766871
2331,734921,0.47450000000000003,1224.7362082721136,0.4315,653.7152716674674,0.406,292.47454219716576,0.332,112.06255972406464,0.209,30.101540559547914
2332,734921,0.3765,153.9544216751754,0.3825,204.17822664844897,0.39,261.6359626131871,0.428,342.2331703823607,0.4625,919.5189096720608
2333,734921,0.266,434.18658532540246,0.276,606.5429646627808,0.2785,775.6993222246418,0.291,933.7341445979034,0.4305,1227.3598599475624
2334,734921,0.301,159.48382673738658,0.3035,174.29316865518442,0.315,188.8456340096132,0.356,204.30580452944804,0.382,235.88831368163474
2335,734921,0.223,45.232137049579386,0.228,53.31660945946049,0.2555,71.08129539162698,0.271,123.91310737149266,0.761,746.52042262061
2336,734921,0.3895,129.9048089622038,0.3895,70.34966018405036,0.389,38.09329036240382,0.389,20.217374251737436,0.324,8.448944061579875
2337,734921,0.28750000000000003,50.28865580427715,0.3055,64.00858351908269,0.3135,92.14632712006618,0.3205,156.55430443628944,0.33,533.7825877428097
2338,734921,0.2885,81.10387520455434,0.3,328.7792540494066,0.427,1562.5907402469477,0.638,7736.337455065533,0.655,86467.91919141146
2339,734921,0.28400000000000003,1211.6926602557805,0.2925,1734.1958648501525,0.295,2302.26822765245,0.2965,2838.824940810632,0.3295,2734.943990284975
2340,734921,0.5315,1089.660094633761,0.531,1138.626807766466,0.515,1000.7527378243531,0.4655,676.4555943809484,0.4035,137.04980451132923
2341,734921,0.17,56.42398941889905,0.171,44.90103334192681,0.17400000000000002,36.07913913645485,0.17450000000000002,28.983838438975848,0.35100000000000003,21.54735675416498
2342,734921,0.1655,19.131038937507533,0.164,15.952392500037526,0.164,13.711939190668541,0.1575,12.098495754416964,0.151,11.593253263149583
2343,734921,0.2445,273.9502282240031,0.243,244.72199318179318,0.24,217.32851721858216,0.234,189.31232901643614,0.2295,140.52851223770702
2344,734921,0.6515,30051.384355628757,0.7000000000000001,29013.168535362638,0.7005,20035.369663851492,0.6985,8647.932506165278,0.553,620.3440089758265
2345,734921,0.379,480.8920036001056,0.2915,357.4035474419464,0.28700000000000003,230.399748034932,0.28200000000000003,126.79718739633368,0.27,61.709657851827096
2346,734921,0.188,137.0690001283348,0.1905,141.12852318386373,0.20500000000000002,153.55696952938249,0.2205,193.44771516135359,0.268,561.9777660495363
2347,734921,0.12,23.53079234462104,0.11950000000000001,25.98109262612741,0.11800000000000001,29.21724139738206,0.1205,33.98257411686341,0.14,48.94650397007432
2348,734921,0.314,172.33810914624084,0.313,233.2307726743669,0.313,327.3574779102873,0.306,482.6112363372579,0.301,876.8255689802028
2349,734921,0.23750000000000002,58.065556466086356,0.23600000000000002,46.40860144002134,0.2315,36.626873714148275,0.149,28.74677761595809,0.14350000000000002,21.712571084434845
2350,734921,0.4685,3000.1381327874674,0.4445,2001.0113709089494,0.4395,1045.5058571912996,0.4215,389.79450108938454,0.3815,54.46532520482238
2351,734921,0.20400000000000001,77.2624527121194,0.20400000000000001,73.16129345440854,0.20450000000000002,69.64722932495728,0.20450000000000002,66.16684832676779,0.20800000000000002,59.35041552887097
2352,734921,0.201,706.8811353690775,0.163,489.5981873052193,0.1545,324.7078885885786,0.1455,196.36073186856768,0.139,67.13623729411181
2353,734921,0.1705,85.18156453144134,0.1715,130.09447043476848,0.17300000000000001,197.2364538757382,0.17300000000000001,302.512395937121,0.1785,559.1637532425433
2354,734921,0.601,38673.50841955153,0.6935,79006.62499354722,0.7285,128984.5140170244,0.7385,159006.94991574163,0.6930000000000001,62775.529541417025
2355,734921,0.601,42.92172142563894,0.5925,39.440187010446266,0.439,49.02506690607141,0.3005,66.36954983858661,0.185,136.22046064791985
2356,734921,0.182,326.4990183002108,0.1705,243.47766671951422,0.157,173.8968566172234,0.147,114.6606212467259,0.1325,50.342812310337514
2357,734921,0.2625,110.03582203402604,0.2685,145.6947494517117,0.3025,190.712974278837,0.3075,247.14636689497962,0.34600000000000003,336.58902001250783
2358,734921,0.2535,310.3434417481515,0.276,932.4522825745959,0.28300000000000003,2945.4462368872673,0.28600000000000003,10140.856079210984,0.359,66515.28683626182
2359,734921,0.099,25.144360992177162,0.0985,26.376983638732778,0.0895,28.467277058861963,0.0885,32.09138420035539,0.0895,45.07305096862179
2360,734921,0.1485,6.8735319912166135,0.152,6.108636269066178,0.1525,5.64385229552815,0.159,5.411710070455403,0.1875,5.9859414318540365
2361,734921,0.366,657.583829331401,0.371,986.6344477568662,0.371,1437.7194378597621,0.4395,2027.3319422615584,0.47400000000000003,2492.9970993736306
2362,734921,0.261,89.52623765793338,0.262,80.92976928022986,0.297,76.23124159871898,0.3115,73.40558393986457,0.317,69.6646100156809
2363,734921,0.34500000000000003,4202.504419070142,0.34500000000000003,3660.858401541015,0.34550000000000003,2910.8709819542923,0.34550000000000003,2018.7538374515636,0.34550000000000003,697.9855215167715
2364,734921,0.392,20.520648758713932,0.382,19.62756276385519,0.3625,19.770733463232354,0.217,20.943582745643063,0.1565,27.818481261953863
2365,734921,0.3715,52.17130533449417,0.365,46.835108537007734,0.3575,42.60259715747334,0.28550000000000003,38.59302333774015,0.2185,32.44054446260618
2366,734921,0.2745,712.2400154191326,0.2745,744.4245902546262,0.2745,751.922285018812,0.272,715.8882785852669,0.259,485.64077450602707
2367,734921,0.163,48.01563079289442,0.1645,58.280656588486536,0.1685,71.64178727953947,0.17550000000000002,91.30310692643268,0.20500000000000002,157.1705590904278
2368,734921,0.2555,215.39334492944587,0.2565,221.3782905714071,0.28700000000000003,222.99774608361318,0.2935,218.30546366370248,0.297,186.88465630549504
2369,734921,0.1565,156.94811005625178,0.182,140.43008846058703,0.1875,128.28419013491694,0.368,119.39383528966823,0.38,111.5917455381764
2370,734921,0.4225,69.82336955909038,0.4315,198.55415139451105,0.47600000000000003,685.2761247800181,0.494,2562.4690063264143,0.75,20147.788143782433
2371,734921,0.246,212.112668870818,0.2445,177.41227755177144,0.243,156.34277075693353,0.2305,142.44144306433694,0.193,121.97669620694087
2372,734921,0.164,68.88731132993516,0.1635,59.65791019849259,0.159,52.2951092566006,0.159,45.84738242293312,0.1595,37.21377500730842
2373,734921,1.1125,2199.3514593555346,1.103,1207.5223044548127,1.077,471.94748502424255,0.987,188.7723112335005,0.5690000000000001,155.76589173126936
2374,734921,0.1305,21.299472991649374,0.1305,20.02218603025467,0.1305,19.10382303923602,0.137,18.558468964335464,0.1465,19.727767985692605
2375,734921,0.327,18.582908841210774,0.335,20.604634345405234,0.3655,24.035338494139857,0.4465,32.38293617665158,0.5645,174.1788219463791
2376,734921,0.1705,180.91623447710427,0.171,137.1567810969118,0.1715,106.97056293170624,0.247,82.25743920653626,0.2545,47.58205624196512
2377,734921,0.23850000000000002,558.5653560071692,0.2415,654.9648421469255,0.2475,729.2702667434368,0.2605,766.4794300018165,0.28350000000000003,656.1344076676985
2378,734921,0.212,102.84298245028593,0.212,122.3389620873196,0.2185,149.90236416835117,0.22,199.63700533294417,0.23600000000000002,490.54264952253607
2379,734921,0.1575,5.982029525411697,0.1835,6.517909942781848,0.1905,7.30389425002244,0.1945,8.751377847354135,0.2195,42.788027229223246
2380,734921,0.879,2729.359896660337,0.8825000000000001,2508.500830326534,0.878,1680.5970738355477,0.8280000000000001,701.0531111285873,0.5735,144.580836205789
2381,734921,0.20400000000000001,79.76947814483387,0.20450000000000002,95.48509869278652,0.20500000000000002,113.55191987805851,0.20650000000000002,134.63023085480773,0.20650000000000002,165.0813284429456
2382,734921,0.2275,10390.256945954095,0.2285,7845.22828084825,0.229,5176.125059777817,0.2305,2899.760047979833,0.23650000000000002,775.0612894606761
2383,734921,0.339,2798.2451367692233,0.339,3030.384052040478,0.3405,2863.9619918401877,0.34850000000000003,2080.0120192808954,0.3975,409.1175477608845
2384,734921,0.1475,21.02436041286205,0.1625,24.77488756238962,0.2285,31.04172357022052,0.3375,42.99673355113843,0.464,105.6143719970654
2385,734921,0.20700000000000002,309.08055694392016,0.2205,359.0802688259845,0.2255,407.2479272255062,0.229,453.10513646298796,0.2885,479.042817202766
2386,734921,0.2665,222.64637967241057,0.2635,248.53091894256733,0.244,262.6880718970287,0.23950000000000002,259.9686441269419,0.2255,196.64647468759551
2387,734921,0.2625,36.352084813514765,0.2625,38.15355870930108,0.2695,40.53267994791542,0.337,44.17726760381382,0.337,56.30320467890626
2388,734921,0.306,118.9964690609049,0.307,107.8289129854086,0.308,98.09507806254165,0.431,88.56130411969947,0.3865,72.24756981289285
2389,734921,0.23750000000000002,32.91050121573044,0.227,39.06991890830686,0.226,46.84423229195492,0.225,57.60403654726832,0.2205,85.92180775454058
2390,734921,0.88,3100.7302884737696,0.893,24952.31132345985,0.893,88393.15508916983,0.892,150342.46761846676,0.8055,123033.76168245629
2391,734921,0.111,122.5577073535092,0.109,69.66389842475427,0.105,43.5807581661519,0.105,27.9754095729992,0.105,13.059546101100239
2392,734921,0.34600000000000003,79.76798328617748,0.34700000000000003,86.79811324164145,0.361,94.03586881229819,0.3635,101.567363026078,0.435,110.14202977227697
2393,734921,0.1505,67.81508940571565,0.1565,71.24852267221121,0.164,76.41602538639023,0.171,88.05601725197266,0.179,248.80869907979718
2394,734921,0.41100000000000003,514.2602238813112,0.338,246.05618818398952,0.3375,127.84966736468226,0.336,73.84433670460743,0.322,38.79849818127725
2395,734921,0.279,84.06354881292769,0.28,66.60033892472565,0.2805,53.793512499622544,0.28350000000000003,44.15124850372692,0.3065,41.282621081520205
2396,734921,0.1695,56.486769612256964,0.1695,47.66482433692094,0.169,41.03973330397782,0.169,36.01963508730992,0.17350000000000002,34.87199363606916
2397,734921,0.23850000000000002,2034.897665694739,0.2495,1833.2756760927311,0.25,1453.4387006707357,0.2505,959.0212224360056,0.252,273.66009388493853
2398,734921,0.3765,27134.81629413386,0.3885,99966.61768021806,0.4915,336818.69768059684,0.54,982863.3504752436,0.5665,1682387.7785600207
2399,734921,0.1455,73.47095594762573,0.14400000000000002,94.51032218024623,0.14250000000000002,123.64752019309122,0.127,166.183501601994,0.1155,265.078948794805
2400,734921,0.1615,22.796189665504848,0.163,27.162983831011893,0.1675,33.977490858675736,0.1985,47.04670440523895,0.256,135.618378611639
2401,734921,0.2745,36.08466142831707,0.3185,36.18724813692813,0.3195,36.73496204128279,0.3605,38.285376209749394,0.3865,48.533506752612155
2402,734921,0.5805,5889.878627753148,0.5805,5793.880423404261,0.5945,5846.382966387114,0.581,5480.994718867731,0.465,2254.4716704244593
2403,734921,0.5065000000000001,8856.194532693708,0.5105000000000001,12302.37488087308,0.5105000000000001,14268.441254792398,0.4585,12912.418655900958,0.4435,4082.6358044608814
2404,734921,0.262,145.10718981146857,0.2575,124.06441059694218,0.256,102.84474746906449,0.255,81.24343324477985,0.253,51.72090410207793
2405,734921,0.4335,5996.524048366315,0.4355,4727.17265594393,0.446,3156.558204883856,0.4595,1573.7351164584247,0.4515,185.29873915602897
2406,734921,0.183,1899.5197669165027,0.1845,1418.3423477483595,0.185,973.201486522325,0.185,586.6171173872144,0.20650000000000002,175.57427896582973
2407,734921,0.2595,278.26495198311227,0.262,278.1340420377151,0.262,259.16395462533194,0.2625,221.2717532911425,0.28250000000000003,135.45346459702438
2408,734921,0.7075,13326.825968024026,0.6935,13950.270012192772,0.629,12036.268869652737,0.5765,7678.816742717474,0.532,1174.2706581324724
2409,734921,0.2535,141.60468844153618,0.244,57.74219051854958,0.2405,36.54037773918618,0.227,33.05665612105655,0.217,42.950235701796714
2410,734921,0.463,221.85168409265918,0.47550000000000003,252.51182520824307,0.47550000000000003,306.9231368895244,0.463,340.27677897015013,0.433,169.97662766479482
2411,734921,0.168,17.819231458813235,0.1675,14.452504900538628,0.167,12.078130554145318,0.167,10.357926797010208,0.1675,9.608513180256665
2412,734921,0.146,14.708339407257364,0.14400000000000002,14.44741770117955,0.1385,14.485566709496872,0.128,14.971380387582276,0.14400000000000002,18.59121837172118
2413,734921,0.135,12.776245575660345,0.193,13.21415569056496,0.20450000000000002,14.232497438831157,0.2185,16.489242199495575,0.271,29.58600988176742
2414,734921,0.075,13.173666851227322,0.0755,14.102820128133953,0.0765,15.488144815378904,0.0835,17.949438076143313,0.0925,30.298952031658164
2415,734921,0.3535,30.767712431380524,0.34550000000000003,26.445684427709484,0.3385,23.412201388124462,0.336,21.74083132937959,0.26,29.35041659358925
2416,734921,0.2,24.016190836939412,0.195,24.207534062862376,0.1515,24.744566138694026,0.1475,25.710331512458243,0.14250000000000002,29.015526862149496
2417,734921,0.2955,691.8657184925064,0.3015,967.2605187357983,0.3255,1254.1372829878435,0.337,1480.9358177902122,0.3575,1391.8660775124795
2418,734921,0.2685,31.89623231350497,0.2685,40.16958591780129,0.2685,53.57147384651827,0.2685,78.93886831233709,0.2685,200.29141445607678
2419,734921,0.553,28214.28973666259,0.5455,21899.595448774104,0.5095000000000001,10704.012220183591,0.4985,2821.731802185975,0.358,118.47101101569082
2420,734921,0.246,34.85280007055608,0.246,34.073796762942514,0.245,34.73739272271922,0.2305,37.85338388644365,0.214,56.53654685317165
2421,734921,0.5720000000000001,657.3048253981915,0.5585,804.0594697937844,0.555,830.7840085130325,0.533,729.1078232377417,0.447,540.1495604606254
2422,734921,0.115,22.049854873015057,0.115,18.03330586281585,0.115,14.907709321830902,0.11750000000000001,12.329641345225056,0.14250000000000002,9.720838481048728
2423,734921,0.224,16.85419405301268,0.2245,21.670028140203012,0.2285,30.83085256969706,0.253,52.20508794153507,0.274,210.43833144355537
2424,734921,0.2745,1572.0467718321665,0.275,1042.957773661765,0.275,629.5029793601487,0.28,330.68343379768487,0.2695,92.93535800503945
2425,734921,0.3165,77.75373393686367,0.318,77.91212379749223,0.32,77.32461369088793,0.332,76.40294138289663,0.3375,76.23021425002287
2426,734921,0.5035000000000001,20403.00081688959,0.544,19188.002651245093,0.5595,17386.500477409674,0.5630000000000001,12738.90460847682,0.5665,2178.6706939442156
2427,734921,0.5505,152.5337782752343,0.553,139.1290351329761,0.2805,126.95206218979872,0.258,139.7896068951578,0.188,268.51557658851635
2428,734921,0.3375,100.22904918370136,0.34700000000000003,107.19497748117708,0.34850000000000003,119.28153108426201,0.358,141.64018699243329,0.371,230.18758345789172
2429,734921,0.2205,749.3820570613879,0.2125,808.2024466809859,0.212,821.9125053491662,0.212,783.0421719884321,0.2125,581.1869695872482
2430,734921,0.2185,254.64175994001724,0.2185,271.0461451788956,0.2185,283.02166412419103,0.2195,289.1549993015542,0.2205,252.18807246110745
2431,734921,0.31,108.7274501299616,0.3115,111.16318250792214,0.312,118.59885210617955,0.313,138.32040857509506,0.316,266.9387661773145
2432,734921,0.11800000000000001,51.192601035736935,0.117,62.09788475249432,0.1155,80.83461502829519,0.114,118.3389599135024,0.114,297.2133541121439
2433,734921,0.3765,123.55934024032902,0.3835,155.35536970108123,0.385,293.08520908866484,0.3935,894.3219565793472,0.401,8160.3147410951
2434,734921,0.6920000000000001,1359.175179052338,0.6725,986.66667088638,0.5595,646.693715539434,0.4575,372.4675303709119,0.3935,122.00433943737916
2435,734921,0.2445,600.990060009526,0.2455,323.3929676154059,0.2485,217.14800873426213,0.2535,173.08540384767264,0.327,135.4273170662584
2436,734921,0.47950000000000004,27980.27521266246,0.47250000000000003,23582.601390299176,0.4245,15829.025681857403,0.3205,7668.200595582388,0.259,819.8393232806143
2437,734921,0.2025,14.187849394871105,0.2025,14.02002227211259,0.1865,14.343182768682565,0.1865,15.260609228590111,0.1855,19.17402459659729
2438,734921,0.23800000000000002,737.3501770934855,0.24,557.6323900113765,0.2415,404.22260409719354,0.253,269.57069087909576,0.2955,114.21582444780863
2439,734921,0.41400000000000003,414.9816235791531,0.41450000000000004,451.7701266370409,0.41450000000000004,493.95313219937503,0.322,537.1213262561175,0.291,472.68660455827944
2440,734921,0.115,45.06894414197238,0.1145,38.281313121663906,0.1135,32.68844050527224,0.1135,27.482914237419113,0.115,19.839293161818052
2441,734921,0.454,581.2415115775474,0.4545,391.8060652727164,0.4605,226.5168423688681,0.4575,112.13854616745958,0.331,44.593963919657305
2442,734921,0.38,904.4245206619222,0.38,1043.8814192463908,0.3795,1128.0406357238764,0.3785,1129.6738939308543,0.35150000000000003,821.7608460611731
2443,734921,0.294,27.998533082396857,0.293,29.190753413914535,0.2905,31.50497533660777,0.28750000000000003,35.75330159868397,0.2805,50.01340342144332
2444,734921,0.35000000000000003,43.05291333241174,0.35050000000000003,45.42664956863835,0.35100000000000003,55.57295492714056,0.3625,84.19121631344315,0.364,265.69581313855355
2445,734921,0.35150000000000003,52.32963051605951,0.359,62.21902785544168,0.367,81.98739350546268,0.39,122.20461581434444,0.439,248.76457652094552
2446,734921,0.5065000000000001,6827.826558874487,0.514,15890.733571848934,0.5175,34116.32362646712,0.542,60902.323911077336,0.544,41895.90000767957
2447,734921,0.2795,64.90945657568679,0.28150000000000003,57.34659737438297,0.28800000000000003,51.999515853383166,0.2915,48.16479234341385,0.3045,44.21995487477679
2448,734921,0.209,83.02948338316905,0.20400000000000001,63.967045421298316,0.20350000000000001,50.68945809411027,0.2,40.487550157232846,0.199,29.08051638409639
2449,734921,0.28550000000000003,1644.9448951085856,0.313,2461.66402070626,0.316,3421.7259196770365,0.319,4571.3406574174405,0.323,6958.0281522506175
2450,734921,0.171,44.068275443946035,0.17350000000000002,46.39609339765114,0.17350000000000002,49.877053617875596,0.183,55.39485913388919,0.1855,71.04479504621816
2451,734921,0.294,1517.3803515592892,0.294,1021.4049940848148,0.28350000000000003,703.082722290714,0.2795,444.502111154304,0.2585,163.4381303462451
2452,734921,0.199,276.25330834504274,0.2255,288.3951180536132,0.2255,299.5632550245179,0.241,301.8096342108659,0.2565,231.251827533178
2453,734921,0.2315,189.20062635870752,0.24,248.7688080674413,0.2615,321.01011267611807,0.2795,415.4185675165273,0.3985,648.7667969837311
2454,734921,0.3985,365.8075508453234,0.3995,401.88273977454463,0.3995,396.1043269014492,0.3985,333.5374036740011,0.3975,146.41779864830139
2455,734921,0.3645,794.5866471285639,0.382,1185.6596005597742,0.459,1606.913876778547,0.4605,1987.5414190729161,0.47300000000000003,1608.7030275411416
2456,734921,0.34400000000000003,166.87679413062423,0.37,218.74094942397963,0.3735,283.0981960049486,0.3735,364.41621156933,0.373,536.314091919535
2457,734921,0.222,70.85302932477107,0.225,103.28215425136257,0.2275,152.6610244280199,0.313,234.19859182671894,0.3795,466.41475627272706
2458,734921,0.225,21.631457607779254,0.2155,18.31851503575702,0.211,15.89547224479737,0.20800000000000002,14.047513491451483,0.1935,12.940497630544712
2459,734921,0.169,177.4805537380892,0.1605,165.9441153749665,0.157,148.47914884996703,0.1465,124.93293534983995,0.11900000000000001,79.76430976316477
2460,734921,0.17400000000000002,73.23899680635797,0.1495,51.94986271515756,0.14400000000000002,37.69843619233953,0.132,26.742409248877955,0.113,13.903558532405643
2461,734921,0.3335,220.9428661690194,0.3405,319.0916747514983,0.35100000000000003,471.97839003635096,0.379,799.3749812320717,0.5995,4341.19811657177
2462,734921,0.2545,1060.4041499170603,0.2545,996.2984420545188,0.2545,892.7878310675311,0.2545,742.774608915408,0.2545,419.96232064991744
2463,734921,0.1695,19.391050226863957,0.1695,18.69262372275437,0.1695,18.456519946734314,0.1695,19.07145167965777,0.179,27.616390245808322
2464,734921,0.1355,27.00941010458569,0.1355,33.77979385884719,0.1355,43.18924421789456,0.14250000000000002,57.91635417912754,0.1565,105.7526558388203
2465,734921,0.322,134.2139741511281,0.323,140.62668240526367,0.325,150.28017169627464,0.339,169.3944611204844,0.3915,274.47247322926
2466,734921,0.1905,2942.8620871940966,0.1905,2753.2256308459164,0.1905,2306.338450066223,0.1905,1627.2566896500036,0.1905,477.0307657756123
2467,734921,0.17,57.933707556336124,0.171,71.80823740282293,0.17450000000000002,87.84803286002614,0.17450000000000002,107.22812225012619,0.187,142.5130434530803
2468,734921,0.1365,13.656656608369143,0.1475,13.504886775056848,0.1475,13.893727780644369,0.1515,15.211836697940825,0.1655,23.30358488635994
2469,734921,0.4805,823.8707586288579,0.542,1373.3567893062334,0.641,2595.55400425138,0.6990000000000001,5245.153292307471,0.7035,9258.50754372313
2470,734921,0.137,27.350549319047538,0.14150000000000001,27.604098775329984,0.14150000000000001,29.11171689820921,0.145,34.10923872378026,0.221,86.7271912690872
2471,734921,0.298,146.39192543067475,0.2975,146.2982529521921,0.262,146.43777747334596,0.251,148.12802577297768,0.2495,157.53396932194246
2472,734921,0.13,20.47637231953627,0.1225,17.97467788460261,0.1225,16.31251319028109,0.1225,15.297303284297794,0.1295,15.955979756018786
2473,734921,0.128,33.40483935379243,0.1275,28.438140880730288,0.127,24.745966463580203,0.1265,21.973835639284864,0.127,20.796000464696704
2474,734921,0.11850000000000001,44.948814723154555,0.11900000000000001,39.033781300554836,0.121,35.64010202399781,0.1245,34.35985220786922,0.317,39.58738933374299
2475,734921,0.436,1045.9798499181043,0.451,5297.8462913811045,0.47800000000000004,30823.26608930459,0.501,200695.71252224705,0.5750000000000001,2195482.8764665592
2476,734921,0.275,284.9475620705214,0.259,167.82412189703643,0.221,107.55906885597832,0.22,80.30875212320089,0.1685,73.4884322933915
2477,734921,0.1675,74.35881046943621,0.156,64.72976884323758,0.131,56.867892199907445,0.129,49.80642782461469,0.1255,40.305963643595994
2478,734921,0.1105,28.92539610632997,0.1255,38.13056344577176,0.159,52.6423205737062,0.17400000000000002,80.26927923606969,0.231,250.22427696613715
2479,734921,0.3745,79.35003301737439,0.191,52.30214584455537,0.1655,35.06859662214827,0.162,23.187980150695218,0.1315,12.23847117376828
2480,734921,0.066,28.31516147031375,0.0575,21.561423969269697,0.0575,16.603127740851708,0.0575,12.653048807428064,0.0845,8.182582429537675
2481,734921,0.1765,65.19351064844027,0.2235,90.8483875776099,0.23500000000000001,133.8014273191158,0.247,216.8867620674071,0.2685,584.5860697280448
2482,734921,0.425,468.7681222447363,0.427,429.04581020669815,0.432,382.4410585433615,0.4815,327.02695654863305,0.486,220.30782667372978
2483,734921,0.4885,93.50971361813986,0.5025000000000001,120.6001244736612,0.516,192.34656810561754,0.526,394.693862911019,0.526,1182.999058520385
2484,734921,0.333,44.085157317621444,0.3275,42.80146682829375,0.325,44.63426950700915,0.23750000000000002,48.80140312481907,0.1985,60.21431973622142
2485,734921,0.23600000000000002,30.74872236904863,0.23650000000000002,38.86012111516378,0.2425,55.84880370241111,0.2445,101.36865627045322,0.2505,513.0750733699969
2486,734921,0.1075,50.13578606037897,0.1075,49.093866597183776,0.1115,48.27693872965945,0.123,47.75155229297885,0.135,49.10167293760376
2487,734921,0.1495,56.022278037803446,0.1475,55.73954293546681,0.1475,55.67562504207291,0.1455,56.67117353992407,0.14350000000000002,65.94882584401867
2488,734921,0.7035,49294.73436527452,0.6940000000000001,8922.407229378618,0.6635,2002.105932514857,0.584,436.33906311831237,0.405,78.36557066237496
2489,734921,0.1865,18.497738319607365,0.2005,17.825104913771902,0.20750000000000002,19.024946514357563,0.2155,29.005683113709573,0.245,740.8192748053008
2490,734921,0.3135,767.162846380825,0.2755,439.7291082438021,0.23800000000000002,255.42079254777133,0.23750000000000002,146.46285609606676,0.227,59.867507610622965
2491,734921,0.217,53.96796832704112,0.2165,57.34793114449791,0.2155,61.3088041216383,0.2145,67.60274237059762,0.2145,92.65835312186725
2492,734921,0.321,177.61096342553282,0.3255,180.52899720744674,0.3255,180.04364623190398,0.3255,175.46374786343353,0.3255,154.58581038403082
2493,734921,0.196,245.58040725006887,0.2185,264.97686473740293,0.22,272.14304899377294,0.221,265.5407039172171,0.2495,219.21988499434283
2494,734921,0.1495,383.6373867932149,0.148,433.9203247954114,0.148,484.2209983327459,0.1475,532.5293730651915,0.148,534.4724698257365
2495,734921,0.2785,58.64672471637185,0.2785,68.63040738240959,0.28200000000000003,82.25518876817492,0.32,103.72419598687468,0.3405,177.84503905951303
2496,734921,0.1115,43.626255715401065,0.1085,40.167868050786346,0.083,36.68541521540944,0.067,32.8129077621076,0.0555,25.744674673522972
2497,734921,0.06,14.89948886075835,0.065,16.43579218132461,0.0725,18.983928202260905,0.079,24.592014019311847,0.1625,72.21559193116335
2498,734921,0.1205,27.314927284289187,0.1205,30.475023332666908,0.122,35.170285939096274,0.1225,43.32242372557307,0.137,78.15651280071553
2499,734921,0.3815,559.5087660142126,0.3875,530.6074420760776,0.3875,529.8977081658535,0.396,635.9838256982388,0.397,1379.9070399499217
2500,734921,0.248,118.7729762943225,0.244,106.58731112869646,0.244,97.2703414211802,0.244,89.92074299461173,0.244,82.80292127149008
2501,734921,0.1095,10.736457885645887,0.0985,10.596892048560033,0.081,10.677703281168865,0.081,11.018653649278903,0.078,12.66987998170659
2502,734921,0.1355,81.9736013754444,0.1445,94.762096185753,0.163,109.36315571144824,0.303,128.0160850290278,0.34700000000000003,182.60158861294124
2503,734921,0.0995,29.70180791573251,0.0995,23.144467173321633,0.099,18.238237869268346,0.0995,14.074425995983379,0.1,8.786580424092183
2504,734921,0.269,413.67398673991244,0.28150000000000003,424.7844874725634,0.2885,418.8289893516516,0.3215,392.4418066087909,0.401,294.09587756082294
2505,734921,0.418,11798.345873631171,0.4245,14120.36283961993,0.4375,14636.723811675478,0.4375,12850.860166427134,0.4375,5099.83758520549
2506,734921,0.241,47.19971869456393,0.2405,43.1706979355719,0.2215,39.43224099221575,0.2205,35.63561427060324,0.2175,29.837290651511374
2507,734921,0.371,260.62603942569393,0.3615,295.713228309583,0.3435,326.79961997992905,0.332,350.8149491814845,0.279,340.73051059401666
2508,734921,0.181,6913.794282173152,0.181,9840.063629322141,0.1805,12098.202796266043,0.1805,12305.850339962228,0.1785,6106.936824130945
2509,734921,0.213,41.98928141479508,0.20750000000000002,44.7947599846821,0.181,48.411915004248705,0.176,53.17070892032096,0.176,62.187023084281876
2510,734921,0.212,85.04796861399325,0.223,74.12753648477381,0.224,65.67610697821651,0.2245,58.042476959348754,0.269,45.79511794749784
2511,734921,0.28600000000000003,6379.780359648655,0.28600000000000003,10038.596146610163,0.28650000000000003,13960.721808370576,0.28650000000000003,17523.652672295884,0.28650000000000003,18795.04828956363
2512,734921,0.1905,357.53170269513083,0.191,344.65525828761344,0.192,318.79055515828435,0.192,280.05596418180926,0.192,204.81678233229158
2513,734921,0.091,95.59170160739698,0.0885,88.94087536644865,0.08750000000000001,81.74759119961301,0.08750000000000001,73.18682667524445,0.0905,55.442976960696285
2514,734921,0.272,146013.34387001023,0.271,35264.11787795177,0.267,11695.755038135307,0.266,6513.295056132236,0.2535,1887.274787998503
2515,734921,0.367,13.892949266231456,0.368,13.715114290639969,0.3685,14.054977987175635,0.3795,15.38345042154472,0.385,25.37291984916303
2516,734921,0.369,6.169879111752498,0.3585,6.516621052775712,0.265,7.531237703356224,0.2535,9.660774412474224,0.132,20.169646105428892
2517,734921,0.1915,41.89345939645935,0.2235,43.8939394964937,0.2275,48.88037799903944,0.229,60.796211417196496,0.34550000000000003,141.16021026028457
2518,734921,0.1665,29.346540451038255,0.1715,29.100681097175027,0.184,29.420364005870454,0.1885,31.14875707069665,0.252,49.91052365226867
2519,734921,0.42,10.188970376960421,0.3395,9.893354340909644,0.28650000000000003,9.98338576826213,0.28650000000000003,10.585263437184729,0.256,14.217728700137057
2520,734921,0.5155,32.7211847019984,0.5195,45.31326155210679,0.524,69.3113224051698,0.525,121.82155275434704,0.5245,369.267645987082
2521,734921,0.2685,15.42001533356063,0.2615,12.112064555958469,0.2465,11.682649736636295,0.20400000000000001,12.43470275370498,0.1505,17.69671160241383
2522,734921,0.232,384.2070162864814,0.2315,259.02928748767516,0.2315,171.11186249096318,0.187,106.70489085696352,0.1835,43.04217668287195
2523,734921,0.176,19.379069906435507,0.17300000000000001,19.9852358612021,0.164,21.373807763859986,0.1545,23.818705956129985,0.147,32.751631120908016
2524,734921,0.623,88.42448311363378,0.6385000000000001,194.1496046082474,0.646,444.43654007749706,0.6485,927.698902249834,0.648,1787.2999052878522
2525,734921,0.443,266.5457633329446,0.4395,478.6100013665627,0.3915,834.1401879594059,0.3665,1445.5613520631935,0.331,2928.043397535742
2526,734921,0.1225,26.532704891977673,0.11950000000000001,20.36998374123773,0.11800000000000001,15.592243481425008,0.114,11.66610597338944,0.114,7.395089154191155
2527,734921,0.3205,195.27419386355817,0.3375,220.24185858967545,0.339,247.66211400456248,0.3795,284.97698911310096,0.402,492.72298825657754
2528,734921,0.128,25.437157985869394,0.1205,16.001771701282767,0.11750000000000001,11.594389467764952,0.1165,9.358222400415313,0.107,8.161831112576854
2529,734921,0.276,27.920543201394157,0.276,28.318248797252565,0.276,29.990772118230563,0.276,34.49145825231904,0.2755,61.335092060583285
2530,734921,0.296,647.1231972585532,0.2945,449.1398297933357,0.292,301.213136172135,0.28450000000000003,183.26851850894496,0.272,53.81872772390451
2531,734921,0.2755,43.2637985667229,0.28,37.66874754746851,0.28200000000000003,33.3434353058099,0.292,29.702653879808434,0.4215,26.06311104036293
2532,734921,0.511,2649.587080493078,0.496,1428.0724520960105,0.4925,664.2358511960944,0.432,242.0561726892752,0.393,34.177605376605584
2533,734921,0.241,2071.319099635033,0.23900000000000002,662.797663845104,0.184,202.32229661896687,0.1815,60.50410107059552,0.178,17.293422163370693
2534,734921,0.182,13.418137653728532,0.1705,11.780993488869221,0.168,10.561612394716066,0.165,9.6262251158005,0.157,9.239510895740066
2535,734921,0.3945,684.4895767410442,0.3945,615.0561254503632,0.3945,498.87958642375753,0.3945,355.9588248801969,0.291,190.18396680413233
2536,734921,0.2625,20.498156174765967,0.279,19.651260352130585,0.2955,20.010654212862438,0.3835,33.2515964898395,0.7475,3370.594125019051
2537,734921,0.338,215.8268682033044,0.3175,237.67134409554365,0.296,259.88639000714966,0.2915,284.3502308804889,0.289,323.958770452436
2538,734921,0.554,1459.8876470396303,0.562,1841.2790999720812,0.5605,1938.8148486322295,0.554,1709.9130471481055,0.519,937.3510219185315
2539,734921,0.656,104.32895267339916,0.657,76.97096796025669,0.668,50.184427946675754,0.656,34.62418517411377,0.1785,45.747943230070746
2540,734921,0.18,28.22345626757767,0.1805,28.553733089955024,0.183,29.29356775961591,0.202,30.7566414783126,0.2135,38.182430190485036
2541,734921,0.27,136.62918206171835,0.161,100.62362950983454,0.146,74.28584750325855,0.1165,54.46261558555996,0.106,34.52421064086811
2542,734921,0.1805,165.59090657280254,0.1805,111.07810928606584,0.1805,81.11657359618657,0.185,63.95281688414671,0.2,49.32298331538881
2543,734921,0.387,330.05393456094663,0.3895,423.2016122373717,0.3895,537.5486103345962,0.5545,712.4772932257259,0.482,1130.01800507742
2544,734921,0.496,7183.158898578634,0.47600000000000003,4066.834159070715,0.456,1973.356937854756,0.425,935.5936578976484,0.3275,343.42749497841714
2545,734921,0.28700000000000003,63.0009665598958,0.28700000000000003,56.97640969901717,0.28550000000000003,51.881753713296774,0.28,47.4780338767581,0.277,44.06342001075008
2546,734921,0.153,53.23845184697152,0.1525,62.319278219750316,0.1485,76.2718855599001,0.1445,101.0814844904643,0.145,202.09723641968847
2547,734921,0.2915,159.37938073164557,0.2515,265.21832571258045,0.2485,430.5535962796776,0.245,683.3846263395063,0.23600000000000002,1111.467937517226
2548,734921,0.4185,50.17438128998798,0.432,56.255834394367476,0.4375,63.66051611686181,0.4375,73.14092359941809,0.431,94.63071192418475
2549,734921,0.309,1482.4872770077545,0.309,988.4384322254255,0.3075,636.7959388877138,0.268,384.897564564278,0.2575,148.9876852602058
2550,734921,0.20400000000000001,18.190655763211364,0.20450000000000002,20.531642380147247,0.2125,24.134557230454686,0.246,30.33721385098516,0.2805,55.984587950144174
2551,734921,0.33,45.26188737308446,0.33,34.66179454556627,0.33,27.052297898560088,0.33,21.31726604017863,0.3295,16.211992912050963
2552,734921,0.1865,1350.9646850636882,0.1855,785.458355020781,0.183,476.2349620110462,0.181,290.27235590776326,0.17250000000000001,121.52688835307747
2553,734921,0.20350000000000001,893.0556098941738,0.2105,1068.8367173853194,0.213,1187.137501344879,0.2205,1195.1717614377499,0.2425,840.0970137715354
2554,734921,0.1775,64.26503005781242,0.1775,82.83440956384037,0.178,106.88840287224299,0.227,140.65790629136634,0.2425,224.5725762445704
2555,734921,0.4675,73.36781059991864,0.468,98.38964616374543,0.468,131.4707930282379,0.4675,183.3776854927783,0.2995,430.4386906202764
2556,734921,0.135,44.40431892365234,0.14200000000000002,39.35326910908853,0.14400000000000002,35.434169525698444,0.1785,32.58172818063547,0.194,33.66436435797186
2557,734921,0.6335000000000001,1179.3033409055663,0.6895,1804.219376741229,0.6970000000000001,5699.242713674421,0.749,25610.413049165596,0.763,85203.7014615412
2558,734921,0.401,5017.200972782832,0.404,7228.090421116342,0.41150000000000003,8273.245356155618,0.41150000000000003,6841.794128281079,0.3685,1727.8465400773923
2559,734921,0.322,1484.5294926356326,0.3225,1254.8396851171954,0.323,962.1870336322506,0.3435,639.133539542949,0.34750000000000003,213.3038919058025
2560,734921,0.3115,1905.8613655076622,0.4395,4525.689037633189,0.4965,10073.714370862006,0.5865,20420.85127788874,0.6545,42461.14197328601
2561,734921,0.1465,36.43734893992907,0.149,41.6067361573521,0.151,50.445334495014855,0.158,65.97767899540447,0.1905,115.80520167799175
2562,734921,0.289,271.5735442140749,0.23800000000000002,174.6308423182272,0.186,107.1976674707229,0.111,60.16380055508791,0.0845,21.779586145994596
2563,734921,0.2405,56.687289650149765,0.2415,41.63403180891224,0.2425,29.73548962127562,0.247,20.28783521154027,0.2735,11.281470844638482
2564,734921,0.2,154.3643296408733,0.20600000000000002,187.51521674519395,0.2135,225.25446922181413,0.2495,267.15536104974285,0.265,309.3551238485761
2565,734921,0.202,30.96828221730506,0.203,28.995426119033464,0.20350000000000001,27.628393203825542,0.20400000000000001,26.615317224853722,0.2165,25.743649726902387
2566,734921,0.19,460.7180519579546,0.1915,405.6698677763436,0.1915,351.2045026670816,0.1935,292.06156865765706,0.195,181.91179553694607
2567,734921,0.7145,25730628.56275792,1.0515,44884323.27744671,1.069,44787570.69855825,1.066,20723829.09309307,0.684,440738.7879347502
2568,734921,0.1935,436.3143213335701,0.1655,353.6893837393136,0.1635,271.3195366095057,0.1625,187.04913466022967,0.162,69.53300388237002
2569,734921,0.623,5004.377546746929,0.6235,3145.7450564752944,0.623,1558.1566648321636,0.551,562.0414960577374,0.399,64.13387961476269
2570,734921,0.5115000000000001,834.7740235848111,0.487,555.7205675612993,0.46,356.03219226948016,0.405,207.11147948377783,0.315,65.54418811454133
2571,734921,0.1145,113.75390776735965,0.117,134.39140072296578,0.1245,163.5967488999241,0.1515,201.33368866235173,0.178,232.80278640861226
2572,734921,0.2775,29.00678177735202,0.2755,27.27353328006116,0.2605,25.97390705155301,0.17500000000000002,24.96977152190494,0.165,25.621591225844714
2573,734921,0.24,36.990786494698796,0.234,37.12622315678669,0.2305,37.71821315965368,0.225,38.915395898736236,0.2245,43.38281541183703
2574,734921,0.08,31.47021623229529,0.088,30.06790231158095,0.1255,28.943842073711302,0.129,28.08212635168073,0.136,28.240504273050643
2575,734921,0.5235,417.70148332161244,0.7585000000000001,579.6656696470519,0.7695,770.7134460653554,0.7785,987.9297872653204,0.789,1222.823472159815
2576,734921,0.20450000000000002,88.59447059287297,0.20450000000000002,98.02503662924065,0.20400000000000001,111.13155017805002,0.203,131.23000695465288,0.203,188.6298840772753
2577,734921,0.7815,2058495.7260138209,0.7865,1007913.7554252199,0.802,356192.4314753566,0.7865,74843.54020900073,0.548,1557.7999736965016
2578,734921,0.203,18.70508043168585,0.2205,17.276714665051685,0.2235,16.56633567079514,0.227,17.407383117804653,0.23550000000000001,38.80555174162653
2579,734921,0.169,11.643295550310784,0.1655,6.896081603058554,0.1385,5.4915761335652835,0.1345,5.4364030457540755,0.1325,7.795580995057322
2580,734921,0.32,96.2643356892292,0.308,73.36314724769497,0.2785,58.190140270461505,0.2645,47.760524268090386,0.193,39.056056584838124
2581,734921,0.23700000000000002,57.79867886064598,0.23800000000000002,65.42359739450153,0.2465,75.30642150076426,0.257,90.12134442293055,0.3055,138.9380805012954
2582,734921,0.1955,90.99810165259044,0.195,73.82562288177397,0.195,60.042252663474606,0.1815,47.45509446563849,0.1815,29.21642677874206
2583,734921,0.335,50.15267906677028,0.3355,48.2815585694166,0.3375,48.21674675166784,0.3375,49.90205865994471,0.3375,57.50564909900526
2584,734921,0.72,40.663787177188674,0.882,69.0552613831408,0.886,125.76438588377911,0.9125,278.9322480715047,0.711,1204.4244690287787
2585,734921,0.7925,484.31176996735195,0.793,389.11459839613497,0.7935,263.98024627931363,0.793,188.80471299810503,0.4835,236.70462575311825
2586,734921,0.252,364.9472653950547,0.2525,261.9033518733398,0.2525,182.59799757770634,0.254,117.67221129691865,0.26,43.93764675004481
2587,734921,0.712,2218858.7612413317,0.784,9607394.517153053,0.8125,28491530.147083197,0.756,53222445.951398216,0.5975,17662133.04722316
2588,734921,0.2665,29.621757832559926,0.2905,33.42026395708524,0.336,38.55760224168602,0.34500000000000003,46.40218501100567,0.428,124.87274064358128
2589,734921,0.20650000000000002,252.75053163194974,0.23600000000000002,289.2012347323071,0.244,325.02474456532894,0.2455,367.82393575348544,0.2515,466.49600332540507
2590,734921,0.398,56.63494354080969,0.24,46.0170413865975,0.23650000000000002,39.076735506595874,0.23450000000000001,33.92946867167963,0.2275,30.120049131905432
2591,734921,0.273,300.41394013835736,0.2735,260.6845708761435,0.274,221.37621347235734,0.274,180.7550424240976,0.272,120.94139998580944
2592,734921,0.462,853.4950745391658,0.4595,601.4839382832745,0.4495,476.6136080255212,0.4385,435.6492751948616,0.3765,400.87380726050384
2593,734921,0.541,832.8199952877885,0.4315,659.9014831515418,0.3545,477.49115820060416,0.259,294.6515725108465,0.1475,79.39011185462186
2594,734921,0.276,185.54585283102554,0.277,142.66246376974527,0.277,107.8572756838664,0.277,77.90222512079947,0.276,40.892115992357155
2595,734921,0.713,55.60098059866454,0.559,61.434655167819464,0.32,72.91755252438317,0.298,96.56830795856865,0.2645,203.3402874211982
2596,734921,0.161,74.23104859765806,0.161,71.91973916015506,0.161,68.94711528193697,0.162,65.57031446537961,0.20500000000000002,65.9381094556211
2597,734921,0.20550000000000002,50.3560062654309,0.1825,36.299520920307785,0.178,27.395274877199334,0.17350000000000002,21.20495297195787,0.162,15.394222976497435
2598,734921,0.168,105.44898834028446,0.152,87.0254093995275,0.1515,70.90575680019538,0.1515,55.726678584779556,0.152,34.28952719971435
2599,734921,0.1995,51.570975527405665,0.1995,53.725314674475804,0.1995,57.2943840203861,0.20500000000000002,64.20352421435275,0.2135,95.27767343847749
2600,734921,0.28350000000000003,23.880754589638816,0.28700000000000003,22.89735040863606,0.292,22.50352137252216,0.328,23.3296418979986,0.3695,38.922352925947514
2601,734921,0.198,70.55785999952255,0.1985,76.66465770292672,0.2195,83.30165496051728,0.2305,91.26008233842607,0.241,109.04881927310888
2602,734921,0.2405,228.35603425737796,0.243,307.6572776074375,0.2545,405.2395073346843,0.3055,528.7881775302504,0.3285,733.1431675722887
2603,734921,0.3125,256.39098613507576,0.3185,280.7459464620785,0.3255,367.68718095913437,0.3395,564.2531617821012,0.41050000000000003,1137.4201836466382
2604,734921,0.53,22102.613251220857,0.5375,29866.704691435065,0.538,34279.91085784549,0.5375,31915.10728714909,0.4035,9627.989243864818
2605,734921,0.2675,58.87451911582619,0.2475,52.643852652053646,0.2475,46.61001865069042,0.2465,40.186122473752924,0.2455,29.238037564832535
2606,734921,0.23,33.829269017063254,0.23,23.048461271496315,0.23,17.065187214035124,0.23,13.371629895980462,0.23450000000000001,10.435035859596278
2607,734921,0.45,12338.288663893172,0.43,4115.043895661386,0.41200000000000003,2761.7437617772935,0.383,2037.3622924992592,0.2305,730.5897722393843
2608,734921,0.41200000000000003,1420.920522542683,0.443,4750.756193312945,0.47150000000000003,15054.31009345647,0.47600000000000003,45477.33900906737,0.5035000000000001,153739.24000075893
2609,734921,0.5905,12875.45972734519,0.632,23984.15427670476,0.636,39510.95621969226,0.6555,56788.81381764507,0.684,49613.39461901754
2610,734921,0.153,655.753495066477,0.153,580.7823134401214,0.153,473.72842407311975,0.1555,337.52477728956796,0.1585,120.31939433406177
2611,734921,0.1485,31.297053287829584,0.1505,34.76022405737206,0.1515,40.44872579496706,0.153,51.16899720710467,0.169,103.6630868603172
2612,734921,0.1155,49.38715827006382,0.111,36.79140251028415,0.1095,28.842356983407985,0.1065,23.040356188229023,0.1065,16.243243700175576
2613,734921,0.20600000000000002,62.42557507059027,0.2405,78.37109428745919,0.25,102.08103610667784,0.26,147.1491004970203,0.2895,607.7833289579212
2614,734921,0.322,761.9041434257218,0.278,849.5059937395978,0.278,895.8590542574964,0.277,871.9991069268175,0.27,575.6954003489122
2615,734921,0.3235,87.53132441340752,0.3185,59.9481729016127,0.3125,40.44741619875767,0.1535,25.287451104118766,0.126,9.38159827473959
2616,734921,0.25,317.8558928892518,0.28800000000000003,686.2928875493036,0.3115,1553.8329146222327,0.4805,3751.3754888779467,0.5385,13620.745030408281
2617,734921,0.339,235.21501924822334,0.335,235.3043657921899,0.28650000000000003,229.7280450259878,0.2705,216.60122593596108,0.20700000000000002,175.02817646928102
2618,734921,0.13,12.369960952326412,0.13,10.944243370646884,0.13,9.949909622693934,0.13,9.276742253495081,0.1975,9.375459143129834
2619,734921,0.1705,65.50439319314009,0.168,58.026504599599924,0.1675,52.450196646127615,0.1665,47.55858471238416,0.14350000000000002,39.97957954401777
2620,734921,0.1945,34.646334393530395,0.196,33.08117361935781,0.2675,34.144767605082876,0.294,38.865188035367474,0.3735,63.43408809044641
2621,734921,0.34450000000000003,1042.4332045447125,0.3425,1002.8167601019288,0.331,895.2633648335282,0.3175,723.0859447427263,0.3115,382.9271947899411
2622,734921,0.1875,48.97781035802623,0.1215,51.24271918823818,0.111,54.37444803684479,0.1075,58.89324863776688,0.0995,71.74895418549657
2623,734921,0.34400000000000003,243.20167490077944,0.34400000000000003,335.9111795514747,0.3415,434.184732119484,0.34,532.2866024529072,0.318,712.8829109736005
2624,734921,0.5675,237.65659222138106,0.5775,463.8316361778361,0.607,997.4704134667534,0.6465,2447.2691455376944,0.716,16355.087753768947
2625,734921,0.2445,138.94559704261107,0.2465,150.35658264791329,0.249,153.74313261660345,0.249,147.18739016276237,0.2505,125.67677019264121
2626,734921,0.1445,29.39830185882148,0.1535,34.46411209111071,0.1585,42.6132853134547,0.164,57.06134234359613,0.2785,112.94225190296501
2627,734921,0.17500000000000002,161.89790076511647,0.1785,149.23773706054223,0.1835,137.23540099092452,0.191,124.64583573561804,0.217,101.73050528491684
2628,734921,0.4265,59.61978060339392,0.4665,83.60273944027202,0.5255,120.00071469845552,0.5660000000000001,185.79960900101412,0.582,612.0309310817888
2629,734921,0.23750000000000002,26.96461913916504,0.2435,29.56789006403216,0.247,34.470370348175756,0.28700000000000003,45.99118615025018,0.382,112.72313244811029
2630,734921,0.4625,2127.5548349746587,0.428,975.6248414978256,0.3645,436.14349988085615,0.354,181.80164889807912,0.20500000000000002,43.16697740223996
2631,734921,0.2255,25.195348604435086,0.2275,28.338440911525176,0.23600000000000002,32.49712283080793,0.2415,39.38520903635006,0.2795,82.96623279758774
2632,734921,0.516,4044.8971242557996,0.524,7242.847363434712,0.534,11514.456370278407,0.5385,15289.69686096586,0.5385,8470.35532692237
2633,734921,0.3875,10050.930638006359,0.38,2455.8978195547597,0.343,565.0340890985991,0.339,165.78806957911985,0.2715,49.18353110407948
2634,734921,0.1615,109.91918173963421,0.1605,89.07359759756665,0.135,72.22407069206248,0.1265,57.183222458703305,0.121,36.683435061223626
2635,734921,0.8025,1984.134976774318,0.805,3607.307777806611,0.804,5976.9475716880725,0.8005,8851.750888728255,0.4465,9403.769170425021
2636,734921,0.1825,46.48388122649889,0.1785,42.82418099710703,0.1765,39.68163933179434,0.17550000000000002,36.755893510447926,0.17300000000000001,33.62240480134699
2637,734921,0.253,235.4316160781657,0.2565,234.64178696405043,0.2735,229.1087676165334,0.2795,216.89341784156008,0.3,163.36551716830235
2638,734921,0.6935,96.29358434274711,0.6935,86.37365559384702,0.499,77.11585885969433,0.47300000000000003,68.53184365546507,0.4435,54.94867563094502
2639,734921,0.5720000000000001,116.90274914066428,0.54,45.30803950036835,0.36,19.432023375497014,0.2535,10.769704211794078,0.223,8.805354837204186
2640,734921,0.176,91.10058279504189,0.17400000000000002,70.6737374350108,0.171,56.29519433105881,0.148,45.47351436754493,0.145,33.69135291953477
2641,734921,0.2505,299.2370523769465,0.257,586.1724366352291,0.2715,1221.2921207500613,0.3045,2890.630930321349,0.3765,13567.539107753502
2642,734921,0.2565,156.04834532132202,0.259,257.99618427538445,0.259,469.9127996068682,0.259,947.9184359328954,0.2615,3197.1669092589823
2643,734921,0.367,163.70756151006805,0.367,157.45764976190085,0.3695,157.59052831634133,0.367,165.29813097767862,0.356,180.72846665251555
2644,734921,0.223,235.411408734145,0.223,178.84737103836005,0.223,131.75990033542055,0.223,91.3680673749855,0.223,43.20815939123347
2645,734921,0.7325,6908.610784526372,0.723,988.4296522981202,0.706,122.39427876519768,0.6215,27.207905173051625,0.273,16.11257181095172
2646,734921,0.3725,144.20821388758313,0.37,72.631133470571,0.3685,41.77512904730305,0.368,28.22629527669681,0.2915,21.338427731881357
2647,734921,0.18,22.34282995609626,0.1895,22.189525548583354,0.2025,22.69836269514222,0.2105,24.64891295646922,0.615,55.83066730071445
2648,734921,0.17350000000000002,24.138175601861448,0.1845,31.50952003401462,0.21,46.6213530675162,0.2175,90.88926810949086,0.23700000000000002,857.533580601548
2649,734921,0.2405,1289.3450164673814,0.2405,1161.0548112797787,0.2715,996.5528061608547,0.277,777.7668403724812,0.3045,358.2171412569895
2650,734921,0.2265,17.782783291949723,0.221,17.938412511187476,0.211,18.64497434162877,0.2105,20.395083400638267,0.2105,30.288680879151773
2651,734921,0.28300000000000003,338.5823305236474,0.28300000000000003,471.80969515416064,0.28400000000000003,633.4109269973857,0.28400000000000003,810.695237818293,0.28400000000000003,861.5038062695703
2652,734921,0.1105,43.59792378434354,0.111,49.89846039203005,0.121,59.62857264996741,0.1275,78.6588760682878,0.147,197.0204721291191
2653,734921,0.2225,78.91572091946898,0.2225,60.14829738979369,0.2225,46.71973578360511,0.1315,36.23294725908229,0.245,24.031313283036052
2654,734921,0.2025,842.2172707846148,0.2025,614.8420933184968,0.2025,434.594725939311,0.203,291.5424890109552,0.20650000000000002,141.7375690921234
2655,734921,0.1385,25.82254324392503,0.1375,25.250066117642195,0.137,25.311058123726216,0.137,26.276759105910166,0.14300000000000002,32.656038281920544
2656,734921,0.23950000000000002,93.96833981884329,0.23950000000000002,81.88858043535976,0.23950000000000002,70.34382365554647,0.23950000000000002,58.65011838926477,0.2405,41.76327218761267
2657,734921,0.519,3140.7243316251706,0.532,2655.0413203196726,0.541,3631.355326910559,0.5415,5594.2990135864,0.5415,3233.0540897255764
2658,734921,0.2195,157.58117590837173,0.2215,180.74219648512286,0.2265,213.80175643493095,0.245,273.7511222191661,0.2585,542.7302383398863
2659,734921,0.5865,496.0302746280558,0.557,313.4549423695817,0.553,204.79678694111857,0.492,134.01998438471378,0.388,64.41604823617878
2660,734921,0.5155,923.7075337467069,0.5155,828.925839601108,0.5155,519.6900960189462,0.5135,227.889833166485,0.463,99.58888368572607
2661,734921,0.4265,603.5053353857667,0.4265,867.9238074444474,0.4275,1191.5649328489417,0.4285,1589.2251022133808,0.4285,1976.1153156102494
2662,734921,0.169,12.192427196193023,0.1565,10.786142479171012,0.1445,9.859568471982131,0.139,9.225269156330741,0.1225,8.98730217336099
2663,734921,0.1375,24.74608464352429,0.1405,29.652438554092473,0.14400000000000002,39.2996178845228,0.145,63.16906419303023,0.1475,304.4230230737771
2664,734921,0.3635,12265.93259075101,0.3615,11897.096409514199,0.3595,9668.117961200049,0.34600000000000003,6124.878554280615,0.267,1209.3222685471405
2665,734921,0.121,14.855935851034879,0.121,15.27236329610824,0.1245,17.06051485103359,0.127,21.121985931495463,0.1975,39.88318507021891
2666,734921,0.159,54.930025202790596,0.157,73.3623294838936,0.1555,99.80390371556354,0.1555,140.74155591898435,0.1565,252.09992696212686
2667,734921,0.4215,6026.824855776716,0.3915,3840.7951437845054,0.3565,2360.9464174097084,0.3415,1335.2403023727338,0.244,431.07275606279256
2668,734921,0.975,4441409.234816,1.018,10911168.929154782,1.158,19470120.063668158,1.195,55343103.21621742,1.2095,47646410.17437827
2669,734921,0.212,52.51190976699331,0.231,48.32173566686931,0.2315,44.06065453031686,0.6625,40.94242471708111,0.679,175.21584179632995
2670,734921,0.338,716.956825303016,0.3345,398.9217714073228,0.3335,219.9875969189947,0.28500000000000003,129.596605011768,0.2455,78.13226522962864
2671,734921,0.47650000000000003,715.7311630454648,0.5215,620.0199676872363,0.529,515.5443984560422,0.529,405.36293057799696,0.3085,235.1007670263872
2672,734921,0.2465,100.66231905300361,0.20400000000000001,68.66601551357887,0.17200000000000001,47.09366948479986,0.168,31.70791902117113,0.1505,17.24212366988328
2673,734921,0.318,251.65211093135923,0.318,210.67612222983493,0.318,173.49680056659113,0.318,140.250417772607,0.3025,106.48963639221262
2674,734921,0.131,25.609422590269965,0.131,22.078229639352486,0.1315,19.47293196611369,0.14350000000000002,17.502909573525596,0.1555,16.392345426026147
2675,734921,0.2935,633.4788673234968,0.3115,1231.5549314320906,0.3125,2342.2903047734194,0.3175,3975.386256989327,0.3355,4997.271410762129
2676,734921,0.2935,67.28179708835093,0.303,68.46410991677655,0.3035,70.89494114505062,0.3035,73.64770704074479,0.303,81.217074183265
2677,734921,0.215,38.36279371625376,0.2155,41.764794627936475,0.217,47.31903439462326,0.217,58.344944025338044,0.22,121.65086082805149
2678,734921,0.318,82.00075387582312,0.321,46.492160796594995,0.322,29.69036705352748,0.3245,21.2312005931842,0.358,18.589450105816184
2679,734921,0.6475,6214.045514871002,0.6475,5930.480342114319,0.6465,4556.197708077897,0.619,2648.056763717558,0.5775,554.7880029458922
2680,734921,0.453,392.0086367320548,0.4455,427.6679738845661,0.41100000000000003,436.9924683539071,0.336,406.7197192352506,0.2725,266.0522092404272
2681,734921,0.127,10.342675860336335,0.129,9.857148427842441,0.139,9.742811167832503,0.15,10.088323820106885,0.218,13.047031292702432
2682,734921,0.203,111.0193829060433,0.2025,151.55949027760613,0.2025,222.3944488366808,0.2025,363.8376147156501,0.2025,983.903298794851
2683,734921,0.1495,52.80954498186987,0.1305,37.361841602524706,0.1295,32.384432882126184,0.122,33.098414548065364,0.1145,46.95352230849454
2684,734921,0.367,5254.403353055924,0.365,4405.280479427338,0.365,3486.4754610466975,0.353,2509.606895729214,0.332,934.6834851353572
2685,734921,0.1715,30.556286311526396,0.1785,41.13339094332142,0.233,68.31177911176049,0.2405,200.94279742591763,0.2955,5479.669050594535
2686,734921,0.218,31.99630275076686,0.3085,35.572269827704616,0.315,42.09608506831419,0.326,57.22174310639121,0.34700000000000003,219.54875038151636
2687,734921,0.4205,7305.7808094855345,0.432,8189.3452084704795,0.4215,7469.553101359468,0.40650000000000003,5182.646910588017,0.3695,1914.3367196419956
2688,734921,0.374,426.59815233416373,0.3745,307.09873210989525,0.392,211.77042345239857,0.3945,135.6340801877154,0.3985,57.37220622378722
2689,734921,0.3885,513.5490977054617,0.385,423.92477155321933,0.362,350.9236176189389,0.356,292.54011776021656,0.28500000000000003,198.1746457928111
2690,734921,0.261,65.01668523105855,0.23500000000000001,51.44111492417204,0.1705,40.10268208011999,0.163,29.913345407630377,0.1395,16.48566559340112
2691,734921,0.481,2894.98923052043,0.481,1436.4215006151132,0.467,811.5832022034762,0.40850000000000003,464.5408408583991,0.352,158.862377908411
2692,734921,0.1275,32.706613841153334,0.13,33.83279073207935,0.17250000000000001,35.85390872781814,0.17400000000000002,39.385423099805585,0.223,54.56265164108503
2693,734921,0.2565,53.42187564480613,0.243,27.773866795244693,0.231,17.18521744983936,0.2115,12.350334217971994,0.2015,8.922902730916032
2694,734921,0.223,8.490123488056867,0.226,7.8903255933753345,0.227,7.986721046825968,0.228,9.32923570273112,0.294,23.58669847784415
2695,734921,0.0935,17.69369792037904,0.0965,16.94833849023288,0.099,16.656974312058708,0.10350000000000001,16.956648790697752,0.1275,21.002333852886192
2696,734921,0.14350000000000002,27.007422032597734,0.1475,28.653833062035126,0.15,31.308195360093016,0.157,36.044176851424545,0.1855,56.74650030197196
2697,734921,0.2745,35.36741770035974,0.272,33.61912030621117,0.2505,32.67506414529911,0.1545,32.548287756051515,0.1545,36.18941463158145
2698,734921,0.299,44.78557827535031,0.3565,80.01030534382407,0.3625,180.11533268889067,0.3755,550.3910538517182,0.3915,5402.4485314886115
2699,734921,0.3675,128.90364939553803,0.3545,149.0829204946852,0.325,171.43031248800622,0.3145,197.70768414366398,0.17450000000000002,245.34978292331732
2700,734921,0.1445,17.018982955572977,0.14300000000000002,16.322381037691105,0.133,16.148387337459642,0.13,16.48285415205987,0.1265,18.887450601274207
2701,734921,0.3185,7440.123270838164,0.3185,13387.42346543338,0.3225,20532.536901886586,0.3225,25556.504009405497,0.2945,12862.787060064591
2702,734921,0.1615,99.34232576492973,0.1505,73.69720752165004,0.1505,56.443491205345715,0.1485,43.84457222998229,0.138,31.210689313662748
2703,734921,0.4245,54.05012144678227,0.427,65.87586668509802,0.43,81.88697319685112,0.43,104.1514977776385,0.3305,156.3234042248209
2704,734921,0.3135,145.74516262211534,0.3125,171.78594508922697,0.31,204.71689792580344,0.309,244.3363305544522,0.3075,292.31265827191834
2705,734921,0.0905,16.482205619482738,0.0905,15.85383924806559,0.0905,15.6186569393924,0.0905,15.934804064847668,0.099,19.808920283687666
2706,734921,0.217,142.61434516908218,0.2235,143.75991761561062,0.2245,142.77430201292407,0.23,141.65206583840757,0.2325,172.48144651181784
2707,734921,0.4335,332.01420173737154,0.389,284.85515033857143,0.369,322.37787184611744,0.357,411.87341473272375,0.2435,569.0457706856719
2708,734921,0.3855,4062.2329461394493,0.3275,803.4646381727753,0.2685,133.66008993601318,0.2205,25.004093517213253,0.1955,16.72233419102521
2709,734921,0.2125,229.7257055737499,0.214,360.1943351238168,0.214,556.0519654563849,0.214,875.5155513065398,0.217,1823.4631150254063
2710,734921,0.17350000000000002,142.8017385824181,0.17350000000000002,160.9912851416111,0.17350000000000002,180.36566410145744,0.17350000000000002,203.81981795210294,0.17350000000000002,261.83566750200015
2711,734921,0.20450000000000002,20.148603273196624,0.2085,20.64078158718888,0.2085,21.541852507983435,0.2155,23.099055539525903,0.334,30.249684311831665
2712,734921,0.445,12195.00680458696,0.4595,33059.406358033484,0.522,86427.82508001708,0.5365,214746.0858638769,0.5690000000000001,415206.49889831606
2713,734921,0.372,463.5541242882344,0.357,375.50154654007196,0.3005,299.96535651041364,0.28350000000000003,231.5799365958893,0.266,124.56848999720286
2714,734921,0.099,21.319449116304398,0.099,21.733005357382485,0.099,22.457223740496843,0.1015,23.68604839214216,0.1705,28.0363574270935
2715,734921,0.1765,47.09296720702255,0.1825,55.00359675774664,0.258,65.91433529603181,0.2685,83.66563469816246,0.3325,152.25850964915824
2716,734921,0.17550000000000002,26.326456827842584,0.1665,28.736553437173498,0.1665,31.743825052951177,0.08700000000000001,35.71054527338814,0.0855,45.34626668762573
2717,734921,0.20500000000000002,33.91846863605382,0.20600000000000002,48.52428936129418,0.20600000000000002,73.55407882289335,0.20600000000000002,122.92757997242363,0.2655,347.90257648955725
2718,734921,0.311,912.4011659165212,0.313,975.1562921857397,0.3145,937.6938055701953,0.3175,789.3266328014815,0.329,400.60434817015437
2719,734921,0.5125,97.30101324011751,0.5415,100.91088335552548,0.5765,104.8361257050066,0.589,109.71099818599218,0.7010000000000001,132.3011345671762
2720,734921,0.0885,27.69801653159702,0.088,27.241662414951723,0.088,27.109511076090975,0.078,27.360508517269757,0.078,29.325409046784568
2721,734921,0.47850000000000004,15575.798916086045,0.44,4086.7221225674984,0.3885,1001.4616554498665,0.3705,222.55270241451183,0.165,48.37376477325663
2722,734921,0.3365,316.43037418165926,0.3535,337.9471468197804,0.354,346.0351670664021,0.354,336.03787278489665,0.354,266.73760110528156
2723,734921,0.3215,611.7217110926099,0.326,529.3824305998002,0.3265,436.34306743763995,0.3265,331.8354012604569,0.3265,159.79190901056342
2724,734921,0.12,135.68664047316543,0.121,159.40453575375057,0.1265,183.150763789253,0.14300000000000002,205.80641213376882,0.15,216.34922814927876
2725,734921,0.3085,165.22566394384918,0.3085,163.15092600546805,0.3085,163.93673130230084,0.3085,164.5323546060222,0.308,148.63059268616897
2726,734921,0.2605,144.54636478698518,0.2705,151.35690311127536,0.275,161.326637560599,0.2795,178.3213010119314,0.3395,208.44882896744184
2727,734921,0.303,294.58025330209625,0.3085,413.79257447558115,0.3215,564.1057243507207,0.3325,739.5783801502671,0.468,841.1961292511988
2728,734921,0.256,433.84824517437863,0.2155,337.4358021236158,0.164,258.73611635469916,0.1585,185.21256020658453,0.133,84.00368301310263
2729,734921,0.20400000000000001,20.407359458889992,0.2105,21.178199125485584,0.218,22.56391885886494,0.225,25.34092763370158,0.3545,53.285138461625685
2730,734921,0.1845,10369.313933157786,0.167,5725.087239227215,0.1645,2913.057044659676,0.152,1248.8642005508518,0.1395,173.93203268365312
2731,734921,0.306,377.6248976538457,0.317,335.045492041694,0.352,401.3837306352686,0.355,618.4208019678605,0.359,811.8524079604856
2732,734921,0.2025,170.8106685745915,0.20650000000000002,203.6966029691857,0.20700000000000002,242.46534887132773,0.227,287.69242110100055,0.242,332.9398384189592
2733,734921,0.106,52.79536910471156,0.1015,47.55666970089408,0.098,43.07172930639705,0.0905,38.76582436525969,0.089,32.061525381961474
2734,734921,0.401,1059.068646858206,0.3985,825.5626227481008,0.393,642.5882753168712,0.365,480.544996345518,0.3055,281.7199846201525
2735,734921,0.5105000000000001,645.0338303106095,0.47100000000000003,258.2221052011464,0.3845,176.38022635529583,0.3635,159.9936670465436,0.269,162.11760361830622
2736,734921,0.35050000000000003,115.54973876912766,0.358,101.88762919313716,0.386,90.23127258039422,0.386,79.30498920658891,0.322,62.272804295612325
2737,734921,0.398,2927.0732284815176,0.2785,1333.4115634147774,0.268,620.771842650646,0.20500000000000002,296.2147503460901,0.1875,91.44084864482257
2738,734921,0.28200000000000003,203.53917756152134,0.28550000000000003,242.591757559878,0.34750000000000003,363.8586479384821,0.34950000000000003,607.7939676131688,0.35150000000000003,1151.1977907595833
2739,734921,0.5215,91.0161077654432,0.436,81.54416837365847,0.165,75.38538318643964,0.1535,69.9337614602816,0.1465,58.258931023880926
2740,734921,0.2215,118.34819349424029,0.22,99.68381997038135,0.217,83.8210932108186,0.214,69.10782556022384,0.20650000000000002,47.11560279294504
2741,734921,0.21,48.16610620828003,0.20700000000000002,47.33965644664009,0.20450000000000002,46.99601481012826,0.1945,47.31241908313644,0.188,50.21334763796448
2742,734921,0.3645,69.80100227107387,0.299,54.90311459267612,0.289,46.6684776532265,0.2655,40.92336889935798,0.2495,34.35435848619576
2743,734921,0.464,2438.069485274381,0.47600000000000003,1831.8919739507487,0.511,1280.4367059294157,0.5825,804.6145961674636,0.605,296.36674521477744
2744,734921,0.1205,54.757305312492136,0.1145,66.66713144596572,0.1115,81.8874715120635,0.1105,103.25586688240747,0.10350000000000001,157.99477607113155
2745,734921,0.2175,34.310461967235845,0.223,36.76998065225096,0.225,40.18131237721539,0.2305,45.447698675816675,0.2685,62.68770773995061
2746,734921,0.1655,82.05985296704536,0.1695,79.22468890647609,0.17400000000000002,76.21633373882997,0.189,73.09592810701174,0.228,72.03998597197453
2747,734921,0.249,930.653072569243,0.28200000000000003,1597.3263501073318,0.28200000000000003,3257.2110327994055,0.28200000000000003,7529.583854788513,0.2565,19486.055138303574
2748,734921,0.6485,209.13537406445795,0.5505,247.9754378393834,0.279,294.4163036172608,0.23450000000000001,347.67449456364443,0.2325,410.38138620528474
2749,734921,0.2695,44.48429515075507,0.2695,48.67066084207518,0.2695,56.692713799887024,0.276,73.1351430684128,0.2795,148.0892205600947
2750,734921,0.2145,477.35161208753186,0.21,328.446441063701,0.20750000000000002,209.85233605805556,0.2005,121.59271781617893,0.169,48.021511798452764
2751,734921,0.0855,14.622953397048231,0.091,18.501688856573026,0.11,25.235813728187875,0.1205,38.892035948656854,0.1945,112.49541653496519
2752,734921,0.255,289.635035130017,0.261,308.1608447937278,0.2615,320.6433554801781,0.262,325.02699015392164,0.265,300.13910083391795
2753,734921,0.20350000000000001,13.86058502028682,0.2025,13.810528907891003,0.2025,14.135389246450584,0.2005,15.057834286178252,0.193,20.114855606307174
2754,734921,0.255,304.32036199578044,0.256,356.57105383932316,0.262,511.811035047201,0.262,838.116239887989,0.2735,1319.1511023742573
2755,734921,0.264,126.78531207162322,0.2775,151.63173470052496,0.2795,179.42933348628324,0.28500000000000003,212.00093345132598,0.2985,271.5389431564708
2756,734921,0.28700000000000003,1574.0178854197727,0.293,2243.9592054796135,0.34600000000000003,3081.724095035959,0.365,3926.0007511663734,0.458,3523.309824968094
2757,734921,0.264,169.98397068122114,0.264,163.00372823398544,0.2525,152.5874743553671,0.251,137.23934488055113,0.2475,99.31326758171569
2758,734921,0.4885,569272.9099631881,0.4885,196633.17817830184,0.4835,41886.90866366324,0.481,5008.85908177632,0.38,486.41928050875777
2759,734921,0.5715,348.88424854529904,0.622,268.2066236270464,0.623,219.5873085355308,0.623,205.64538533723587,0.4615,241.67070862639886
2760,734921,0.419,873.1606901442915,0.419,825.2191193145657,0.4195,658.7075782062565,0.419,445.0180689628603,0.41600000000000004,263.9398727366456
2761,734921,0.17350000000000002,17.449842011350494,0.17350000000000002,16.899353135898796,0.17350000000000002,16.83033305844128,0.17350000000000002,17.34693182561656,0.1795,21.04869460607507
2762,734921,0.324,13824.91128246166,0.326,24191.705119583457,0.335,35371.53377764776,0.335,41050.75830208386,0.335,18668.53676487714
2763,734921,0.6655,78.73717898988748,0.666,100.1292744535441,0.666,133.358681996999,0.6655,186.3298221370196,0.608,303.8018078074862
2764,734921,0.226,5317.369283279525,0.226,4143.612323680624,0.226,2719.6013316170915,0.226,1371.1148524093976,0.2195,201.92470485461564
2765,734921,0.2125,162.00024695900382,0.2125,147.69785269691008,0.2125,134.1569657214102,0.2125,120.09409217571347,0.2125,95.39132071784023
2766,734921,0.216,13.567213985677409,0.18,11.927566471791842,0.179,11.573369751535846,0.1765,12.149073200135344,0.1635,16.471473845515682
2767,734921,0.2755,299.4691663093611,0.275,217.37752964933566,0.274,155.7886118337182,0.2735,105.66436804157946,0.266,46.43623249584538
2768,734921,0.275,82.24428177305367,0.28300000000000003,94.62661334543644,0.2885,109.12041027189734,0.289,128.07686473625444,0.3215,184.23732226207045
2769,734921,0.14250000000000002,213.71652890207832,0.139,215.93805212552948,0.1325,210.1782388784911,0.131,192.72623442633997,0.128,130.13094902781322
2770,734921,0.0805,9.51047849161604,0.0805,8.947343409165299,0.082,8.850961423698024,0.08650000000000001,9.33313187161297,0.151,14.892494816157814
2771,734921,0.5755,4364.189119246703,0.5285,3729.8500361718366,0.5215,2521.5856812145607,0.464,1332.9377321830268,0.379,436.40963972058245
2772,734921,0.1055,58.74246503207424,0.0995,35.523929200092326,0.0915,25.02300840125814,0.08750000000000001,19.609750523733464,0.083,15.821320650754156
2773,734921,0.364,69.93183473302625,0.3665,117.03264168790065,0.3795,325.47994248188326,0.3965,1227.0306516689632,0.417,6959.994784518483
2774,734921,0.5445,1967806.32680086,0.596,1678428.8230915768,0.636,908110.5963506354,0.6555,274368.07604970277,0.743,18574.051395534956
2775,734921,0.388,937.5845526282523,0.395,955.9887813607885,0.3965,983.0436989205127,0.3995,976.8642220760481,0.3765,659.8487465273212
2776,734921,0.2325,183.84723390527083,0.2285,137.89725848383742,0.218,106.65422066518538,0.20800000000000002,83.05287287863679,0.1635,55.13320763081183
2777,734921,0.5445,388.49453400755334,0.557,916.314259354848,0.5955,2196.0100737270095,0.6105,5101.328334003503,0.678,8748.672166816506
2778,734921,0.355,197.97593743016245,0.3545,159.77796561480645,0.353,137.03933738723964,0.34600000000000003,119.48562663449904,0.3435,92.0419719976422
2779,734921,0.623,3102.5927283041683,0.8045,11858.65010410093,0.8165,51989.52569453691,0.979,545422.5100326836,1.2025000000000001,55866445.514959924
2780,734921,0.328,340.86959283562703,0.337,579.9369872163568,0.3665,948.025743755446,0.4395,1455.3396993656254,0.4385,1830.3065163578256
2781,734921,0.304,30.813880338250613,0.2435,33.181266918663255,0.221,36.57066264346369,0.148,41.08778793193101,0.14100000000000001,51.41534819047808
2782,734921,0.532,29461.79249183026,0.6415,29613.78357858839,0.649,26675.515019860595,0.6635,21967.23512273981,0.7005,8769.402094517302
2783,734921,0.26,205.34546749494314,0.28400000000000003,484.9022571862307,0.3165,1257.8771336998095,0.382,3680.82130492894,0.514,20808.704923762358
2784,734921,0.257,9.128715597163717,0.2515,8.706124087900948,0.2515,8.729384719729135,0.0995,9.205129870408387,0.098,12.023943176159301
2785,734921,0.421,856.5506758709067,0.4175,674.1706328754499,0.4025,463.2364411719436,0.385,329.04462703861446,0.3295,306.521270295598
2786,734921,0.2275,32.02069497557766,0.2275,38.18595690058834,0.2285,45.51852579686004,0.2305,54.318063454598956,0.257,69.82652041143619
2787,734921,0.2645,125.15516240054265,0.28150000000000003,172.91525463015506,0.3395,240.06059487208591,0.389,378.0279953076414,0.47750000000000004,5934.133150843451
2788,734921,0.7845,5007802.7794346595,0.74,51063.05376532668,0.6385000000000001,1650.3026910514604,0.56,142.63517025295124,0.2445,56.62204633888958
2789,734921,0.291,80.85253951417042,0.3035,178.3327487207509,0.325,521.3665032307108,0.3255,2073.983351919355,0.3375,26262.033882500054
2790,734921,0.328,10.415761521128589,0.3395,12.210984633308119,0.395,17.49643046306749,0.4265,41.68962759670406,0.527,750.3903231959903
2791,734921,0.2485,17.14161024910295,0.252,15.432122309994565,0.2535,14.205426832699512,0.2535,13.37430432938865,0.28700000000000003,13.767260635996289
2792,734921,0.4435,170.5691198886021,0.4435,75.10944772047952,0.4435,36.525052928294535,0.4435,19.51646726447017,0.4385,15.277763968408745
2793,734921,0.2645,16.12848439827115,0.266,14.456146514124198,0.275,15.749148468210349,0.34550000000000003,31.16071272053938,0.3595,384.43084107517416
2794,734921,0.4895,1553.3637741513216,0.487,2520.863853285576,0.47450000000000003,3718.296854101218,0.41450000000000004,4954.433194113366,0.2665,4720.2386865926155
2795,734921,0.2205,376.88988916537045,0.2205,322.70601486955366,0.222,261.79443209814843,0.227,194.18042154342882,0.24,90.39489841927119
2796,734921,0.2555,111.07830610141798,0.253,85.37943292431386,0.213,67.36570027543293,0.1715,52.93808693468524,0.1695,34.56225517929978
2797,734921,0.1595,50.18129886192479,0.16,53.90482875734262,0.16,57.81951067836727,0.16,62.884348509279874,0.2165,83.42881082114069
2798,734921,0.135,78.43666505585121,0.137,86.40059738928856,0.1405,93.76117467309824,0.14200000000000002,100.18067108244216,0.15,105.4954166514386
2799,734921,0.388,70.41038408448337,0.3905,92.65515373540377,0.3915,118.72145791181876,0.3955,150.285340783502,0.3955,212.45881703411797
2800,734921,0.28750000000000003,1010.9068693082208,0.366,647.6608623542892,0.366,400.81204602958906,0.3655,226.5705897709049,0.34500000000000003,66.9481966621527
2801,734921,0.646,10976.266579126137,0.656,27514.669154460473,0.6555,69712.71725192944,0.645,149531.16584522507,0.5765,98293.34615775781
2802,734921,0.359,887.8454566066615,0.359,600.362623883528,0.359,472.41274709415603,0.34650000000000003,392.73946763289877,0.2655,230.67320173172362
2803,734921,0.108,7.18576764667984,0.138,7.146500048017063,0.156,7.262639703388513,0.167,7.725141619938603,0.184,13.246371888411778
2804,734921,0.2925,23.514647329073505,0.299,25.272054481476324,0.299,28.442659390960216,0.299,34.58918707137538,0.3005,59.94721953698287
2805,734921,0.313,5010.295638543515,0.3025,5034.659536287048,0.2925,4513.176780566459,0.28150000000000003,3435.2130120538445,0.222,1173.6700417372472
2806,734921,0.4805,285.80327656690696,0.4845,312.1722097064738,0.4845,336.3307075676781,0.4845,346.6645725287549,0.4185,262.5490842063548
2807,734921,0.425,146.49195563640438,0.4275,246.1802798855284,0.4295,435.8408554108955,0.432,836.7248484277533,0.432,2503.327327526825
2808,734921,0.4175,147.36573867106452,0.41500000000000004,200.89473273931085,0.41000000000000003,282.4959504594702,0.4025,414.1711624399639,0.383,719.3080355216633
2809,734921,0.2705,1127.9770881640816,0.269,1241.7067897183158,0.2625,1219.7422378386561,0.258,1036.8524522405862,0.248,549.7534074869816
2810,734921,0.257,611.4235394439463,0.2555,818.2316029669029,0.2545,1037.57953978435,0.2535,1248.0489893805277,0.21,1303.4139941190074
2811,734921,0.3715,104.79380433448105,0.3805,319.9784309766111,0.4675,1047.4662475982848,0.5215,3761.4621748216387,0.613,25211.368242697998
2812,734921,0.2905,84.39912960569295,0.28,78.60385076773382,0.264,72.63037459855407,0.2555,65.62894618079518,0.242,51.9207070055315
2813,734921,0.34400000000000003,117.16512221873984,0.3805,143.3671065588064,0.4385,171.38375084409515,0.5255,213.394713623236,0.6015,723.3583265081666
2814,734921,0.2205,1083.8598373089624,0.2205,1069.6990761512025,0.2205,995.2670650082438,0.2215,856.6987682518057,0.2255,521.5151258950576
2815,734921,0.7010000000000001,7150.406130190678,0.6890000000000001,3003.65400459246,0.647,1696.2061187168895,0.3835,816.100263505044,0.3235,242.9238590658743
2816,734921,0.1875,70.81599458129381,0.1875,74.8943382889679,0.189,78.39580014273511,0.189,80.53307069936054,0.209,75.28070080063566
2817,734921,0.1265,68.14734222490756,0.131,64.30129379603734,0.1315,62.02544448899977,0.1505,63.05885273596389,0.17350000000000002,104.20203307605995
2818,734921,0.267,37.15301880006957,0.267,43.35464194942809,0.267,51.81555525989434,0.267,64.95006190912704,0.2705,110.9438354916508
2819,734921,0.105,52.77885751621402,0.1055,57.0361538743754,0.127,62.078048720478755,0.129,69.00460499306574,0.3595,92.25565943052463
2820,734921,0.1585,279.135640350204,0.1585,247.80346328731684,0.1585,216.33513049742442,0.16,181.82537316287875,0.181,114.70083011086497
2821,734921,0.3235,151.3545789549475,0.3345,260.1172346872857,0.373,453.28193269599467,0.39,812.5574613695803,0.40700000000000003,1704.5335517668007
2822,734921,0.1945,15.130386276481282,0.1945,15.482881743827367,0.1975,16.303977503405047,0.2165,17.950288287534114,0.2265,25.230406580688356
2823,734921,0.271,168.00286518703064,0.271,157.07468943789482,0.271,157.52136080605527,0.2685,170.36402992635146,0.2675,182.56176209504403
2824,734921,0.1155,8.181340851218048,0.115,8.733016437194038,0.1145,9.52773952285506,0.093,10.801144904651542,0.1155,15.547475760516422
2825,734921,0.3145,334.4328630014969,0.3195,453.53169887467834,0.34900000000000003,652.7284519258667,0.3545,1028.8420216548827,0.371,2182.6212199817783
2826,734921,0.1315,52.05500635458954,0.1305,50.76694894794514,0.1305,49.500890831091276,0.1305,47.95416696422993,0.1325,44.26624185875651
2827,734921,0.2575,1237.1758739105514,0.2495,624.4245227381094,0.2425,359.03331699416316,0.233,229.80036171910993,0.189,115.7051177255695
2828,734921,0.138,604.9485777763442,0.3225,1081.4476530464983,0.338,1794.145092626161,0.4305,2823.7358601652577,0.4635,5195.403680353959
2829,734921,0.171,51.66765734763102,0.1645,52.33994866434939,0.156,53.82502356837526,0.156,56.62321630670223,0.156,66.1773824565704
2830,734921,0.1595,96.7254763604568,0.1555,75.34494316055941,0.1555,58.466558213094345,0.1595,44.20312910101623,0.1805,26.796094814621853
2831,734921,0.4385,27.962413847895725,0.438,36.69235306466864,0.4335,49.39799915100505,0.396,71.17328926648707,0.386,177.65470515363003
2832,734921,0.306,2853.3726845093397,0.303,2708.681332675652,0.2985,2284.4510236756605,0.28350000000000003,1630.1633530077243,0.2655,576.7924630365416
2833,734921,0.2575,7909.220077526905,0.26,6572.470825441695,0.2605,4798.022892554228,0.2635,2882.883869522109,0.3185,654.8391799140762
2834,734921,0.8655,489.68258915091616,0.867,282.77197412566136,0.8195,183.1121766124764,0.802,135.11925442197608,0.4495,101.18437171372419
2835,734921,0.3065,22.766193789658853,0.3075,22.666735020937544,0.3075,23.14493453113184,0.3095,24.78630477573277,0.3065,38.46587378358278
2836,734921,0.705,14852.712783371544,0.705,9215.267760714874,0.7000000000000001,3293.13226749483,0.6950000000000001,548.4141640484463,0.4395,16.252694827472496
2837,734921,0.20650000000000002,2105.1928879006487,0.2005,2429.233824995382,0.197,2445.216672345645,0.1845,1964.8566766532958,0.167,498.60836973127743
2838,734921,0.2775,442.1336665158192,0.277,366.4060209357474,0.276,293.2533725342334,0.272,220.1458577805887,0.242,110.14910354202227
2839,734921,0.5805,5526.396491690021,0.6385000000000001,5534.759773093365,0.648,4523.10199395228,0.639,3186.330605943788,0.359,1692.9972019053816
2840,734921,0.152,66.19422862657092,0.152,77.72879666724494,0.153,91.71486875497212,0.153,111.23469878859494,0.2645,174.6869763968793
2841,734921,0.096,176.46855178980863,0.096,142.3453301993046,0.096,111.0735283387206,0.096,80.92603289447038,0.14350000000000002,39.00135199890485
2842,734921,0.25,37.60252457752436,0.258,42.23460268724614,0.259,47.36470101502587,0.276,53.85384747911132,0.2985,73.43654440640672
2843,734921,0.3975,1087.0138640664422,0.3965,902.9560493200747,0.384,707.0986599691615,0.322,501.97275182755357,0.295,203.48402968616082
2844,734921,0.2715,495.4162683505443,0.261,451.2293440700845,0.254,363.21475517576704,0.248,248.23202863087954,0.242,89.24137206064417
2845,734921,0.20700000000000002,367.4183344866573,0.201,415.66702339108997,0.1845,456.47432357755724,0.1815,483.4730707414298,0.179,436.8756123551217
2846,734921,0.154,91.19679557531789,0.136,102.25165551986989,0.114,119.5911009909063,0.112,144.62799091857713,0.107,193.4087405183912
2847,734921,0.6990000000000001,51340343.716974474,0.7025,14470611.107537046,0.7015,2442100.211253166,0.6695,308238.74938821705,0.4675,1394.0386394535083
2848,734921,0.14250000000000002,12.206544595183738,0.14250000000000002,12.929295887540874,0.14300000000000002,14.06847849583613,0.145,16.13545628892462,0.2025,26.454346562418106
2849,734921,0.231,225.00123553485724,0.23700000000000002,327.565458060914,0.2415,479.1537784501783,0.2465,716.4901671450282,0.6035,1348.1209091882804
2850,734921,0.8220000000000001,55.29291937284297,0.835,293.1484427160599,0.847,1611.448538275797,0.847,7422.487877371063,0.8145,29945.78892164203
2851,734921,0.302,5671.150515634774,0.3045,7144.309137926315,0.318,7882.213109755717,0.3205,7317.715101112038,0.4565,3129.6815928678134
2852,734921,0.6465,89.07279745115181,0.6075,48.372427783409336,0.5915,32.30591610079802,0.5645,25.34031073120912,0.2945,20.29540363672755
2853,734921,0.1505,312.5592341036119,0.139,200.4231973458869,0.1385,131.27076787331825,0.123,86.71268647411482,0.11950000000000001,47.20368196799107
2854,734921,0.211,96.53621082390899,0.2125,112.95223323256235,0.2325,131.5938444146873,0.2425,152.25141211241342,0.275,178.18278399878895
2855,734921,0.21,545.430145284758,0.21,421.38085729287485,0.217,310.5706353855098,0.2175,210.04914901310772,0.364,86.95103359459176
2856,734921,0.3215,1640.6141753348465,0.3095,1599.031674738665,0.3035,1422.9228373704009,0.2915,1115.4835974413602,0.2735,494.40136029967255
2857,734921,0.367,1155.4110375808757,0.3545,503.2887261400108,0.3535,310.13171291318423,0.34950000000000003,226.5857326018372,0.3005,160.09682965582155
2858,734921,0.241,214.06305388410559,0.214,175.99289864557818,0.1935,149.95783559719678,0.1895,124.41288282364383,0.1555,78.17946068104591
2859,734921,0.1445,23.084977794982503,0.1445,27.705030413335113,0.145,34.09280509471479,0.15,44.128367932874866,0.161,78.72268002904529
2860,734921,0.2305,122.53053698839355,0.23,92.46474447524201,0.23,73.54775946189166,0.2305,63.20335617626869,0.246,64.61529727974451
2861,734921,0.2405,230.38649042549227,0.2455,254.75830014202958,0.2465,267.8638728221304,0.2485,265.0771847103275,0.2585,213.3830297087178
2862,734921,0.262,110.80465339332358,0.269,116.48208689089269,0.278,130.04151048271734,0.2795,159.19478422880593,0.28200000000000003,296.6616381880998
2863,734921,0.3245,15.964461352010021,0.3355,16.973987565906793,0.34750000000000003,18.681508487112392,0.35000000000000003,21.612987620049104,0.3715,32.28760728405159
2864,734921,0.14150000000000001,40.26171869039343,0.163,33.757587497104105,0.163,28.509834643652066,0.166,24.02924595909909,0.2665,19.404825478725705
2865,734921,0.209,37.187117564499125,0.1805,33.53460546088843,0.17200000000000001,30.680759164358285,0.1255,28.003401981171482,0.1145,23.767028698697718
2866,734921,0.20600000000000002,3574.2401465681323,0.20550000000000002,3215.9314568666305,0.2025,2620.606969620004,0.1985,1863.2428437025153,0.19,723.1556684154099
2867,734921,0.214,235.93204772747828,0.19,192.399956200775,0.188,154.40536791455864,0.1315,119.16542314288725,0.124,68.80120503896003
2868,734921,0.20450000000000002,69.77633861082082,0.1355,50.13036882695403,0.117,37.80464540953519,0.078,28.436855283303167,0.0735,16.80500820564841
2869,734921,0.148,300.6305298632148,0.1485,297.43814707720367,0.1615,280.14077390470703,0.1765,246.82680717698364,0.188,165.51391658446482
2870,734921,0.402,423.8705379944135,0.4005,422.52268585910804,0.4,427.14949101077684,0.3995,422.0834677750407,0.3955,331.0984025351662
2871,734921,0.1155,10.53428488105207,0.099,9.855301427177743,0.079,9.574427360244824,0.0785,9.751375492308558,0.0785,12.346003645923371
2872,734921,0.389,10586.256606944637,0.3835,6127.084723387898,0.3795,3398.1447642665253,0.3335,2073.205180205217,0.301,988.3976861323843
2873,734921,0.165,282.52522238357363,0.1545,197.41472140750813,0.137,137.61801270688207,0.1325,92.65793898134527,0.1275,44.4846711880534
2874,734921,0.1595,38.08276588351844,0.159,38.4593427525261,0.159,40.18225647007173,0.1595,43.777735785948856,0.161,57.130947420262906
2875,734921,0.487,7988.388746135077,0.4885,9173.38903934068,0.4885,8808.249585468686,0.487,6719.081521889066,0.4405,2940.1265079634004
2876,734921,0.1875,484.34364495031684,0.2015,655.4252873024509,0.214,871.9054417882861,0.233,1211.2588360711256,0.459,8458.185091485126
2877,734921,0.2455,77.51656588247906,0.28250000000000003,118.9037429936443,0.296,192.0979872150903,0.306,337.16188107472095,0.4685,815.6893349220019
2878,734921,0.4225,342.1554902066761,0.431,822.6909281493315,0.5365,1952.9455836362904,0.54,4394.251144285535,0.537,7524.676773602545
2879,734921,0.5105000000000001,215.7357442274376,0.4965,174.0820367132151,0.4825,137.17439460460943,0.36,105.21712848252659,0.34600000000000003,69.83317999446552
2880,734921,0.2605,887.423959347096,0.2505,257.9374913004741,0.227,107.03529099454111,0.20500000000000002,55.44440894021636,0.167,25.316262497086736
2881,734921,0.1625,11.758002602158397,0.1625,11.415843685174439,0.1655,11.458409022570667,0.166,12.124520232389443,0.1825,17.778748735040775
2882,734921,0.1335,134.1821896700689,0.129,106.58281154564143,0.1255,85.64682577711915,0.125,68.4881789333656,0.125,48.794208973931525
2883,734921,0.5595,27652.96115822613,0.5505,13407.83430990288,0.5235,8042.591741090701,0.47250000000000003,4547.808586129193,0.28800000000000003,971.5752443715107
2884,734921,0.3305,92.34984563851607,0.34,96.9468211194856,0.34400000000000003,137.1442520043093,0.37,247.0660894939741,0.41300000000000003,519.7548450832292
2885,734921,0.161,98.00483773326145,0.16,108.45763600123362,0.158,119.06480238635164,0.146,129.3934372292058,0.13,139.72899124057236
2886,734921,0.1345,55.555594077120006,0.134,60.46372286140716,0.134,66.721722269964,0.134,76.2709040157337,0.2145,115.10898932882282
2887,734921,0.28450000000000003,136.2369677280549,0.28450000000000003,195.22117612721135,0.28450000000000003,280.9961684837882,0.28450000000000003,418.35243650551763,0.28450000000000003,847.605682866864
2888,734921,0.201,19.65082614556621,0.198,14.138527039446632,0.187,11.677879909381454,0.161,10.441278170411636,0.1545,10.121204170686655
2889,734921,0.2525,27.525394515997682,0.2565,31.886155684895225,0.2585,38.665593855799266,0.2625,52.05776936454576,0.2945,164.32305326541513
2890,734921,0.2265,63.23759999695752,0.2305,64.0070209887573,0.2325,68.77021083381318,0.534,80.42907253014779,0.53,111.11113474646328
2891,734921,0.128,11.518183186142561,0.20550000000000002,11.79106133392807,0.218,12.38633462923555,0.2575,13.57485001177592,0.3195,19.52708121414383
2892,734921,0.2115,320.8881029867207,0.2115,252.6740241429444,0.2115,189.03726266625705,0.2115,128.66196647557933,0.214,51.49131913188816
2893,734921,0.1065,17.410570309359553,0.1,15.006483142256663,0.0955,13.423715279244835,0.0945,12.312912162546505,0.0905,11.76029702203786
2894,734921,0.4435,206.60380338049777,0.4815,305.4396617319952,0.514,448.09336260386385,0.562,658.1657866916767,0.663,994.255213179541
2895,734921,0.262,55.72758839322726,0.2625,54.82776337369602,0.2625,56.41205066970737,0.266,60.84548509555636,0.272,72.2558619798583
2896,734921,0.421,10656.646295825696,0.421,14619.45772689475,0.421,23850.66287342531,0.421,45602.534601347856,0.41500000000000004,67608.82749680446
2897,734921,0.4175,11624.88464436529,0.419,21877.2181258922,0.4555,35406.853195015676,0.466,52509.04534423058,0.47000000000000003,79621.78064296168
2898,734921,0.2685,33.098368019624466,0.2685,32.86330165332063,0.3295,33.58254024711502,0.3345,35.23919733466755,0.3645,40.54615857875092
2899,734921,0.2225,348.3350971854045,0.2165,400.2912416401461,0.216,438.5354774660394,0.2125,454.94568289713146,0.2125,396.2543237948271
2900,734921,0.1675,18.12824187743369,0.168,17.753874124404042,0.17200000000000001,17.841804226579637,0.1935,18.453856685929992,0.2155,21.679893986353328
2901,734921,0.149,13.139109510421951,0.149,16.459006809797632,0.15,21.762508390660027,0.153,31.697475494927374,0.1565,80.37872199005794
2902,734921,0.3835,1422.9720853768004,0.38,1367.8278004006888,0.271,1138.0526775592173,0.265,777.9810922953675,0.2565,212.46547981740096
2903,734921,0.23,196.787924486698,0.2425,294.8904024099535,0.3245,573.9906220200527,0.34500000000000003,1661.1412633373013,0.47100000000000003,19893.065676041853
2904,734921,0.4045,13315.850344251856,0.484,15352.059594597686,0.502,15204.629399645646,0.524,11987.987504251836,0.5475,2946.5277277754976
2905,734921,0.258,499.1826066716404,0.2585,716.9783812748371,0.266,983.5127000357736,0.2665,1299.7073725117802,0.3165,1612.7210050003746
2906,734921,0.42,486.56095526395853,0.4675,730.8618504470995,0.516,1878.1340281825915,0.5395,14828.867247994633,0.684,4258698.825146971
2907,734921,0.234,23.941867635532375,0.234,35.05216391643177,0.234,59.25835625748966,0.234,123.37328210507542,0.234,616.1245933170683
2908,734921,0.383,90808.66361359511,0.4025,111071.71801076473,0.41250000000000003,132341.99924591847,0.6325000000000001,131957.52505005093,0.6325000000000001,39492.404964387
2909,734921,0.2725,942.2601652289388,0.272,560.5744753535282,0.267,320.6127305930847,0.263,166.97634998838598,0.225,49.25771048738431
2910,734921,0.157,588.1707412472392,0.1575,382.43686209136257,0.162,245.67627304149045,0.17350000000000002,152.61640191603834,0.2165,73.52393276721448
2911,734921,0.148,6.756280888416193,0.155,7.615567279641083,0.3925,9.03832819515723,0.444,11.986630192215012,0.441,36.034797479718485
2912,734921,0.189,131.93020706734154,0.20800000000000002,144.71927373232748,0.2335,158.21613519382154,0.248,184.47612458186055,0.34,640.0249576370127
2913,734921,0.2185,25.77043348859259,0.2185,28.959802890736803,0.1835,33.06867143247302,0.2185,39.11115725018722,0.2265,58.97510185659706
2914,734921,0.2335,807.0355542576186,0.23,699.2244361325307,0.228,555.8932088155605,0.2175,388.8518737569663,0.159,146.39910028892132
2915,734921,0.0965,14.518070619621671,0.0975,12.802982807878218,0.132,11.588518400094896,0.1375,10.760981967012992,0.151,11.05694846481701
2916,734921,0.425,344494.5445246432,0.441,619062.8324798273,0.5635,750692.1740862576,0.591,532668.5847675977,0.531,34901.57564128933
2917,734921,0.14350000000000002,27.260517716134682,0.1455,25.209241186934744,0.1455,24.172318358134664,0.1455,24.003335533398065,0.1605,27.70706249708908
2918,734921,0.371,552.1129883581807,0.383,709.6291033219119,0.3835,885.0043562441293,0.447,1062.234306342616,0.45,1059.9420351082745
2919,734921,0.0885,76.03877580711901,0.0885,75.8467025644094,0.0885,75.27411285330408,0.091,74.03926236771352,0.1275,69.43907834250939
2920,734921,0.1465,77.84717307714138,0.1465,90.26256896517832,0.1465,105.31244231789188,0.147,125.68670340441828,0.1675,174.91142885737898
2921,734921,0.421,288.2114054842531,0.3115,153.42249601927014,0.3095,84.25023984037047,0.219,46.13272440029355,0.14200000000000002,19.81253015795114
2922,734921,0.177,67.10041461458232,0.2005,93.12096955828115,0.20350000000000001,141.70263724884964,0.23,255.95603931489825,0.7645000000000001,1144.6915562229822
2923,734921,0.22,20.99540058145065,0.223,21.62655373722351,0.223,23.10193708448666,0.226,26.848682467514546,0.226,53.18276073863904
2924,734921,0.2455,24.325154691508125,0.2455,21.69998904772095,0.2455,19.966747203848783,0.2455,18.983941969310425,0.2475,20.269194379944746
2925,734921,0.323,101.93974308889547,0.2935,140.65485121870805,0.28200000000000003,191.48307805646144,0.2525,263.4634264963688,0.23750000000000002,436.6193566325138
2926,734921,0.2695,1084.447832007105,0.271,529.475287708473,0.271,268.6033460077924,0.271,141.49959156589816,0.265,65.15419742009739
2927,734921,0.24,72.01159999981354,0.2305,53.63838279314487,0.23,42.14384203272884,0.228,35.00964131983239,0.2145,31.129086390515333
2928,734921,0.1345,16.622329505937056,0.1355,19.790740675710808,0.137,24.10155777807021,0.139,30.85896157759385,0.2305,55.73050298283564
2929,734921,0.3175,626.8320772861686,0.3185,632.7361765823547,0.319,620.584710983805,0.3205,594.6675613924527,0.3215,620.9650582175818
2930,734921,0.3065,6542.063420259112,0.306,5158.5706095989235,0.2975,3599.5647668569823,0.2675,2063.2394524658466,0.2495,408.70165095613413
2931,734921,0.261,469.91805055399226,0.2575,361.448720688283,0.256,262.85430154675316,0.254,174.11901811793814,0.233,64.76716794695662
2932,734921,0.262,1925.5558243045239,0.267,3122.9775498896515,0.269,4619.743558878593,0.2695,6236.317744711995,0.41300000000000003,6539.116916558728
2933,734921,0.5465,11.937674520866185,0.548,14.931191568762866,0.549,21.112568467623618,0.55,31.40180600588584,0.549,61.07527032880285
2934,734921,0.252,2876.164048774625,0.28600000000000003,2520.101914155297,0.28650000000000003,1903.7347060926293,0.28800000000000003,1162.6696239882717,0.28800000000000003,280.6231832542461
2935,734921,0.6795,58.27531803240055,0.6895,48.27882138333034,0.6915,34.18046802848447,0.6805,21.893572896525736,0.1865,14.071371270161505
2936,734921,0.1805,48.69324858992584,0.2165,47.75954223328937,0.2175,48.327264985016186,0.2215,51.25980715448185,0.2785,69.48221639040507
2937,734921,0.7565000000000001,1088972.773701626,0.7565000000000001,1408867.3447261066,0.754,1212853.2515661323,0.747,647718.7031801814,0.4485,68405.68451427431
2938,734921,0.2725,394.8025491029297,0.2725,666.4100791910362,0.2725,1239.3421194920797,0.2695,2411.173426688632,0.2615,6534.257490371122
2939,734921,0.3965,150.6422615314248,0.388,339.9643401147582,0.3725,731.4671368122704,0.3675,1447.6242851739992,0.3145,2346.8946625607755
2940,734921,0.4185,646.4770002219128,0.4185,1143.319015866643,0.4185,1763.2303202879236,0.4165,2098.1981394517366,0.3615,1114.8898800045822
2941,734921,0.241,274.9172299183103,0.223,156.62836134820395,0.20550000000000002,98.65577196462503,0.191,61.675079194628886,0.1775,25.248834768085647
2942,734921,0.10250000000000001,30.04115033563599,0.10250000000000001,31.326154531535625,0.10250000000000001,32.85005351415784,0.10300000000000001,34.96906089303125,0.137,43.02609416526789
2943,734921,0.083,11.481216044557696,0.0845,11.405978931297234,0.093,11.63252774929123,0.107,12.337044768144677,0.1295,16.85099419520034
2944,734921,0.3065,20106.452965009852,0.37,27823.221252574873,0.383,32502.98868943653,0.3905,30844.151339734435,0.4295,11615.693085947678
2945,734921,0.131,34.7001846207249,0.132,40.369870556380526,0.1345,48.694557998495426,0.139,62.94408422792132,0.154,121.3969409442844
2946,734921,0.3855,1094.0001032594573,0.3895,882.7285956363966,0.3895,620.583484644692,0.3895,357.77893687971397,0.383,89.18674046250659
2947,734921,0.329,126.76442029298158,0.3285,153.09568173599195,0.328,183.1938926510376,0.3275,222.86277077455452,0.28250000000000003,328.5843865057445
2948,734921,0.1315,12.74446172575042,0.1275,12.18560019971894,0.11800000000000001,12.250438621505904,0.116,12.89400619069953,0.1065,16.467099784347944
2949,734921,0.5505,20153.906765541396,0.544,7085.279627622977,0.5105000000000001,1963.3461264884131,0.492,372.4960712917138,0.3555,20.580854598569637
2950,734921,0.28300000000000003,88.13589180213013,0.28450000000000003,108.38698792448429,0.28450000000000003,132.88133950941844,0.28750000000000003,165.8345557485349,0.3415,254.49157113231482
2951,734921,0.13,94.55221887560143,0.12,79.37854744744158,0.10350000000000001,65.98797587733443,0.10300000000000001,52.823503492797045,0.101,31.59248755313768
2952,734921,0.165,60.27818439610309,0.17500000000000002,59.859602212678375,0.1955,60.515235492183486,0.3355,65.00750014926244,0.5155,132.7493412799578
2953,734921,0.2915,24.916372539486254,0.264,23.688378817897334,0.2535,23.690291489625942,0.2155,24.957842916999255,0.2105,31.860018449382604
2954,734921,0.4435,1190.6486121106282,0.4435,961.9289880962665,0.4195,712.7238865710681,0.41250000000000003,463.9049511743972,0.2255,159.67936693997385
2955,734921,0.2795,2933.263138086834,0.28200000000000003,3361.5203392248563,0.28500000000000003,3605.2845796054885,0.302,3640.1602371809686,0.5105000000000001,2903.689176281821
2956,734921,0.269,374.42293330317125,0.328,310.40840168041103,0.338,242.71986985162476,0.34450000000000003,179.16931136186065,0.3855,110.8428983673807
2957,734921,0.4495,19.099382532352067,0.4645,16.496103793787796,0.4675,15.208928781456041,0.5585,14.353472733120409,0.52,12.121455224727038
2958,734921,0.1965,21.55965299771049,0.1835,16.679825504592124,0.1575,14.244334190145082,0.125,12.942332977961078,0.08750000000000001,12.515102381430921
2959,734921,0.28700000000000003,249.7507971227966,0.289,307.8634643226408,0.2895,369.88414298851114,0.2905,428.1392981612426,0.291,421.7461637750078
2960,734921,0.1835,32.737606391623935,0.1835,33.15366164964267,0.20800000000000002,34.341292892656,0.213,36.64201037951819,0.2405,44.084703226662555
2961,734921,0.1845,32.34303675782665,0.187,32.30422033943065,0.1885,32.55437093988766,0.1905,33.18814027476767,0.337,36.39581533241421
2962,734921,0.387,80.25863603034242,0.3825,72.45298043778186,0.366,64.1487894972324,0.34550000000000003,55.51053286316205,0.217,45.35194992398014
2963,734921,0.1385,35.693862076644415,0.1385,34.96073890602101,0.14250000000000002,34.43363766322664,0.14400000000000002,34.1412084696605,0.1535,35.3528486037771
2964,734921,0.291,54.05081882341155,0.291,40.126267714206385,0.2885,32.771925821317545,0.28650000000000003,29.41154250953044,0.27,30.641505312621508
2965,734921,0.302,744.8669071003593,0.274,820.4638974168105,0.261,851.9320161879434,0.2425,815.0836700890865,0.221,537.856351708362
2966,734921,0.1975,29.06862195618943,0.198,29.27595990245281,0.1985,29.937233627416425,0.2335,31.12943516483046,0.327,34.66383869209925
2967,734921,0.9285,13470.809520555164,0.9285,4177.389862129501,0.7885,1353.1440727357162,0.592,374.1136111172191,0.196,41.69078614027874
2968,734921,0.148,62.35308723991781,0.1555,80.35563541619742,0.23850000000000002,114.71992546901551,0.2545,200.71974962985863,0.2995,941.2784372839052
2969,734921,0.259,160.2493262102037,0.2545,105.30665266462181,0.2485,70.72881723114655,0.2405,47.74465705103981,0.23800000000000002,26.79207721143891
2970,734921,0.1895,1772.7684003296085,0.185,1724.1026958090747,0.152,1651.4855792102148,0.136,1502.4303156589463,0.1205,926.1864017455458
2971,734921,0.2765,1990.4810653320703,0.28150000000000003,1478.6003120164812,0.28250000000000003,1002.6380072514395,0.28300000000000003,578.1236499773,0.28150000000000003,137.8717073893053
2972,734921,0.328,378.40863827727026,0.3265,216.74921155737567,0.325,113.42375687078952,0.324,53.52799351210288,0.2885,18.678233088058494
2973,734921,0.23950000000000002,76.21459914588004,0.2685,123.63861442321887,0.4,202.86190319170288,0.4685,357.8429756011663,0.724,3458.4912691120935
2974,734921,0.5585,495.733252149741,0.5585,486.64741027265336,0.545,464.1379549026596,0.418,411.3803207909384,0.4025,211.3505744093164
2975,734921,0.2125,35.16279900688583,0.218,43.49116304171127,0.219,56.64278296744297,0.219,79.54098162928432,0.2215,162.63591942187998
2976,734921,0.1275,301.74717788867014,0.1275,259.4018836447297,0.124,213.99306542744702,0.123,165.03926427943944,0.124,89.99888823030244
2977,734921,0.1285,77.68128704994801,0.1285,53.07082807841055,0.1285,39.37044052639111,0.1285,31.545137008803586,0.166,28.08833740107746
2978,734921,0.1445,19.825186950201825,0.14400000000000002,21.379446871906225,0.14350000000000002,23.412578713752556,0.14400000000000002,26.159060617448777,0.1455,33.01977028302261
2979,734921,0.183,7.914744283430802,0.1835,6.889343994588776,0.1875,6.247375656415247,0.189,5.865165429406779,0.1955,6.087008101603636
2980,734921,0.304,3931.830269000319,0.314,3441.123563011688,0.32,2688.220710521826,0.3365,1744.1793846068763,0.405,448.65837659992206
2981,734921,0.635,44877.82162886286,0.6325000000000001,38898.96979585633,0.6015,28512.809628217394,0.5945,15043.74404626049,0.459,1261.171654116519
2982,734921,0.1225,333.6708362429946,0.123,273.1114356230991,0.1245,212.4786611800902,0.1315,151.9834830176059,0.1565,72.1762909101454
2983,734921,0.10400000000000001,60.20322580116407,0.0925,34.3272250794921,0.08700000000000001,22.947477472472542,0.0825,17.20417047527228,0.065,13.821495767236206
2984,734921,0.151,21.057149422352715,0.20600000000000002,25.558179737629988,0.214,33.77222104068614,0.2145,54.76719114548209,0.223,437.16011045412984
2985,734921,0.157,62.177665341762406,0.156,62.07118081841782,0.1545,61.422935293115756,0.154,60.01939896230516,0.154,56.22956762506982
2986,734921,0.2985,1340.723248470989,0.2965,1669.114125057685,0.295,2005.4831474294476,0.2885,2324.2029702469304,0.2775,2400.4038807690426
2987,734921,0.355,387.0275694299903,0.3545,363.0329232604385,0.35050000000000003,325.96650552877844,0.3275,276.7328548629039,0.321,179.37433087849504
2988,734921,0.1015,242.7700837991589,0.1005,239.55448484030504,0.1005,224.73568877483942,0.1005,196.30648785159605,0.109,122.32543353296323
2989,734921,0.1595,13.28443612037939,0.1595,12.368805380575223,0.16,11.906674374264187,0.1605,12.002771167455755,0.17400000000000002,15.475682628560238
2990,734921,0.2715,33.44478153315677,0.266,29.548227129724417,0.232,26.31955948896959,0.22,23.41574165426462,0.2165,19.79990826486683
2991,734921,0.519,653.5343159462184,0.5155,362.7269941915002,0.306,181.85389648758957,0.2945,85.8014403850749,0.2475,38.24801349064795
2992,734921,0.5700000000000001,593752.2679099957,0.504,865823.9582611808,0.454,828729.073183909,0.41350000000000003,442375.8783879792,0.3225,16401.69028195614
2993,734921,0.242,232.15475027637322,0.227,179.47887819789915,0.226,136.56843896092275,0.225,100.69657996057362,0.2195,61.0201945603007
2994,734921,0.338,756.3104097915477,0.40900000000000003,1088.0875607622008,0.4315,1535.222789991717,0.515,2192.3069919326863,0.6275000000000001,11968.327696332128
2995,734921,0.303,201.43255166925994,0.2965,137.6299886548493,0.296,104.29320768148142,0.294,84.25038743750407,0.1975,74.95740766885204
2996,734921,0.157,106.29774238244575,0.1585,94.4391462863396,0.209,81.47934275956374,0.214,66.53886538447111,0.2185,40.90800978180649
2997,734921,0.1205,47.35484271478945,0.1205,46.67394927957988,0.1205,47.12949988011358,0.1295,49.36619789239402,0.1325,62.26690274383734
2998,734921,0.314,68.50393765624725,0.3125,57.1790437835927,0.312,47.953548347002126,0.307,39.85612142346988,0.3055,30.217185352560538
2999,734921,0.327,2497.618645142061,0.315,2125.117715906256,0.3115,1643.144757986341,0.302,1114.4584962082968,0.28250000000000003,420.4058280683525
3000,734921,0.21,39.5563902178944,0.248,63.488800823243906,0.25,112.93664588562328,0.25,221.95481160742665,0.25,625.7329592565793
3001,734921,0.276,660.4004522692027,0.254,637.2877861902997,0.25,654.0035042464477,0.2425,687.1786814338851,0.20650000000000002,575.1342380329005
3002,734921,0.368,158.3375671303161,0.3775,199.48661259061623,0.4345,247.44554875187123,0.4375,293.98109714126485,0.4495,264.40850547588695
3003,734921,0.3835,89.75177189491983,0.5165,92.24559174780572,0.5205,94.29361480260229,0.5235,96.97869544756253,0.5325,111.8198481502285
3004,734921,0.23800000000000002,769.446397636093,0.231,996.9368573549912,0.2305,1226.9997191308648,0.2265,1436.9728521443412,0.2265,1435.5437103269496
3005,734921,0.334,104.818475175944,0.336,107.16063394779323,0.336,109.26706191872157,0.3375,110.8600534795255,0.4675,108.12236718952956
3006,734921,0.1625,49.04064863091665,0.1685,70.37066978247545,0.2145,103.93136368070795,0.442,163.12545096368126,0.5955,439.00523461992475
3007,734921,0.7525000000000001,12797533.509193214,0.775,56252190.595221154,0.775,145310535.28810817,0.751,207874557.99490124,0.672,31755130.569301274
3008,734921,0.161,43.908852549932874,0.1595,46.508296222273025,0.1575,51.21951046150592,0.14,59.17348760755282,0.139,85.13676647122557
3009,734921,0.0855,14.85010455227461,0.0905,17.812804192672044,0.0915,22.55863909113502,0.094,31.693089966775016,0.1915,82.68393389473637
3010,734921,0.6215,333.8584522456227,0.709,509.41954110559726,1.1075,1027.48256863728,1.1115,3246.892531087709,1.0515,32849.87218223556
3011,734921,0.334,125.78782492367378,0.3645,180.8611535794346,0.389,288.55296507960475,0.396,535.1049474567023,0.516,1906.8182440211847
3012,734921,0.363,371.589685728751,0.3665,276.1043472660563,0.3715,207.6344682784851,0.3715,152.3821458439823,0.3635,82.22010673663581
3013,734921,0.733,3081929.57524939,0.733,1724511.0066125244,0.73,543589.3293482421,0.7145,76298.21539100271,0.5235,12709.898914267287
3014,734921,0.242,31.776263040001776,0.2435,63.44486449322578,0.2435,164.78416487249075,0.2485,559.5565221418038,0.263,6482.555983701333
3015,734921,0.1355,18.97432697115735,0.135,20.634649454258234,0.135,23.03996621432683,0.135,26.816445496941842,0.136,39.3001093533385
3016,734921,0.501,782682.7899032375,0.5025000000000001,543096.4309156053,0.503,279198.9415533214,0.5015000000000001,96411.66544358403,0.46900000000000003,5840.158396287284
3017,734921,0.1915,65.1148621622198,0.2115,56.75221804983008,0.212,50.54567565504067,0.223,45.48580193246895,0.227,39.44050642752031
3018,734921,0.2315,81.25616985011608,0.232,65.49164293677455,0.2325,56.486081674682545,0.23850000000000002,52.55238385066336,0.2495,58.103748142913574
3019,734921,0.245,86.76412750899206,0.2405,86.28502528124095,0.23750000000000002,85.4213591826996,0.2285,83.66090689155466,0.203,75.75472116617237
3020,734921,0.356,1353.8779162832177,0.372,2739.653390581644,0.3965,5152.252054363815,0.3975,8954.586320392376,0.3975,11999.980573442283
3021,734921,0.2975,1556.7353471582392,0.3255,1966.238419261624,0.3275,2139.390071785422,0.329,1967.3654173499806,0.3275,1134.5190844093122
3022,734921,0.1265,242.77631798618006,0.1265,274.78821488206614,0.1265,304.546160629704,0.14350000000000002,330.76502927187397,0.1445,337.80327466837946
3023,734921,0.17200000000000001,47.73800991693704,0.1665,51.21705718877914,0.1595,55.03164132032891,0.1585,59.666054154489345,0.1275,72.59589865401995
3024,734921,0.2765,62.354905817597135,0.2755,68.53723216221988,0.274,80.38282318388791,0.2705,100.22247868183089,0.223,160.2997553783699
3025,734921,0.188,33.9578621746991,0.189,40.450190667494,0.258,50.18081281585024,0.2775,67.07352418192018,0.29,131.407883796572
3026,734921,0.1965,21.423133209871875,0.1965,19.69418423936664,0.1955,18.290377072137087,0.195,17.05896922179699,0.1935,15.71533771695395
3027,734921,0.218,62.788450446528444,0.221,84.66053123799391,0.23900000000000002,119.0399891390044,0.24,180.37719595812715,0.2565,410.7732747237173
3028,734921,0.261,356.3008497425382,0.266,509.4573180161901,0.2675,691.4383152065341,0.2675,898.6433473801036,0.266,1103.4881912505407
3029,734921,0.188,85.23890725473218,0.188,61.47895168904121,0.1915,44.78282203259585,0.1935,32.25058580745145,0.1995,19.748172111518226
3030,734921,0.179,37.28604532252429,0.132,27.868312018635734,0.1235,21.55401725903795,0.111,16.83478235015697,0.106,11.711972562538397
3031,734921,0.327,246.9806125669528,0.322,98.75332616948363,0.233,49.597345980850505,0.2025,29.119705574966016,0.1105,15.54827012739446
3032,734921,0.4215,46.95549708987256,0.418,58.05890614880197,0.41550000000000004,76.2365008525523,0.4045,110.15011402408577,0.376,237.550153980517
3033,734921,0.337,3598.6083645047174,0.34500000000000003,5045.923836737734,0.4475,6366.055151973294,0.4515,7155.894326038753,0.4525,5852.450462542611
3034,734921,0.2165,40.213521457291094,0.182,34.80923219804984,0.1815,30.74998948571865,0.17250000000000001,27.503300046537255,0.171,24.373000607300952
3035,734921,0.16,38.20434569913307,0.16,35.125677606163364,0.16,32.7903966954994,0.161,31.233287579884,0.164,32.27824531582636
3036,734921,0.1785,10.973457652794842,0.18,11.083442070831047,0.1885,11.389797207331956,0.197,12.018873347156259,0.2715,15.572810128959485
3037,734921,0.2455,266.3639856992885,0.2435,258.4447349537659,0.2405,241.37667756755533,0.232,212.39936107661396,0.223,137.4963598744042
3038,734921,0.5235,1068.0755666454415,0.524,657.7560244042729,0.524,353.4473120786594,0.524,164.43493383590643,0.5215,90.40597955114094
3039,734921,0.3025,108.63050116350657,0.311,107.34430342629194,0.318,106.76846668433429,0.382,106.87868179294145,0.432,109.35737814172252
3040,734921,0.915,181404.25068219207,0.926,613757.1026751049,0.9325,1322210.7040529614,0.963,1447726.3389833902,0.8945000000000001,62166.022574896386
3041,734921,0.17300000000000001,213.89163670488387,0.161,139.04212555598647,0.1605,89.20184672081217,0.1605,53.97868102212926,0.1605,20.6311341526064
3042,734921,0.486,27823.04599892457,0.4865,20630.639501002126,0.486,13023.975903226115,0.4845,8591.973292628412,0.468,6877.936029657782
3043,734921,0.3575,249.6301254720894,0.375,275.5444636251202,0.3945,348.7968714584931,0.40700000000000003,539.0968160194673,0.40700000000000003,978.8297086742945
3044,734921,0.4825,1073.607806357027,0.4825,703.6450974748217,0.4825,429.1983236076954,0.47850000000000004,232.48335688044355,0.47400000000000003,85.57767004864806
3045,734921,0.33,142218.05165222925,0.331,177126.12642893224,0.339,164316.74776266865,0.34,103719.97827873567,0.34,12596.231717754232
3046,734921,0.156,1066.6059979560284,0.1295,645.1845830951218,0.1205,380.8894879452248,0.105,207.13922158994822,0.0945,63.31612716242003
3047,734921,0.28800000000000003,243.94112266750392,0.28800000000000003,256.62177056010694,0.28800000000000003,267.3873382876022,0.2945,275.393045808086,0.3005,273.68541908555255
3048,734921,0.398,232.8053155215286,0.47950000000000004,358.95181630949816,0.5285,635.5198381357817,0.5855,1423.4355581493573,0.78,5338.078127120763
3049,734921,0.107,38.09692597352753,0.10400000000000001,43.35021543279903,0.10200000000000001,49.57566437603335,0.101,57.756770959225115,0.101,79.03454387198892
3050,734921,0.406,2442.3564861133427,0.406,2953.5889393785237,0.4055,3823.116421474449,0.4035,5772.526112674906,0.3795,9554.097700388205
3051,734921,0.17300000000000001,84.70973911921917,0.17250000000000001,90.78583782826045,0.1605,97.74845438029145,0.1485,106.26587870638438,0.1465,123.47977968304936
3052,734921,0.2455,109.99158520400937,0.2715,210.15549184224287,0.28300000000000003,467.20543629879427,0.3145,1219.7770915975264,0.3545,6429.108522437043
3053,734921,0.213,259.6619661974535,0.2145,183.90784022505386,0.217,129.88462272140114,0.222,88.41719500232458,0.23750000000000002,41.76828681068932
3054,734921,0.3605,671.3685666760048,0.38,1278.337323575005,0.3955,2273.006564559202,0.543,3839.3626057831243,0.734,6262.89274763474
3055,734921,0.1365,134.9712900467571,0.1395,132.6863407803744,0.184,129.35147833125635,0.247,123.8106359780136,0.245,104.99760410830567
3056,734921,0.105,12.582966179101875,0.105,12.04919637517617,0.105,11.90837068308521,0.1065,12.237948304811006,0.121,14.934851179859091
3057,734921,0.27,13.961938485784122,0.261,13.141963151228301,0.26,12.808946851009205,0.255,13.06381671268938,0.2535,16.55018081405657
3058,734921,0.096,28.148979772604335,0.095,23.17990636324374,0.096,19.654041538252006,0.097,16.910943054073023,0.165,14.230478508439829
3059,734921,0.0975,9.722917486550536,0.0985,9.407100224086664,0.0985,9.359439626137615,0.099,9.672224534980618,0.11800000000000001,12.222678678945261
3060,734921,0.2515,237.86106400536946,0.253,255.5545132851257,0.2555,269.53585024189266,0.2555,277.35846179490335,0.2805,253.78677440255464
3061,734921,0.1985,1744.0065249004738,0.2,1477.5995616099535,0.2105,1148.3454054331314,0.2105,784.8603165642228,0.23950000000000002,281.2984814956083
3062,734921,0.2615,64.45811032344722,0.2615,55.196125739061934,0.2615,47.058515845635874,0.2615,39.22965874171924,0.2615,27.508279767475898
3063,734921,0.28,53.38734187862292,0.5125,69.90657516472014,0.8155,97.75498785852943,1.024,171.81637002765322,1.497,58632.130224009765
3064,734921,0.186,201.89658231936596,0.1845,90.6811885972832,0.176,41.51259269494988,0.14400000000000002,19.05344703356716,0.1265,7.2735053507934095
3065,734921,0.2,119.45733105549776,0.2005,127.84053117965139,0.20400000000000001,137.23531130433014,0.20700000000000002,154.1462982059309,0.2215,318.51958287646306
3066,734921,0.34650000000000003,158.46104454668222,0.354,254.888441500059,0.354,471.4271659879634,0.354,1060.9765376564187,0.34650000000000003,5392.855764528116
3067,734921,0.20650000000000002,198.6987066793176,0.1855,123.93002234578982,0.153,78.63125217181593,0.14300000000000002,47.84617945607276,0.1245,19.870713472033913
3068,734921,0.2615,19.00090912123191,0.262,17.623881168975988,0.262,16.82279216106501,0.264,16.35573463152333,0.40950000000000003,16.375700153542034
3069,734921,0.40700000000000003,40.36107298602081,0.4215,63.53345921514757,0.4275,111.71656642786243,0.4355,234.02428811603215,0.4485,1010.2864661977986
3070,734921,0.1245,32.11704772312183,0.1245,50.271947614856046,0.136,87.69882229046797,0.14150000000000001,192.17310406390715,0.1835,1621.8557346345344
3071,734921,0.2295,23.913011103128554,0.2305,27.865131271830727,0.23900000000000002,33.80739855190505,0.242,45.02756047981121,0.258,114.0134619574793
3072,734921,0.2655,520.0579599808918,0.2685,552.5654885172245,0.273,550.9901034330198,0.2735,503.1875587739572,0.3135,305.0368311400032
3073,734921,0.201,343.6033720901368,0.201,221.90564804055253,0.2005,142.60657325751305,0.1995,89.17919262632766,0.199,50.697169832755414
3074,734921,0.14150000000000001,40.740108811783095,0.14400000000000002,38.571534200828005,0.1445,37.07455938677951,0.1505,36.26823863321961,0.1845,37.80910085211478
3075,734921,0.1975,60.05004266804258,0.1955,41.90935869994332,0.1935,31.454666435316756,0.164,24.366821552674896,0.1515,16.646890813406532
3076,734921,0.1715,8.888016457180415,0.17200000000000001,8.661487519274965,0.176,8.79814373131142,0.157,9.425050793565651,0.157,13.281885891466201
3077,734921,0.3725,189.8532978955142,0.371,134.4170422930013,0.34650000000000003,102.85156296915068,0.34600000000000003,80.30530454520063,0.338,44.24610778380259
3078,734921,0.192,335.7129377833984,0.1915,524.4412147472526,0.17200000000000001,788.9230750192256,0.1625,1168.8005022471393,0.157,1914.1678172619115
3079,734921,0.203,123.74481244445829,0.20350000000000001,125.11654403264957,0.20700000000000002,122.60985163776849,0.2085,115.47358028381521,0.227,93.96917459397622
3080,734921,0.247,451.3030332733584,0.247,273.98232144858656,0.2465,154.659341600246,0.2465,76.73967208220961,0.247,21.380221863499774
3081,734921,0.1935,54.19214864483109,0.2655,80.26896322296273,0.3,133.02198281904495,0.4325,288.46132126117004,0.5245,10025.353262191742
3082,734921,0.334,227.04124351888055,0.334,225.4526570238331,0.3285,226.18418522058084,0.328,231.3858462887823,0.3235,271.02706149761923
3083,734921,0.152,275.3957413995741,0.1535,232.8074804435776,0.17550000000000002,185.58141684365972,0.1955,133.55534801984663,0.245,56.45891501313412
3084,734921,0.2615,155.63743103950165,0.2615,148.57005751784266,0.2555,138.18707288582337,0.2535,122.48927116117945,0.2485,79.99789566395907
3085,734921,0.159,264.03687174458116,0.159,374.4403034029281,0.159,548.7527915650127,0.1605,829.1917825613787,0.161,1412.6832454187916
3086,734921,0.61,45133.87233129214,0.598,58983.42572027643,0.5065000000000001,48353.160721677465,0.4855,22339.405824796413,0.3725,1263.299587036732
3087,734921,0.1455,125.22458319078964,0.1455,141.2590760223822,0.1465,156.61707468831312,0.1475,172.50643629260452,0.1585,207.81963716725446
3088,734921,0.3125,3167.9522862998306,0.313,2279.9652247799318,0.313,1446.9379614165277,0.313,746.925435316575,0.312,134.61527326486498
3089,734921,0.1915,6.212517683632826,0.1915,5.978238146947398,0.122,5.931571185765165,0.122,6.154147122012459,0.122,8.240082835478646
3090,734921,0.385,51.63541909815163,0.444,57.03080021697362,0.47950000000000004,74.11365380832584,0.546,133.90087355187165,0.6105,816.797122272967
3091,734921,0.202,150.56316429355462,0.20400000000000001,119.25117226434963,0.20400000000000001,92.60195574651146,0.20400000000000001,68.4355010000257,0.20650000000000002,36.86649362384563
3092,734921,0.1665,85.079515599242,0.1685,91.4619842657662,0.1765,98.3362874065396,0.41300000000000003,106.16933400884075,0.465,148.68345408755272
3093,734921,0.105,39.915678291424506,0.105,35.878185015769766,0.105,32.49116067360368,0.1075,29.422539195385582,0.1365,26.707750740623514
3094,734921,0.28400000000000003,37.40089074399605,0.28,38.84072205780357,0.2775,41.41157071005236,0.277,46.32935803159171,0.271,66.7313467521522
3095,734921,0.41150000000000003,4207.638897631001,0.418,8587.817661612831,0.4205,15552.345443400847,0.424,25427.97057778047,0.4265,35813.216207561716
3096,734921,0.1005,19.676302971834083,0.106,20.388806696430485,0.1095,21.771249311435383,0.111,24.638643119436374,0.1485,41.213054536278435
3097,734921,0.5795,68.25993391016988,0.406,65.8550395303804,0.403,63.97691858577371,0.3725,62.28530144414447,0.331,58.8922325758417
3098,734921,0.8170000000000001,15904.593827166507,0.484,4481.6046684652065,0.4485,1533.795242389933,0.421,903.0859366035356,0.2485,531.4992359112434
3099,734921,0.276,7272.664464325391,0.2655,1462.3228203012775,0.255,363.8200183802888,0.2405,196.32748472475438,0.2095,125.47500079873117
3100,734921,0.279,67.92025500542495,0.2755,86.3411414007839,0.185,110.82207094613689,0.16,146.5220838144526,0.1475,240.19278563515417
3101,734921,0.2095,161.52249208821792,0.21,113.48220582668462,0.21,89.17660887845881,0.21,76.33666119561548,0.222,67.06265475024452
3102,734921,0.185,97.16645463023485,0.185,96.11316586699562,0.1825,92.5052347897729,0.18,85.41474128699234,0.1775,64.90387231669467
3103,734921,0.14,54.517035595756134,0.159,59.035023831182734,0.1625,67.91336299454137,0.17350000000000002,88.8754673332299,0.189,232.86909210095865
3104,734921,0.1685,88.76991490304434,0.163,85.32930987259739,0.1625,83.79400311018865,0.163,84.37561152806191,0.1685,91.19624250484881
3105,734921,0.438,165.36862585735977,0.47500000000000003,208.22599970713654,0.484,330.9881158844345,0.6625,467.9951746412107,0.7065,262.5277252493029
3106,734921,0.2525,76.63438225854667,0.2745,87.25059756058418,0.302,96.5656392942757,0.307,103.47882044932477,0.3735,99.94421648284234
3107,734921,0.17500000000000002,57.17852694443349,0.17450000000000002,44.44929994118227,0.17450000000000002,35.68261189542112,0.17450000000000002,29.56342345469025,0.17500000000000002,25.947652255720286
3108,734921,0.5385,850.260592586591,0.577,689.8694373135901,0.58,520.7711636839979,0.26,347.347850325289,0.1575,117.68259057133487
3109,734921,1.0175,3324.2591296555916,1.1055,3357.1005773557013,1.143,3102.304461762138,1.145,2333.4279473783567,0.7475,413.11460260558107
3110,734921,0.1325,21.71934952651405,0.1305,19.32315620986201,0.13,17.595724685505772,0.1105,16.352722687177568,0.1325,16.03108485492758
3111,734921,0.137,35.065458290319874,0.14350000000000002,38.447487844750235,0.1555,42.792527449085426,0.159,49.71323417712372,0.32,77.89233710519005
3112,734921,0.15,122.16303920571106,0.1505,139.3461884067999,0.1625,154.4512163144408,0.1625,166.26606996508454,0.164,164.90267529010723
3113,734921,0.1965,326.4086616628083,0.202,440.79843878432195,0.217,711.1435310993315,0.2425,1597.7139911067243,0.326,10309.750109058747
3114,734921,0.5625,8964.96918807697,0.5640000000000001,7381.612292007157,0.5655,4177.541804540339,0.5365,1394.8291329549709,0.4385,65.06431971925915
3115,734921,0.079,8.38680149386257,0.0815,10.241918447207041,0.0925,13.075994402634372,0.097,18.234921616523167,0.126,43.45761567497407
3116,734921,0.9095,801.9733828923911,0.933,1848.0656142445316,0.935,3258.957135343179,0.933,4431.232065946577,0.8405,4548.699088104118
3117,734921,0.3595,374.8835531641131,0.41450000000000004,435.9482356277768,0.423,499.2097670124252,0.4355,550.1837826469473,0.46950000000000003,480.58864810338537
3118,734921,0.27,88.02911719629549,0.2695,84.2127987535036,0.268,84.11326941066785,0.2665,87.25730503811722,0.248,98.52475724289808
3119,734921,0.2085,127.20325151461084,0.216,122.42351873227035,0.216,113.95245162750847,0.23,101.48008331478191,0.2335,77.78214161251343
3120,734921,0.28500000000000003,739.072228593818,0.28500000000000003,1124.6952761919254,0.2935,1588.1300337703638,0.295,2053.3621870894526,0.2975,2041.7510461860368
3121,734921,0.2625,109.70935452754159,0.2585,77.26517037811305,0.23800000000000002,57.95598782022244,0.1465,44.73267221065073,0.14100000000000001,30.83786243610491
3122,734921,0.126,32.12639940044901,0.1255,30.091656580369698,0.124,28.48595042337954,0.126,27.2252393315014,0.1275,27.139786973040415
3123,734921,0.1625,549.3052729668404,0.188,490.998754181875,0.2025,420.1092391511196,0.234,332.9730178763805,0.28400000000000003,172.59678688841205
3124,734921,0.249,302.60125307912796,0.256,380.06965663387206,0.267,463.03163593796364,0.2675,559.821687469333,0.3145,801.2268754873381
3125,734921,0.1775,112.698769682522,0.2015,123.670071510554,0.21,134.85394170073602,0.2125,146.47468731251178,0.31,160.63270644665505
3126,734921,0.258,78.90672251024968,0.252,62.46015462746367,0.2515,49.77602621777758,0.241,39.32235797703419,0.23500000000000001,27.33896129587509
3127,734921,0.3905,52.28262545460128,0.393,66.2906563273938,0.405,90.1774164480185,0.405,154.0553597067901,0.389,1424.0511189596184
3128,734921,0.168,25.993897060185315,0.2765,30.190680956364012,0.281,41.423772862296325,0.3365,91.05848495871847,0.3635,1397.984853076377
3129,734921,0.32,6924.780459422671,0.34900000000000003,7232.859300847279,0.3535,6167.54550105298,0.3535,4078.5201998067046,0.3705,1161.7877222776406
3130,734921,0.394,3725.3563108649346,0.3435,3220.4604195724232,0.3365,2518.3421894252965,0.3075,1703.8629424428352,0.2715,605.6117076589469
3131,734921,0.276,42.01643572406895,0.276,42.440117512407305,0.276,43.25775425188733,0.2745,45.42351400235407,0.2725,73.78020455649384
3132,734921,0.2645,73.13171254316775,0.242,85.35797471343272,0.242,102.3065875020772,0.242,129.29090196510867,0.2435,231.8980634624885
3133,734921,0.20400000000000001,102.8433904046214,0.217,110.92956295321481,0.23650000000000002,120.51842919488529,0.23750000000000002,133.13221960644702,0.293,179.67068678856864
3134,734921,0.2925,5708.797002705199,0.332,9162.377506018594,0.34900000000000003,12487.93751677503,0.443,14015.788012438172,0.543,7406.308746509725
3135,734921,0.3865,122.45449147651982,0.3915,167.46123534479764,0.4165,238.50719204807993,0.4295,369.478591645173,0.47000000000000003,911.1027475968265
3136,734921,0.4985,357.68312682608683,0.4965,189.86750367952504,0.446,96.85634244755997,0.424,57.6565185242094,0.316,49.17780565779588
3137,734921,0.3935,16731.812925943857,0.3595,10611.031471476188,0.248,5647.44586617889,0.241,2277.772329613771,0.198,228.84282702967005
3138,734921,0.5955,2002235.507407562,0.5965,2829318.864347835,0.598,2515357.3651215574,0.5965,1176228.9331408693,0.485,41430.47748588159
3139,734921,0.34400000000000003,53.61731163112455,0.34700000000000003,50.33932367001152,0.35050000000000003,50.231711361823365,0.355,55.06113574046955,0.3645,87.62314366204338
3140,734921,0.2215,76.05849944237251,0.2265,82.68299000426204,0.341,89.56094728237075,0.3435,97.48709420703115,0.34400000000000003,116.45116707530455
3141,734921,0.2475,1059.0185742199135,0.248,1837.0666466786156,0.3145,2941.311207467746,0.321,4419.940110958134,0.3685,6230.910261420382
3142,734921,0.7735,92505.79338506851,0.7525000000000001,33784.171078255175,0.734,7364.707966511482,0.47150000000000003,694.0783490660359,0.329,31.584753570294236
3143,734921,0.2705,64.33349685934333,0.2705,78.35494520118273,0.2705,93.87697569432596,0.2705,112.21433327655507,0.2695,153.08203162693954
3144,734921,0.36,96.02680978148885,0.36,94.81226179247946,0.3605,96.18170523726792,0.3605,100.39803939231953,0.3865,111.58806038164089
3145,734921,0.1595,96.48894474723046,0.1805,123.43757479125382,0.184,166.75516025576204,0.1885,259.0781476341087,0.1925,1371.2031236434327
3146,734921,0.2225,123.1644306448219,0.2175,104.39882457967852,0.2105,86.64906066653766,0.159,68.3984033228568,0.14250000000000002,39.07748426175768
3147,734921,0.273,39.5356351183086,0.2635,25.5820769123215,0.2595,19.62632679416445,0.248,16.735492966821578,0.2015,14.650661480187605
3148,734921,0.5495,12615.064698443563,0.561,9723.7074241326,0.5650000000000001,6139.012342292164,0.5685,2956.387513436625,0.5685,514.4978912705891
3149,734921,0.20500000000000002,10.141241120171612,0.20650000000000002,12.19965524045261,0.2085,17.109966942465064,0.21,30.022111570228567,0.2245,133.29307170497665
3150,734921,0.427,1189.9251910248865,0.441,2238.2843911924447,0.454,4119.485947101512,0.4565,7362.562151321583,0.552,12611.43587779657
3151,734921,0.393,850.079026078565,0.4,1735.8436052733955,0.4965,3198.2954097791635,0.508,5448.028762026643,0.5365,8673.530332026154
3152,734921,0.292,401.0344079362845,0.276,333.3329998441344,0.2605,273.49592836311706,0.223,213.95211913738655,0.1895,113.30242669398547
3153,734921,0.20500000000000002,265.0823622890619,0.222,296.2067778940382,0.2275,329.28460751412507,0.2585,367.88199044170887,0.2705,422.53049236603323
3154,734921,0.5365,1560.4613030416551,0.492,954.2262199987188,0.481,554.1661733077328,0.46950000000000003,289.7315319133216,0.2115,76.82385297961254
3155,734921,0.20350000000000001,167.19562143205036,0.1995,159.16420813860105,0.199,151.83766086382298,0.199,145.3298865860927,0.1995,135.2384266556294
3156,734921,0.247,88.68617520324047,0.251,77.41258228600262,0.257,65.21643182217603,0.2605,51.71035013906883,0.263,31.477167298347837
3157,734921,0.178,66.46843160847705,0.1805,89.70234445103662,0.335,128.3451968653991,0.356,190.60781731387482,0.457,291.5072808364587
3158,734921,0.23450000000000001,62.19697228612848,0.228,49.84694614558949,0.221,40.39680293810812,0.2165,32.60021311957581,0.1905,23.50360034879562
3159,734921,0.185,115.63086592139467,0.1855,145.81491056046573,0.1925,189.1037674168564,0.2,258.61000476579835,0.20800000000000002,479.17303274369266
3160,734921,0.1055,87.34177533465946,0.109,106.42743146096845,0.125,128.1960304838351,0.14200000000000002,155.52725081102233,0.185,228.51431786203517
3161,734921,0.393,1383.442321494933,0.455,2430.575086370589,0.4565,4284.829777438805,0.4605,7585.069996619203,0.461,12330.714388389053
3162,734921,0.20800000000000002,37.58858800804302,0.2115,45.01382565409933,0.215,59.355017699794764,0.226,94.80306312227178,0.34850000000000003,430.6339669450217
3163,734921,0.1365,36.40873078835263,0.1335,33.12308823531799,0.1315,30.40068451991103,0.1315,28.040039203361903,0.1305,25.735115048070803
3164,734921,0.149,204.60324914275716,0.127,180.9910949029479,0.127,156.3082224965245,0.1405,129.0018502551485,0.147,80.76656627002343
3165,734921,0.596,2541.199571059179,0.621,2860.396984761272,0.851,4859.461651379425,0.885,17314.67895695665,1.0875000000000001,44167.72959638422
3166,734921,0.31,900.2707830771836,0.3175,1210.7802169835707,0.3395,1503.6410139873592,0.3385,1701.33340438367,0.3365,1330.5560876145723
3167,734921,0.3615,94.46739920795213,0.362,100.616191319551,0.363,103.55978930608059,0.3725,100.48886236125442,0.375,78.87182611950891
3168,734921,0.18,25.26182441616859,0.186,29.479328725252333,0.1865,36.09958917693768,0.19,48.60409174127887,0.1935,119.71189587635547
3169,734921,0.3165,109.15170674770474,0.321,78.05783998315839,0.343,57.2908509936298,0.34850000000000003,41.84156627311984,0.376,24.771772780748467
3170,734921,0.226,13194.2649590255,0.22,18320.78031035516,0.2115,21721.21879079067,0.2025,21304.863774387348,0.1845,9712.328325439175
3171,734921,0.4805,165.9194651440695,0.527,196.7976424296304,0.527,231.46353246973817,0.526,270.67852452309774,0.509,317.62478954865355
3172,734921,0.1555,43.29762656708971,0.156,30.828740795294504,0.1605,22.70309916691467,0.1625,17.025684876835996,0.228,12.567005630655196
3173,734921,0.489,819.498110268706,0.489,589.4103903199208,0.4565,349.9134275392881,0.41200000000000003,182.76840216476091,0.3865,90.67071090554248
3174,734921,0.291,158.71044523289254,0.2995,291.7423592335787,0.317,563.0856315794175,0.3325,1172.7557852390437,0.396,3452.30691296813
3175,734921,0.149,20.815636998172245,0.149,24.584312073602476,0.149,30.53591619297564,0.1485,41.47149407587384,0.148,92.28539214850768
3176,734921,0.336,1006.5829667191684,0.338,1481.9054169549684,0.3395,2050.613155658696,0.34450000000000003,2514.6568540596563,0.35100000000000003,1637.5652244445537
3177,734921,0.159,355.15430240549836,0.1595,310.0287210267364,0.171,264.1923885313467,0.17550000000000002,212.95243803365935,0.3655,122.60173173999958
3178,734921,0.3335,86.10974584565737,0.299,71.06013763174404,0.28150000000000003,60.07082912541548,0.2505,52.36338748504703,0.23700000000000002,46.50305175057983
3179,734921,0.3415,610.6704084364425,0.366,403.114871994363,0.367,272.57757831637366,0.343,182.1433244277371,0.333,73.2492315510755
3180,734921,0.6225,665.3507627219334,0.6165,315.6753922414276,0.5855,197.15764849265915,0.485,261.7801278364545,0.3215,746.1847330539467
3181,734921,0.1955,16.331574959788142,0.2,15.42444669001126,0.266,15.223091835784684,0.2775,16.345130892637584,0.481,30.54493292180218
3182,734921,0.1865,98.50150487157418,0.189,96.05301799274672,0.232,93.0209805639677,0.23500000000000001,89.92790981093528,0.2415,94.03738852980642
3183,734921,0.705,243.6154266857462,0.712,580.0198221716994,0.762,1567.4922271335258,0.768,3751.03284272227,0.7665000000000001,1999.9213048971799
3184,734921,0.2145,92.57595267846665,0.2145,95.89598050010633,0.2725,96.91565775077001,0.277,94.73929836586525,0.28600000000000003,81.28452909201145
3185,734921,0.11750000000000001,13.521542916472576,0.122,14.072329730718792,0.1245,15.147646395621434,0.1625,17.273283732755935,0.181,29.144272652550438
3186,734921,0.36,12164.518740014635,0.34800000000000003,4845.267438059318,0.3435,1754.5251643924148,0.243,626.7600847799071,0.2175,175.77388005179253
3187,734921,0.23700000000000002,359.9170210249207,0.212,329.9829824587224,0.20600000000000002,290.7844668282719,0.196,239.89531412505661,0.194,141.55496720016566
3188,734921,0.2615,257.42714175682994,0.2615,189.5212051431342,0.261,131.0924734010645,0.2605,83.10172484328582,0.20500000000000002,42.09859139390949
3189,734921,0.20350000000000001,15.016889729547232,0.20350000000000001,14.196781354070888,0.1965,14.193185234149857,0.1955,15.483676816416674,0.1925,25.14907941274682
3190,734921,0.1305,27.827339909366778,0.081,25.042988891661732,0.0605,22.745104888749893,0.06,20.542437772029444,0.058,16.962782140764574
3191,734921,0.521,1167.5611455500111,0.5125,957.3707729694113,0.4615,804.426373486468,0.395,660.5685161058558,0.2415,408.08272283889556
3192,734921,0.295,73.40772851900402,0.2975,91.55939529800932,0.3,117.07295257348414,0.31,155.63176277594636,0.3385,249.65124088015173
3193,734921,0.2085,369.30629632652574,0.229,368.42866345174974,0.259,387.0570105309078,0.266,442.0616486508953,0.3275,644.6960563001305
3194,734921,0.23900000000000002,7.700361268522109,0.227,8.905910102681618,0.2185,10.698438144302406,0.1895,13.83738940283463,0.17,28.917015004859284
3195,734921,0.23850000000000002,132.47804232416482,0.23850000000000002,150.77112258867484,0.23950000000000002,169.49389387458743,0.241,189.81751650265335,0.246,222.30457301086764
3196,734921,0.459,422.534589097014,0.464,419.5376834004178,0.4645,400.8716383301314,0.445,363.43113648023314,0.422,258.0356393728229
3197,734921,0.3085,115.35976067493762,0.3425,86.08495910482158,0.34650000000000003,66.8858795813009,0.364,56.87018090943077,0.47350000000000003,131.70786809318054
3198,734921,0.35000000000000003,560.0654920098638,0.35000000000000003,328.23019071870914,0.35000000000000003,196.72941392264187,0.35000000000000003,112.76607246825986,0.2435,37.97373156495485
3199,734921,0.2705,79.68646477239871,0.2705,73.51117286018784,0.2705,68.01917001931902,0.271,61.82013404420542,0.145,49.07904193684769
3200,734921,0.434,2448.534155845792,0.482,5014.927859466782,0.483,9011.030217148696,0.493,13238.4876046079,0.483,8573.723533764427
3201,734921,0.1565,72.1370011955712,0.1555,88.37329001197885,0.1555,109.41744746808956,0.1545,139.09220305556076,0.1545,209.91070262496478
3202,734921,0.226,445.1590819627788,0.2265,538.216499679668,0.226,592.1131970325814,0.226,572.2174321417297,0.2255,325.38909362187945
3203,734921,0.267,42.9563128920395,0.2655,42.219935204013,0.2655,42.7318766545474,0.2655,44.494456532575896,0.265,49.65236831447786
3204,734921,0.147,98.1238418474152,0.1775,92.10271343196511,0.19,88.09612381198619,0.1955,90.34909756157407,0.20500000000000002,193.32589982069877
3205,734921,0.453,1819.1720314654053,0.455,1210.3772551307036,0.4565,680.02154334544,0.467,295.35608557775987,0.4525,58.57109246166246
3206,734921,0.1975,128.46995305159845,0.199,99.02442808547143,0.2015,75.56410821068991,0.2175,56.53066812047736,0.2325,37.581290055990515
3207,734921,0.164,5.252153299344317,0.164,5.862983699521942,0.164,6.924760575637795,0.164,8.926842664466369,0.20650000000000002,18.418313772864877
3208,734921,0.1595,35.99096799375088,0.151,30.92970842008369,0.148,26.68549618952368,0.14300000000000002,22.85544608855707,0.117,18.04304239757044
3209,734921,0.2645,40.295428569653225,0.2655,50.17345235637317,0.307,64.40759982589225,0.3625,89.20179630990785,0.41450000000000004,209.9299443313863
3210,734921,0.403,66.78156642785784,0.40800000000000003,92.74513468513709,0.41050000000000003,134.07970948585577,0.41050000000000003,212.56508774389326,0.40750000000000003,593.2658276764328
3211,734921,0.2465,112.51512733202755,0.244,103.35433636946311,0.2425,90.45102090778329,0.2425,75.99891742996037,0.194,62.79428177353344
3212,734921,0.2185,26.572876650263428,0.1605,27.62463984693721,0.1515,29.621559833965968,0.1475,33.23727411102497,0.145,47.758360728269075
3213,734921,0.1565,10.70844596256057,0.155,10.464486861993969,0.154,10.47412693104158,0.1495,10.77311096348305,0.1495,12.666227882590464
3214,734921,0.1615,35.0452583271183,0.1615,29.171472496243656,0.1625,24.756823676613948,0.1635,21.347362987822294,0.1825,20.528356956765915
3215,734921,0.6025,331.6146670974053,0.605,434.5536302315953,0.6345000000000001,529.1924482136283,0.6475,573.5045478705451,0.685,387.3738497120853
3216,734921,0.526,1283.9834551900688,0.581,2776.1163166666333,0.6185,5367.244675612474,0.6185,9102.220333905518,0.528,9781.915153927841
3217,734921,0.3335,132.4538323184858,0.323,109.31953826767113,0.32,91.65800855535599,0.319,78.89642140568674,0.311,77.71883439041117
3218,734921,0.369,35.60478968098887,0.3725,36.40206013929246,0.3785,37.709568277695006,0.405,39.959967463436506,0.595,50.68292501561906
3219,734921,0.669,172.38610504711573,0.6645,147.45167371937967,0.6435,113.03072545630343,0.5855,75.6129680967501,0.47900000000000004,36.26880627669593
3220,734921,0.1345,99.492571400388,0.1345,72.48230112423104,0.1665,52.8041848143209,0.17300000000000001,37.669883563530895,0.211,22.696243972867638
3221,734921,0.3105,191.2797157922895,0.3105,199.31316485917534,0.3105,211.0357776953351,0.317,227.5770129185832,0.3215,250.3090284734757
3222,734921,0.5755,263.7779474045979,0.5730000000000001,239.85432558916054,0.5710000000000001,210.35907381627283,0.548,173.35917847409013,0.34950000000000003,101.10835549963417
3223,734921,0.1965,99.45023115381521,0.1905,75.86734705464016,0.1865,60.18710733182268,0.17550000000000002,49.404807632674625,0.155,42.27837755370163
3224,734921,1.1360000000000001,262446.2378120171,0.8280000000000001,165928.5459390717,0.64,78888.0976052686,0.582,24577.682137083924,0.242,1485.2712924882053
3225,734921,0.1625,97.73753387474112,0.1875,83.1381672452373,0.202,71.56887320721863,0.3375,62.22275897643504,0.4275,86.84780064335881
3226,734921,0.137,68.00397976324207,0.161,77.16095500748047,0.2085,89.11401048936682,0.2105,108.04686562012103,0.219,196.44282390825722
3227,734921,0.463,777.7476104056877,0.4365,196.14036007850612,0.4255,83.14287232791186,0.3575,61.16376337853202,0.2615,52.88631411669302
3228,734921,0.105,14.755989649994413,0.108,15.635362986405427,0.1105,16.81650474059926,0.1105,18.56898299756624,0.1305,24.203085485455116
3229,734921,0.329,238.3267095077317,0.3275,175.03993428384058,0.322,136.19424534808286,0.3095,117.04217452624243,0.255,103.44477813701477
3230,734921,0.257,174.8078490878354,0.28750000000000003,207.9621727100011,0.2975,300.2879788700182,0.3055,719.4855049456673,0.3145,10900.519407375768
3231,734921,0.34,30.822023894600328,0.34500000000000003,30.821389873820124,0.371,32.791687001620765,0.373,37.56594205130244,0.324,58.44289919591569
3232,734921,0.1855,3233.550691533365,0.194,7169.729414803123,0.196,14233.742476428688,0.1995,25123.980262912894,0.209,32156.469490252835
3233,734921,0.425,21827.224059511154,0.4355,85444.89697773672,0.516,306429.5216381202,0.614,936389.4553370813,0.637,1608644.4154564482
3234,734921,0.134,11.37856887884741,0.1385,11.121597785828511,0.153,11.735159935230747,0.17450000000000002,14.957316359933392,0.23900000000000002,74.14882415982851
3235,734921,0.125,11.74568287181982,0.126,13.254317398132958,0.127,15.713574013651225,0.1285,20.430678940890115,0.1335,46.617753404229866
3236,734921,0.34700000000000003,720.2171622425618,0.3425,461.5062701385721,0.3405,295.2391057005253,0.2405,226.7682825085489,0.21,230.92085585729305
3237,734921,0.291,282.3449194300683,0.3025,310.37997792930844,0.3035,328.99806790839375,0.3065,317.33086004246724,0.3275,183.29190139205036
3238,734921,0.134,61.56356140614118,0.1375,49.178485852023464,0.169,39.8874373061055,0.1865,32.19932797606823,0.3105,24.426655043792763
3239,734921,0.28450000000000003,111.43584059472816,0.251,84.80187799573223,0.2415,65.78328055983273,0.2235,50.126455350148326,0.20750000000000002,29.469073018510375
3240,734921,0.249,57.56939722574313,0.2495,56.448526766554366,0.25,55.590564036389736,0.25,54.95226470802548,0.25,54.5709058560019
3241,734921,0.7645000000000001,2452.3077743433378,0.7475,969.9469257828848,0.6915,320.31738679754835,0.645,142.19915224829705,0.314,82.67294846804691
3242,734921,0.132,12.545236941475173,0.1455,13.380033513547817,0.1485,15.884770848344054,0.157,24.237537262101487,0.195,161.2952299277894
3243,734921,0.1515,31.484554472623977,0.154,29.735846780596177,0.161,28.95482283996944,0.162,29.368953199031683,0.17,37.61355730639402
3244,734921,0.2255,735.6143481938817,0.2245,818.0474293014224,0.2235,846.2061742750634,0.2195,799.635337003018,0.216,522.1873534445368
3245,734921,0.20350000000000001,95.62684567350479,0.20500000000000002,134.82956261904738,0.2095,191.27550526165237,0.2625,280.79645499236136,0.366,537.3153693956923
3246,734921,0.2135,92.78525747719019,0.23850000000000002,89.83514785406898,0.2685,88.07777574270295,0.2985,87.84281544990378,0.455,97.04936613417813
3247,734921,0.2745,139.7355521226823,0.2285,83.58782798797951,0.169,66.50404497904644,0.157,54.87522269282481,0.12,39.0490824657025
3248,734921,0.5665,633.2079214911973,0.5845,2776.821314825412,0.6015,12927.187231907385,0.851,58287.97257858997,0.856,267879.80428849894
3249,734921,0.379,1133.198506325232,0.392,1575.8238709364289,0.3995,1981.7586576398971,0.41400000000000003,2234.2297128546916,0.41350000000000003,1728.4902525074099
3250,734921,0.1295,19.65414576230435,0.1295,18.191785601582943,0.127,17.688526127641225,0.1265,18.273315800882227,0.1265,23.981413484827527
3251,734921,0.32,2379.4974433516095,0.3255,4163.00447055652,0.3385,5905.9873304210205,0.341,6449.862992621631,0.459,3579.1105616739937
3252,734921,0.262,64.90223682634587,0.269,62.24241113071725,0.291,60.325868073423244,0.41000000000000003,59.24173261694858,0.598,70.16308891110351
3253,734921,0.3755,24.638031298020742,0.2465,25.527891884298302,0.2215,27.32769356969034,0.216,30.878700633819857,0.1545,47.26370314070199
3254,734921,0.1365,7.122922226697342,0.138,7.41564151022304,0.14100000000000001,8.194061516594617,0.14350000000000002,10.011813310741438,0.169,21.864472319932652
3255,734921,0.28250000000000003,16.518944529144996,0.341,24.3822178599046,0.4015,38.367581393922784,0.41050000000000003,68.80052288509388,0.438,274.7276926292409
3256,734921,0.397,1597.1354582370118,0.41100000000000003,1048.4668703914813,0.397,689.6934780592305,0.3925,462.2756283883362,0.3785,194.30324595162358
3257,734921,0.365,8.928136658324453,0.377,8.842604665777682,0.3855,9.178344892379275,0.401,10.352028891760021,0.447,19.68868410672464
3258,734921,0.272,382.59986165534724,0.2745,432.62608458408306,0.275,463.69176513087285,0.2745,478.54953819921604,0.2745,478.47099184338873
3259,734921,0.486,1156.3059542776411,0.4925,1135.0857241060326,0.5875,1043.0767121236404,0.6355000000000001,880.7753800069089,0.6365000000000001,496.60678472816306
3260,734921,0.23450000000000001,41.28911678082623,0.215,38.17325697183897,0.20750000000000002,35.63232759611923,0.17250000000000001,33.40100630414116,0.14200000000000002,31.231389506383245
3261,734921,0.562,7660.522889452894,0.5735,7531.692955250411,0.6515,14704.282377767197,0.705,41777.62133389433,0.7165,54518.069943859344
3262,734921,0.20700000000000002,19.141406613589133,0.21,20.979089562117196,0.2255,23.523777187328587,0.228,27.562511800509906,0.2635,42.157688739628384
3263,734921,0.203,25.97354339624346,0.201,27.604387674611107,0.199,29.34606710139851,0.199,31.486214020317355,0.1985,45.49448354705362
3264,734921,0.274,98.98836247512618,0.258,60.73179699422838,0.20800000000000002,46.55287647843933,0.163,38.83465234223649,0.11,31.314714410935036
3265,734921,0.2155,144.7221377033964,0.2405,461.4841838035838,0.2515,1630.3687785892707,0.302,7008.068964516851,0.3385,101189.2545964305
3266,734921,0.0975,13.102243901462302,0.094,11.524752809003534,0.0925,10.48442334184676,0.0915,9.794540883729749,0.091,9.707064235285468
3267,734921,0.2165,120.47286407514474,0.2085,94.8837505305267,0.20600000000000002,74.10559112121922,0.2005,55.67967663649459,0.1985,31.433514191316068
3268,734921,0.1275,50.080125578233826,0.1155,29.663883049795466,0.109,18.800197481725455,0.10350000000000001,12.33663080846883,0.10250000000000001,6.951839675257624
3269,734921,0.11950000000000001,4.587376589830879,0.11950000000000001,4.861730524888124,0.11950000000000001,5.513957233455014,0.14,6.9805208240526,0.14350000000000002,16.14573150010204
3270,734921,0.1795,238.50415610903005,0.1825,274.9710822536276,0.183,303.74453357972607,0.184,321.5357801079011,0.23900000000000002,301.7826805083131
3271,734921,0.214,1913.7491220193272,0.212,1900.0423370336653,0.2115,1700.8579077382465,0.1645,1326.4914956553466,0.1235,577.3803378203452
3272,734921,0.392,332.06305185039696,0.403,336.8065694620574,0.406,329.9579824300354,0.41050000000000003,307.84002715741707,0.41200000000000003,235.73868500521232
3273,734921,0.4535,1788.4569672313305,0.4475,1027.3473988327385,0.4405,541.885027827477,0.417,245.23144505585182,0.3575,52.11505442849751
3274,734921,0.431,479.7525710315761,0.448,669.2978093294604,0.448,949.1687290904167,0.448,1463.1884796289387,0.40850000000000003,3776.340449710275
3275,734921,0.083,97.7436504245535,0.08750000000000001,95.75888378323742,0.10200000000000001,92.56319816659584,0.106,88.84197338669229,0.23750000000000002,95.40591617144244
3276,734921,0.394,57.27841294845184,0.3975,69.15340433669742,0.3985,85.41762702878412,0.391,109.74993202226631,0.3835,176.28143714171043
3277,734921,0.1685,32.98331962843824,0.169,37.14417167906023,0.1695,42.70534338280126,0.17500000000000002,51.16913954706513,0.1815,79.71480620168788
3278,734921,0.4235,161.22626965891166,0.4235,138.40154039022522,0.4445,114.56622636651159,0.445,88.34062526849976,0.424,45.60745413300724
3279,734921,0.4185,26.78312190789848,0.422,45.67616006138637,0.4455,83.62364515032796,0.4515,169.63973119668333,0.461,615.3022829520255
3280,734921,0.359,484.95617689229,0.338,334.2742598195058,0.265,241.22762186632195,0.2545,173.19034449980774,0.2415,110.63366405346021
3281,734921,0.20350000000000001,32.099106914123006,0.129,35.39665657323756,0.11900000000000001,40.41222835097354,0.1075,48.09756977912975,0.10200000000000001,72.16467778703802
3282,734921,0.55,495.14817324684475,0.262,329.66856456077153,0.255,212.11985085722367,0.24,131.8856391829172,0.201,65.80335602124823
3283,734921,0.3425,1032.4907136239342,0.464,945.7304542644179,0.466,804.3387775926317,0.47500000000000003,606.9738803846265,0.505,242.66561838829244
3284,734921,0.264,38.583518565792026,0.256,39.562137115865845,0.2495,40.38021670356912,0.23900000000000002,41.15605512953426,0.2005,43.29371061036134
3285,734921,0.0995,26.308327078783453,0.0985,34.22418462431611,0.099,46.59473037018049,0.0995,69.6293136799846,0.10250000000000001,183.7568586315144
3286,734921,0.182,2613.7212089244276,0.182,2342.337721909227,0.179,1957.5092978320124,0.179,1476.7291839801337,0.1785,617.8411661020364
3287,734921,0.551,62581.08404290444,0.532,100551.3145158844,0.464,147121.9229456844,0.4405,180154.8060112007,0.388,97884.15682422162
3288,734921,0.19,216.40158731533967,0.197,245.0794542812146,0.2005,264.40446924763074,0.23900000000000002,267.87453482330557,0.259,209.04600009722188
3289,734921,0.177,78.50860345818816,0.1765,55.357526488295505,0.176,39.47921788734477,0.157,28.030260511169462,0.1225,17.23016476996209
3290,734921,0.3125,179.14539672396873,0.3145,235.2306368933433,0.3395,317.9276008273907,0.3395,455.609305006868,0.34,931.5184564590874
3291,734921,0.3775,154.7624816040596,0.378,174.83340966186745,0.378,213.86741435087814,0.379,271.1498050320074,0.3775,326.1307651733731
3292,734921,0.327,385.37536612581437,0.331,456.1921921647927,0.3365,526.0119754349132,0.34,594.5639444553638,0.515,696.360695483493
3293,734921,0.241,1012.0912746379454,0.2405,512.9223489959141,0.23700000000000002,247.69333496056572,0.23650000000000002,108.5084505849746,0.224,27.01515928197298
3294,734921,0.2595,14.618898126830059,0.2645,18.92797882903731,0.2675,29.841448288863845,0.28800000000000003,66.469871501817,0.2975,597.841996146754
3295,734921,0.3055,28.660626848497397,0.3065,36.31336248810624,0.314,49.98433845230674,0.318,77.46131078842564,0.318,225.02691181089682
3296,734921,0.2895,107.04445993556564,0.28650000000000003,108.4291777698916,0.281,112.19273958515485,0.279,121.7379994379411,0.252,167.19698227560693
3297,734921,0.28450000000000003,40.45827294975368,0.28500000000000003,40.086914231626245,0.291,40.2248044575152,0.2975,41.16661648604264,0.3065,46.027919458137944
3298,734921,0.3905,692.8425017276013,0.3975,764.9140787235699,0.4335,993.5150474498993,0.5635,1646.9395108059389,0.8315,3171.0524449488985
3299,734921,0.3245,1206.773813910863,0.3245,2021.033975068014,0.3245,3043.4541909098007,0.2995,3999.2561076403754,0.297,2798.753072046213
3300,734921,0.309,355.3841852150161,0.3085,257.21800032332,0.307,182.24237007996112,0.304,121.39554297805867,0.253,53.47312983935935
3301,734921,0.47250000000000003,68.29758780148325,0.1295,52.08859447613725,0.127,39.83360415661368,0.127,29.53755223370164,0.3115,16.762101839166345
3302,734921,0.5660000000000001,160.03269933927353,0.5395,101.73158201421562,0.514,62.228090483578654,0.4685,42.28796733717074,0.39,43.7576175431325
3303,734921,0.357,1678.1782324196688,0.357,2215.254076845434,0.357,2633.8782238629665,0.357,2730.448526685944,0.357,1565.856460145157
3304,734921,0.196,177.44316251909066,0.212,207.40712533396842,0.213,242.01502665883692,0.2165,282.17050651443543,0.2555,335.566217061392
3305,734921,0.46,1072.4144820249758,0.481,1049.6560390446198,0.484,964.5336411780168,0.487,804.934348710071,0.513,415.5382380515694
3306,734921,0.651,94.40985481292593,0.6725,124.34291776998252,0.6925,191.68047010766605,0.7065,380.2672340502328,0.756,1056.0053319423978
3307,734921,0.1475,458.92663688887006,0.149,284.6070728760517,0.149,165.40866102820388,0.1515,86.4383122285674,0.153,25.9867202257378
3308,734921,0.39,34.93439383732361,0.39,31.082435003517762,0.3875,28.854038133263067,0.38,28.789840466850542,0.334,42.7442259568346
3309,734921,0.17200000000000001,19.351343769275662,0.1685,16.226998735159167,0.168,15.721069206315258,0.1665,17.101910498807676,0.1665,27.327260291072616
3310,734921,0.2155,88.62888690863268,0.2085,65.20456710297422,0.1965,51.562088790675375,0.189,44.73440269976601,0.17300000000000001,44.60229188505271
3311,734921,0.268,462.6069027475463,0.322,953.3586739191744,0.34450000000000003,1917.9415215275849,0.367,3678.628713138875,0.4595,6276.664078574077
3312,734921,0.3815,2627.968118259688,0.34,1227.7169198795816,0.3235,455.50617812874094,0.259,172.3896943209125,0.223,146.60251610851319
3313,734921,0.2465,20.727828571222975,0.2425,20.739631054508266,0.23900000000000002,21.658216417599597,0.23800000000000002,23.79636479865416,0.229,33.04246940006007
3314,734921,0.23800000000000002,43.677398459843715,0.2115,42.940838922259694,0.211,43.2471750778484,0.1795,44.81435086366099,0.1785,52.12276870350256
3315,734921,0.301,147.23628693000472,0.3005,80.14002373034856,0.3,48.29578388347403,0.3,31.25738621357085,0.2995,18.656261337236277
3316,734921,0.314,74.62103955495601,0.3105,87.0533332035671,0.301,105.17031594890058,0.2975,135.64604883993647,0.269,250.04648222336237
3317,734921,0.621,619.3391117797767,0.6505,967.101411186247,0.6585,1125.3455380759535,0.6585,757.5097338747977,0.6175,93.83362141659374
3318,734921,0.3775,539.4327164957641,0.367,399.59265692982694,0.34750000000000003,322.91657159694313,0.34,249.97160228441243,0.221,128.1633804233848
3319,734921,0.232,335.59792479077635,0.23550000000000001,399.355490648962,0.2455,468.71580576371,0.252,550.5633766265897,0.2905,690.997858224149
3320,734921,0.376,248.74746651494578,0.3145,282.3116289641552,0.296,309.4384533300401,0.293,328.0251168060648,0.277,312.96379422235276
3321,734921,0.128,16.63242930144862,0.34450000000000003,15.097490721756234,0.354,14.326239664692219,0.358,14.48303118403199,0.3975,21.24765643418396
3322,734921,0.22,20.088735697836274,0.212,12.308417960133296,0.209,10.799975278195912,0.20350000000000001,10.735912561951519,0.185,12.117641761457715
3323,734921,0.176,27.959495357804414,0.2095,32.16557315947869,0.229,42.13791143455161,0.28,72.73175526043086,0.326,568.430668953114
3324,734921,0.1265,41.17192382096767,0.1265,41.44426312770449,0.127,42.731942951872256,0.1295,46.04147491536816,0.1345,65.02119326742778
3325,734921,0.1515,15.732722043843081,0.1365,14.485863414200441,0.131,13.877858175902182,0.1305,13.982144049402027,0.1305,17.282399448930928
3326,734921,0.179,34.96334425042449,0.179,34.24792364140728,0.1805,33.937258729661245,0.1815,34.062673015210315,0.2085,36.09011772043099
3327,734921,0.47400000000000003,45.97114222464477,0.4,22.913220235109552,0.34750000000000003,15.749447107209978,0.171,11.773640278613405,0.117,7.905518315842003
3328,734921,0.1495,38.80692876636272,0.1485,32.20408811044687,0.1485,27.012767507148855,0.131,22.83688131258842,0.1305,20.17019150919469
3329,734921,0.3585,1872.4583880677333,0.361,2155.409625815148,0.3615,2158.27859398401,0.361,1874.1617053971524,0.3545,1652.8094657470958
3330,734921,0.3935,3025.5017791575888,0.41450000000000004,3742.1347833731093,0.41600000000000004,4650.3288483842225,0.41600000000000004,6218.690464345183,0.41400000000000003,6690.337969369184
3331,734921,0.211,120.11181599648803,0.215,149.81617976834718,0.219,187.7454258069377,0.219,239.8928567155727,0.229,354.2565991102999
3332,734921,0.323,484.84218628397946,0.34450000000000003,512.3270129736949,0.3805,521.0407206816528,0.4005,508.15357575940715,0.4535,434.4922059142891
3333,734921,0.3575,15912.968554114239,0.338,9641.124535156066,0.302,5046.794942353792,0.272,2068.259237962123,0.23800000000000002,208.22475416484852
3334,734921,0.4055,27227.359131177498,0.40650000000000003,21827.61105107136,0.4055,20913.158391791112,0.4055,22889.262928623455,0.4005,14476.510387890847
3335,734921,0.23450000000000001,57.74967998292471,0.23450000000000001,71.21333010697815,0.23600000000000002,89.75576373632099,0.24,118.89536317971371,0.2115,215.52664701869736
3336,734921,0.1165,11.76900382694352,0.1165,12.04559194566771,0.1165,12.741191288679257,0.1335,14.354135624148592,0.14,25.29960883403648
3337,734921,0.5885,1217.1473385683908,0.579,630.118424207667,0.4995,311.1031341096096,0.44,143.6100804994823,0.249,37.582527735561506
3338,734921,0.536,52.277959257895226,0.5405,99.6829565391042,0.5435,192.27258323433296,0.5565,366.3795143020137,0.554,1060.7541534206582
3339,734921,0.427,184.53353909836898,0.4545,228.34826419776184,0.4605,286.3983330888194,0.467,382.76212458555216,0.5795,807.7049066877364
3340,734921,0.192,32.19066226763436,0.1915,35.55278537543612,0.187,39.5871970629843,0.1775,45.175403677765296,0.153,63.59249748823781
3341,734921,0.157,19.572582525265027,0.165,20.21884943221928,0.169,21.21504300707497,0.17350000000000002,22.92993743773423,0.2095,32.955621733501275
3342,734921,0.312,2690.7036332929956,0.312,1603.1573936486748,0.3095,869.1348815355681,0.3065,391.41447544639897,0.28350000000000003,63.90660377065699
3343,734921,0.372,308.9850527634531,0.375,322.3638550399344,0.378,342.3718898190977,0.387,353.47988212285054,0.388,272.83845725707926
3344,734921,0.431,1282.50038298398,0.4285,832.5354738792206,0.427,577.3155173182193,0.392,427.8577583211363,0.343,314.3068995022338
3345,734921,0.1355,99.30251305619593,0.1335,82.60149244281553,0.1295,68.00560774538961,0.1255,54.70981853376375,0.122,38.338430690386886
3346,734921,0.2535,150.43175837293063,0.2535,119.29197285144166,0.2535,95.10103898894678,0.2535,75.10506233144835,0.256,50.777897390273246
3347,734921,0.1945,119.04429842944916,0.195,101.99515292440503,0.195,87.48915238349952,0.195,74.23810840065426,0.196,55.996952664231394
3348,734921,0.28500000000000003,347.7060565625101,0.2895,544.6167838108354,0.2935,853.5530328094083,0.2945,1374.2463556820144,0.3085,3223.912195925006
3349,734921,0.314,279.51157461293445,0.4305,321.44361621524234,0.492,494.3976578400358,0.484,1127.9798580347012,0.431,6744.293320501795
3350,734921,0.17550000000000002,63.31261533923383,0.17550000000000002,75.84877893012002,0.176,93.44799205778823,0.1945,121.53692421969235,0.222,214.32504905368037
3351,734921,0.2245,20.55602269028619,0.2195,18.88968467323012,0.218,17.857034046481772,0.218,17.351647880716015,0.218,18.389687349893155
3352,734921,0.594,411.028420987767,0.6055,457.06465724276933,0.641,494.85695293685416,0.6435,518.1439545914686,0.599,501.131247303053
3353,734921,0.312,48.002451469169905,0.312,60.02270783160112,0.331,78.36525208671829,0.331,110.45541568863993,0.3135,234.94288986825484
3354,734921,0.1285,33.72187482615628,0.127,37.80024572988691,0.123,42.45782649710067,0.128,48.3026322795764,0.1325,61.6051846568599
3355,734921,0.152,12.393412031480182,0.146,11.71263348869046,0.1455,11.384097258018924,0.14350000000000002,11.378921730022904,0.14150000000000001,12.489065318944798
3356,734921,0.2985,117.26072384170256,0.3055,164.456407014226,0.3085,232.04412846506983,0.315,336.8409965624504,0.336,687.7984328264557
3357,734921,0.497,424.19896400431537,0.38,371.9447196722588,0.3755,319.5160909538381,0.373,262.1572692675571,0.3395,163.4961534334782
3358,734921,0.169,55.52961381695649,0.169,44.59723687903778,0.1675,36.8000810269498,0.1555,31.022482267102735,0.1555,25.66597162988253
3359,734921,0.4435,17235.52982650364,0.4475,22706.53240059434,0.4495,24225.182010909797,0.4495,19992.21632327995,0.4515,5787.077036087575
3360,734921,0.5555,3807.0008183661666,0.4225,1640.2481444781104,0.392,767.344367988325,0.372,349.1376543794337,0.302,74.58520188913752
3361,734921,0.34500000000000003,1565.4609209513076,0.34500000000000003,2035.3718109155207,0.34500000000000003,2365.189219808119,0.3195,2428.249200849825,0.279,1662.9938578068613
3362,734921,0.16,50.15463647167628,0.16,68.28498538183716,0.1605,98.34674797698747,0.1605,155.7108266863227,0.266,409.5791150431102
3363,734921,0.254,51.796260610914565,0.2585,55.91208309114198,0.303,63.31103733904699,0.3085,76.77361881896458,0.3965,113.08751437258584
3364,734921,0.145,77.09130535901149,0.148,69.17664094770232,0.156,62.67021097241375,0.1605,57.14061770779353,0.1965,51.82605977788305
3365,734921,0.2525,78.27378456685906,0.2185,86.08888008578651,0.1955,96.73742555335748,0.188,114.23923377699569,0.17450000000000002,176.12734533219816
3366,734921,0.1135,16.562264032546764,0.113,16.4191178223142,0.111,16.545422636393628,0.111,17.066873903216763,0.111,20.033779686125015
3367,734921,0.1525,11.706862275605113,0.1545,12.142954030759716,0.1935,13.100182922317236,0.232,14.94126323756309,0.23600000000000002,22.634273824025808
3368,734921,0.251,110.44311116448635,0.262,161.98067275583554,0.2725,254.49832394822718,0.28700000000000003,454.99646586345847,0.32,1665.8442916467977
3369,734921,0.586,2385.7308306390414,0.33,822.133582569071,0.32,261.63193743936984,0.2905,75.36981455283079,0.2315,15.398325924784757
3370,734921,0.3795,22.210919140827524,0.3395,18.56770666012116,0.3205,15.64399185349971,0.318,13.817668326678191,0.266,18.26485694672143
3371,734921,0.3545,49.63981396955397,0.3575,42.725929921628556,0.3745,37.09994210957744,0.3885,32.31313537076458,0.5425,29.183093332337418
3372,734921,0.35150000000000003,35.718858681782834,0.196,23.34564795129162,0.1675,18.37378805912316,0.1525,16.099051229657885,0.11800000000000001,16.31744903600377
3373,734921,0.167,28.981317021551657,0.1865,27.553930203712245,0.1935,26.374398927662554,0.203,25.5560469062322,0.259,43.49993192200886
3374,734921,0.245,306.00440994922826,0.244,437.8830428981933,0.2435,615.4400669286654,0.241,853.5167824139883,0.23800000000000002,1184.1649294493366
3375,734921,0.184,264.04470633116273,0.3205,232.66182614537436,0.326,196.9117132026266,0.328,156.442477571606,0.41600000000000004,88.96565050707723
3376,734921,0.549,9999.504921164747,0.552,9661.622374411765,0.5525,7518.11686664484,0.552,4142.513632941072,0.544,455.5183412194984
3377,734921,0.152,59.820566059793215,0.1525,74.48761044331414,0.154,93.23420682488425,0.156,121.95939708350993,0.171,235.31822817169066
3378,734921,0.2305,60.83303211589878,0.231,66.06364909064114,0.23850000000000002,70.689430296676,0.3125,74.43561887534966,0.316,75.60457375136306
3379,734921,0.0945,32.22373688927752,0.107,37.51887332056504,0.11,44.765836515986265,0.11750000000000001,57.299781739284164,0.1845,129.77640294018568
3380,734921,0.353,1654.0823739346063,0.334,928.6672391303514,0.326,458.1606146438029,0.3245,181.21086546073968,0.1705,28.16676266889206
3381,734921,0.158,81.31228625033486,0.328,126.16644035062437,0.34850000000000003,207.51502260717643,0.428,391.0838592018273,0.5365,2491.467180782063
3382,734921,0.3695,15885.681554402769,0.3635,7118.734909225996,0.355,2882.8293194743583,0.34950000000000003,1032.6572973818095,0.3265,129.25607890751374
3383,734921,0.292,46.070783105116604,0.2945,47.3084614756373,0.296,53.108548179781046,0.2965,67.01797246422514,0.3305,129.68935571215533
3384,734921,0.1225,11.136308373206578,0.1225,10.406325725518242,0.1225,10.024449341733758,0.1225,9.977865400575965,0.1225,11.329363426453368
3385,734921,0.31,194.1018704313684,0.323,174.14127451164617,0.3525,155.89929141918307,0.359,139.7579561942129,0.37,121.60153926146906
3386,734921,0.342,490.48909261586255,0.342,467.1841740829956,0.3415,428.2418110318954,0.341,409.3678867932411,0.313,579.7775929126818
3387,734921,0.511,67863.00997167884,0.4965,71413.39962959717,0.4945,56591.210205799434,0.4815,31990.88090472862,0.392,3621.312506383194
3388,734921,0.2675,54.716990816746694,0.2645,51.40000359303868,0.2615,50.815211546990994,0.2565,52.405099603679425,0.228,58.717153788469865
3389,734921,0.5025000000000001,2017862.5279798596,0.503,1306660.9093391981,0.502,529677.7580176048,0.4985,106530.78642581419,0.4595,1295.940098417173
3390,734921,0.243,145.74447305840883,0.25,186.13980489900501,0.3035,230.92875305779515,0.428,281.3148124909478,0.47550000000000003,363.35222852162644
3391,734921,0.2305,36.55792809252215,0.252,39.366520635770044,0.2585,42.92262185555418,0.274,48.05370773914921,0.279,66.9671848088692
3392,734921,0.329,137.39393344347826,0.3245,107.91654971683225,0.3225,83.38786859741097,0.3195,69.70004557566004,0.2565,84.82922707670882
3393,734921,0.1915,21.53759435716695,0.2475,22.59364036393062,0.2505,24.911956796779524,0.2555,30.205850080360623,0.355,64.05133242217634
3394,734921,0.224,454.79779812794106,0.2585,598.6654604782818,0.2795,815.9871865746204,0.28350000000000003,1371.0746221380869,0.2895,8212.992898175486
3395,734921,0.1615,62.965883173007725,0.1655,72.28531213923436,0.2185,84.53438317013365,0.2895,101.7648843312065,0.307,153.9741185048731
3396,734921,0.588,425276.6800414901,0.588,161391.32211817312,0.5855,42737.11375149187,0.5720000000000001,5699.449909664443,0.47100000000000003,162.1761585527691
3397,734921,0.5395,196.57717286223976,0.5395,198.59199281460727,0.513,196.95036125004242,0.509,190.06364777296022,0.4535,161.05211272833876
3398,734921,0.65,530953.2128016535,0.6605,732773.3093231609,0.6605,668634.600417873,0.6505,359314.9218186568,0.5305,21784.416607695464
3399,734921,0.20450000000000002,11.056103942426164,0.1845,12.258620170353229,0.17,14.088832412656327,0.1685,17.237778962037137,0.1605,30.438108661507197
3400,734921,0.161,65.67468091303253,0.153,70.4882402300663,0.151,79.35960869134472,0.151,95.16478534418127,0.151,145.56545180930584
3401,734921,0.4995,382.3070088460936,0.506,468.6693778920713,0.5075000000000001,550.7992492895047,0.51,620.8100784209556,0.508,623.8525445185379
3402,734921,0.5885,11542.997607990888,0.5955,32594.75561811875,0.5975,73034.89553583109,0.5975,114666.80471525468,0.5625,41280.236724406874
3403,734921,0.1385,49.20813056285386,0.124,47.30898254328739,0.111,45.87203990532273,0.098,44.76724265494974,0.091,43.7627528876477
3404,734921,0.5085000000000001,305.89482069453805,0.3085,300.2199462747806,0.3065,282.29419912800597,0.2705,253.34164474005073,0.212,199.0656953770873
3405,734921,0.1325,37.19777598548646,0.132,39.66348341495699,0.127,42.97108363677763,0.126,47.432370729755476,0.126,57.41124905962496
3406,734921,0.3755,2172.8182374480625,0.3785,1918.7008644317923,0.3925,1491.9845452474922,0.3935,969.6336274023769,0.419,278.44862757814224
3407,734921,0.181,41.526410122094845,0.1805,50.87406139075266,0.17,64.96920831107629,0.17,89.94785888233147,0.181,200.10503036664025
3408,734921,0.2175,209.28537131365502,0.2195,180.67246197116353,0.223,156.78438863666065,0.225,133.10832469029336,0.2425,87.75649990044329
3409,734921,0.271,729.8879536531715,0.2675,509.9293706529603,0.259,376.54222331542945,0.252,294.9078351971857,0.2305,223.79135046751324
3410,734921,0.243,217.4580879362578,0.248,214.04996077937298,0.2535,209.01006652985888,0.522,202.4564549980811,0.5645,195.84736140456982
3411,734921,0.41300000000000003,22.96699494327294,0.41300000000000003,19.017279128279398,0.4195,16.457105509319288,0.419,14.842998313295928,0.41100000000000003,13.968899570857062
3412,734921,0.34650000000000003,24.887379837377505,0.34550000000000003,21.423599376775446,0.338,19.171213023618304,0.2915,17.56805032553073,0.278,16.478405887456063
3413,734921,0.298,599.4884118009644,0.2445,497.437680294003,0.2425,398.1303323338658,0.23850000000000002,299.74905909546493,0.20700000000000002,154.6113037422942
3414,734921,0.1545,46.79985267653549,0.154,42.496629244193315,0.1525,38.857103726920464,0.1505,35.43752526507133,0.15,30.86813586322353
3415,734921,0.117,8.355990914565318,0.1145,8.659656830963872,0.10350000000000001,9.414452575424406,0.1015,11.061896029619732,0.101,20.306172009119074
3416,734921,0.17300000000000001,159.23464239194837,0.1765,216.19079361129917,0.1825,305.55859931903655,0.186,465.0613194778664,0.2125,1107.0623326105167
3417,734921,0.305,16.10080035862645,0.3055,17.417341109844823,0.3055,19.65789525924991,0.3085,23.848028259747778,0.31,43.3794962375468
3418,734921,0.261,204.1455161101663,0.259,118.12290003293076,0.23900000000000002,69.1046741206281,0.233,39.4060106814444,0.157,17.312229303967996
3419,734921,0.165,185.7991797545773,0.1645,267.7492720119032,0.1645,375.5281349040769,0.1605,516.7499581342938,0.1645,708.6065712206946
3420,734921,0.10300000000000001,10.918574462344282,0.10300000000000001,11.067410274333396,0.0915,11.604056365603492,0.1,12.875816461808942,0.1,20.233622493759245
3421,734921,0.2615,16.25275585700991,0.2785,18.24020773424362,0.28,23.080500202432777,0.28150000000000003,37.228751747376805,0.2935,186.4912641526341
3422,734921,0.234,9.620815452725099,0.234,9.969260163130548,0.234,10.489469125677408,0.2415,11.32878978600269,0.2895,14.621064358174525
3423,734921,0.20550000000000002,140.63967865893463,0.20550000000000002,137.6652825936732,0.20650000000000002,134.74831186485602,0.20750000000000002,132.03418677007832,0.2095,129.0301439707797
3424,734921,0.28700000000000003,552.286745518206,0.2715,262.29512705537627,0.251,119.64412159664947,0.19,50.43344377237445,0.145,14.048325068587726
3425,734921,0.672,3895.574048623086,0.8240000000000001,2536.664494234877,0.672,1292.7479999691566,0.4265,467.3837437022351,0.4025,87.0099458132582
3426,734921,0.2725,107.18482399624115,0.268,70.72144724364257,0.1575,47.85531281235035,0.1575,32.00029195245131,0.248,16.354968243630964
3427,734921,0.6425,54694520.79064026,0.65,36940867.59943842,0.6515,11535027.908335084,0.65,1240817.708403365,0.5115000000000001,8685.328513834784
3428,734921,0.248,24.24855249438771,0.224,21.972721026563253,0.222,20.199360784216484,0.1955,18.882999652390648,0.187,19.03304828166915
3429,734921,0.305,581.0457826745529,0.3035,288.41792917206595,0.297,138.66019014185463,0.2895,66.86650921288236,0.2105,33.447843210536035
3430,734921,0.28650000000000003,129.61146921816132,0.295,231.1257621264778,0.3355,464.62652725511396,0.3355,1061.6794876425424,0.3355,3919.130085983525
3431,734921,0.3855,96.91629957594958,0.4835,145.8032599585163,0.5295,224.7058604026174,0.5345,365.8736623217131,0.4265,831.6061101676902
3432,734921,0.2165,2708.219655457147,0.2165,3197.858044311014,0.2165,3441.2186222701716,0.2155,3259.3606329351064,0.213,1663.3044089659836
3433,734921,0.251,39.65755698071464,0.252,47.42495689380727,0.2545,59.90609801538352,0.2545,82.98310498269308,0.2705,182.16064334172745
3434,734921,0.5295,3832.5780311206568,0.5295,4418.3601884994,0.497,4500.825705524182,0.484,3929.864320961852,0.376,1785.8388368908404
3435,734921,0.2225,18.769711600384824,0.224,18.2380598498229,0.2405,18.46609728486625,0.246,20.177540203217625,0.253,35.17200763507462
3436,734921,0.1305,165.27233357219103,0.135,187.49738197319536,0.1555,211.6396140847643,0.1695,238.39223817040812,0.186,266.33782219225344
3437,734921,0.492,5777.309137348819,0.621,8678.603170529394,0.6845,11279.53842559881,0.705,12570.31067476578,0.707,12168.060090994644
3438,734921,0.214,12.827999194649498,0.2135,12.783070204787693,0.213,13.029244024449023,0.213,13.662142756864036,0.2135,16.48596366358373
3439,734921,0.595,952.031456807754,0.612,4330.570504227607,0.6960000000000001,23990.295078812505,0.733,170771.06606673903,0.772,1792814.2574511978
3440,734921,0.31,136685.94016406403,0.2805,123654.01963116438,0.263,92754.79818575186,0.245,53606.17189136046,0.2005,8313.759885336402
3441,734921,0.507,152.02961498178934,0.509,270.915180503377,0.509,532.6870788653658,0.509,1015.8112438132928,0.448,2018.5768638420318
3442,734921,0.199,7.044114325054002,0.1995,8.491308078416681,0.2025,11.017322007314382,0.20350000000000001,16.43819821491126,0.227,53.03125535757872
3443,734921,0.2205,21.233022916945256,0.221,25.507489992807756,0.2265,32.059110745507944,0.231,43.54665136333749,0.241,90.90475356828176
3444,734921,0.192,19.536134584570522,0.196,24.552003614437258,0.1985,33.3369797480098,0.202,53.3408703210229,0.243,235.25616023667112
3445,734921,0.2285,12.535713712973665,0.2615,14.64293252824535,0.2665,18.42573033852395,0.3,27.23412089562792,0.47450000000000003,102.10293313362229
3446,734921,0.253,72.25016528217847,0.256,48.73448221006613,0.2575,37.31648553768423,0.259,32.126535944505974,0.2735,31.20687063106804
3447,734921,0.391,2331.5057966040017,0.40700000000000003,2638.3767921657713,0.4615,2673.3984202693796,0.4635,2420.4082185647303,0.5730000000000001,1415.4609337832867
3448,734921,0.1265,23.133343926584747,0.11800000000000001,19.406181372115352,0.117,16.843256377957026,0.10400000000000001,15.153250786763744,0.10350000000000001,16.078232459196805
3449,734921,0.1055,18.875735029052098,0.11750000000000001,20.90806174234924,0.11850000000000001,24.545268172561624,0.12,32.21245057055867,0.1465,76.95571745682804
3450,734921,0.159,68.08461898919386,0.15,63.02995133247262,0.1405,59.39649715520458,0.1125,56.70001459003137,0.1065,55.78073195719824
3451,734921,0.41200000000000003,81.97640795988464,0.41250000000000003,89.53012949642186,0.422,101.3209059369033,0.422,119.00197172467789,0.41250000000000003,156.82770867899865
3452,734921,0.148,17.352516809319948,0.1615,14.923572527090224,0.1615,13.440966128693058,0.17200000000000001,12.79480833410923,0.203,16.85622202661704
3453,734921,0.3875,5071.0451667102125,0.40900000000000003,8034.030808554365,0.424,11016.190791795012,0.4295,12517.799592707055,0.451,6205.537058858136
3454,734921,0.4515,639.3030007546951,0.446,385.0415660818387,0.438,219.1084636248503,0.226,111.73978361480039,0.20700000000000002,34.21124421833053
3455,734921,0.1065,10.278872598367876,0.1065,11.542024064549231,0.1065,13.645743715554502,0.12,17.876915938146276,0.1555,46.51229445395017
3456,734921,0.1295,19.369747471626223,0.14150000000000001,22.384009518464207,0.146,27.595486849767838,0.1865,38.37650507294404,0.2655,99.69229095711661
3457,734921,0.1675,39.545262744050326,0.167,25.9195298806406,0.1635,18.5837454072489,0.1615,13.700008048326515,0.107,8.869759442869787
3458,734921,0.2135,179.44190088678644,0.215,225.3385695369275,0.2165,275.72279778447506,0.5795,327.44611126166285,0.782,368.5477668465587
3459,734921,0.1545,33.47053241934633,0.154,36.74236664488699,0.154,40.44964132341922,0.154,44.81126774910022,0.1555,52.091481712836995
3460,734921,0.2475,31.218187640354138,0.253,32.842883257282885,0.254,35.082870854690945,0.3775,39.390334094999716,0.432,95.5972650930416
3461,734921,0.278,22.327944246937868,0.278,22.873901468586098,0.278,24.4401718425392,0.278,28.084246332004447,0.2745,45.44828644751845
3462,734921,0.274,40.46783829513741,0.2765,41.727122894607106,0.2765,43.60115292643517,0.2765,46.91981465494973,0.296,61.63640726401232
3463,734921,0.2585,118.78867807777249,0.2675,130.62364712828162,0.268,145.73457603601372,0.268,166.90641425588842,0.2675,206.27048114615485
3464,734921,0.3995,893.1579195132665,0.376,678.2631797289453,0.248,505.39847908121135,0.2115,358.63605638618924,0.16,170.69264435289395
3465,734921,0.2245,128.8937438098081,0.329,141.15992150808424,0.358,154.1652529793923,0.498,239.73309196169566,0.777,13326.110839407835
3466,734921,0.274,464.5685979748042,0.2785,658.4329660710262,0.28650000000000003,938.8528272057583,0.2925,1384.3426305961611,0.3175,2678.0245411239825
3467,734921,0.07150000000000001,45.93552893834617,0.0605,31.839259304587674,0.0605,22.1359549803507,0.0605,14.869560380270848,0.0745,7.251798573785596
3468,734921,0.229,3852.9306635093526,0.23800000000000002,6869.774509009829,0.2965,11858.928375285797,0.311,20295.712045379314,0.3745,35728.52679816608
3469,734921,0.299,134.96813738831426,0.358,263.50098685007737,0.41000000000000003,529.3677944924414,0.4255,1130.3054390602076,0.459,3737.706058074684
3470,734921,0.4025,618458.5715094941,0.402,319834.5622201256,0.372,132420.77255980193,0.3625,40710.49719580871,0.3165,3244.7889374713786
3471,734921,0.21,136.72766576447665,0.233,219.1863369408577,0.234,367.0907576204042,0.247,659.4208847973143,0.293,1745.9054665632923
3472,734921,0.2105,127.81631660622661,0.226,119.54639191387467,0.373,116.32314926847987,0.423,124.16753765961256,0.444,231.2310083513537
3473,734921,0.2425,540.0911607836345,0.1785,307.71501584622007,0.177,192.03345572748748,0.167,128.8307093586248,0.121,77.6105983761615
3474,734921,0.446,278.2839576783879,0.5555,293.4295172446302,0.5710000000000001,328.23532068043045,0.597,475.8221645879498,0.6745,2530.239594346885
3475,734921,0.41250000000000003,577.784958612364,0.3875,392.46824822810237,0.3605,260.14817232776045,0.357,153.20400426650932,0.201,41.03082087015384
3476,734921,0.28550000000000003,241.09120493546186,0.305,314.58535528639936,0.307,465.8325499720069,0.312,759.3104050727231,0.3145,1320.691175709465
3477,734921,0.3555,473.5959815713498,0.3395,409.91554889329836,0.31,352.7587917005544,0.2775,309.50352557343376,0.23500000000000001,314.9289098773013
3478,734921,0.306,27.132469885491577,0.448,27.5041158446502,0.4525,28.2898052099278,0.4985,29.64753152591054,0.7105,38.90511048291945
3479,734921,0.2585,39.540255429870456,0.2575,38.6917509399766,0.2575,38.680434066787704,0.2575,40.03935376017169,0.25,50.32039553293392
3480,734921,0.855,651.4567906155778,0.879,1021.3028573592359,0.997,1642.1866202936244,1.033,2774.7734830618406,1.0935,5815.8699322407065
3481,734921,0.18,60.871795655414694,0.181,90.83915636373153,0.181,140.91318697118317,0.1815,236.9863077382756,0.2185,643.7823663673609
3482,734921,0.4915,93.26620485633742,0.547,70.41390689349667,0.5515,51.87570902261798,0.5855,35.32771164184325,0.5875,16.5053320232307
3483,734921,0.232,44.90913606527635,0.23450000000000001,45.32884741885632,0.2715,46.352121791595906,0.31,48.309787694162075,0.4665,55.60100002832175
3484,734921,0.6345000000000001,99019.16622409236,0.6245,32752.400741492078,0.561,6063.7671962211325,0.5155,705.1353106819525,0.387,216.13692013728132
3485,734921,0.373,340.2456886010992,0.383,543.1535800998333,0.3875,878.0418006282142,0.3895,1489.864108606794,0.3875,3517.1223312275547
3486,734921,0.2295,78.95801241917668,0.225,116.96002462503213,0.225,172.8553949090371,0.223,258.85770703358446,0.2225,457.582729359735
3487,734921,0.28350000000000003,99.22913218160426,0.274,99.52420883248396,0.269,98.60598086040532,0.263,95.96219317988512,0.159,86.04035513929034
3488,734921,0.0695,9.545561444624541,0.0695,8.591253935403918,0.07,8.039055828849072,0.075,7.895460733501202,0.0975,10.253903780972482
3489,734921,0.2915,244.45802894627792,0.352,310.0839325871237,0.357,389.162911278106,0.4225,488.81451322167914,0.515,679.6186915809402
3490,734921,0.4,330.67755114113567,0.3995,170.6143162394757,0.372,113.0729406206995,0.23950000000000002,90.50062349683493,0.2015,67.74141701490062
3491,734921,0.41150000000000003,208.0313542220244,0.41050000000000003,154.46522415738994,0.40850000000000003,109.33651987405963,0.37,73.28654040705686,0.361,40.40310773472423
3492,734921,0.4555,896.0116805028753,0.801,1063.6852839237947,0.8035,1189.948383059043,0.8035,1243.0485874069238,0.717,999.7023350607241
3493,734921,0.152,6.450260685073233,0.152,7.124771081783531,0.152,8.378414883781412,0.152,10.884316947970515,0.16,24.24610211531059
3494,734921,0.10200000000000001,6.51263919689933,0.1015,6.824102668899197,0.1015,7.390699008302001,0.1015,8.47696300092514,0.115,13.750433395958595
3495,734921,0.3795,277.5686115765682,0.393,388.67264580100107,0.3975,613.1786684977499,0.4365,1038.9991441749667,0.4935,1993.4175619100688
3496,734921,0.122,129.37305071849215,0.2775,182.20972029241906,0.323,267.6932155598939,0.331,418.52326581486153,0.4605,953.6214586663589
3497,734921,0.129,23.02379926164215,0.13,18.927169819123975,0.13,16.16055671515412,0.1315,14.2155108347531,0.148,13.248999975195055
3498,734921,0.1515,169.7621257683655,0.1515,135.61403208509242,0.145,107.49260833397122,0.145,82.81440146551091,0.1615,51.046234742904204
3499,734921,0.353,28.095801297947066,0.359,28.87322560481443,0.359,30.479681130516934,0.3625,33.68397858472796,0.362,47.95797070396243
3500,734921,0.485,86223.47430106747,0.622,49756.4151111232,0.6255000000000001,19525.272736629904,0.6265000000000001,4406.808860323203,0.4885,225.75197661954522
3501,734921,0.3285,28.249462987266597,0.332,25.716320946836426,0.6225,24.497103089597605,0.657,29.4908684159637,0.7345,681.0059318253783
3502,734921,0.2795,4005.176952369363,0.2795,3947.582532094132,0.28500000000000003,3461.0523224663575,0.28650000000000003,2569.7057161952607,0.3035,851.8313480662168
3503,734921,0.35100000000000003,239.14492594882452,0.356,335.30387505747416,0.3935,479.91119859600747,0.3935,699.3928903704008,0.3935,1345.0565021965247
3504,734921,0.234,95.79593115568477,0.2315,76.21342935407002,0.2315,58.067638948829675,0.231,41.70384051875505,0.2295,23.73781011361052
3505,734921,0.111,49.300949124658324,0.111,54.122872842123705,0.111,59.268527741878955,0.115,64.82147124149888,0.1625,71.86544910915646
3506,734921,0.231,28.45960965991751,0.227,24.1029807438463,0.226,22.19973974230457,0.2255,21.75935400935111,0.225,24.13619521869738
3507,734921,0.2255,300.85068449374984,0.2245,201.17325648714936,0.2235,132.28121900305882,0.2205,81.95636350553558,0.2185,31.707299858915462
3508,734921,0.1955,407.5592577261779,0.1965,380.0937030326587,0.20350000000000001,328.8259597556003,0.217,259.8883607385351,0.2515,144.6810186088608
3509,734921,0.155,25.066204845392996,0.1595,21.576573817367123,0.1615,18.99436418837005,0.1625,17.114219395849986,0.2175,17.548358337925162
3510,734921,0.1375,44.02681368257181,0.1375,52.23772806338608,0.1375,62.57661324053131,0.1375,76.60202778887947,0.14150000000000001,108.39223988783867
3511,734921,0.278,587.2181023314998,0.2785,341.59077406185827,0.279,216.5894429286312,0.2795,149.28380213762395,0.2805,100.21496773881695
3512,734921,0.182,57.267619060409785,0.185,66.60706288858685,0.191,79.95776698641676,0.2215,102.73999617069647,0.2795,197.54100287307054
3513,734921,0.2695,19.894215068649846,0.2685,17.861405711194536,0.2645,16.473909684628655,0.2595,15.705131151257005,0.252,17.07400070973038
3514,734921,0.167,26.189998537966176,0.167,23.75118036920722,0.229,22.269095365314644,0.2295,21.409189026333664,0.2315,21.47465019342748
3515,734921,0.3925,1070.8356692112216,0.3935,1288.9259381383386,0.3865,1378.6790198276049,0.3375,1260.48437683538,0.275,592.4409408683555
3516,734921,0.3015,83.62369187440638,0.297,86.70609780576953,0.2795,89.44166285346212,0.2775,91.63001523196877,0.126,91.50491962509749
3517,734921,0.766,5878.739849478745,0.7695,5842.514055379725,0.766,5765.184206726121,0.7605000000000001,5729.120646052531,0.6095,4861.579361369437
3518,734921,0.34900000000000003,187.4846912865605,0.3585,126.09238891795825,0.3695,84.95793808506838,0.381,56.200873850738496,0.432,29.05292819397485
3519,734921,0.34500000000000003,173.00543511524583,0.35000000000000003,247.38653504417698,0.34550000000000003,338.4847497926966,0.34500000000000003,447.338118709649,0.3115,608.8640926743303
3520,734921,0.3535,37.75215172482525,0.3315,34.6671456291499,0.268,32.33764186614538,0.245,30.23217686461877,0.2225,27.000563069800027
3521,734921,0.512,84.72410860180305,0.4245,79.33866333961106,0.376,76.72972059849258,0.333,77.67712282124018,0.20700000000000002,105.23215842095162
3522,734921,0.0695,4.302313688161728,0.08,4.389793252447896,0.083,4.662915479694957,0.10350000000000001,5.514020209040881,0.40650000000000003,38.793341279096964
3523,734921,0.201,25.199009028976985,0.1865,25.193752809278735,0.185,25.476235528494513,0.185,26.389744704601256,0.184,32.24676595028656
3524,734921,0.192,458.84365070680906,0.2,402.36301019173266,0.2,328.90669547775616,0.2,241.0487526758449,0.1995,104.85974907768508
3525,734921,0.322,299.24884953641293,0.3225,298.7691914359902,0.3255,272.0345352769272,0.327,222.58927897099778,0.3275,135.678340041583
3526,734921,0.155,14.718006164353021,0.1555,14.858916570070622,0.156,15.153409554967478,0.1575,15.660677765361216,0.20450000000000002,17.95238502192108
3527,734921,0.2335,78.561445526981,0.2635,98.40791389022219,0.309,124.29126827487539,0.56,161.72275618742393,0.5605,276.23759362291963
3528,734921,0.3435,13.946961602381146,0.34400000000000003,15.162453986749426,0.3685,17.322130471113375,0.371,21.606283664524955,0.384,45.44919424086186
3529,734921,0.32,736.4848790067017,0.34750000000000003,802.8672217500574,0.3615,866.4763945171585,0.372,938.6758832159294,0.383,935.8286875584695
3530,734921,0.1255,52.568891942213725,0.1475,53.15725054394394,0.149,53.87681625420674,0.1595,54.784692301252676,0.20650000000000002,59.624399233728184
3531,734921,0.3085,4732.499735377268,0.308,2656.158754673627,0.3065,1377.650558698501,0.2785,646.7101502136745,0.2725,189.443324210452
3532,734921,0.1095,7.767100337192978,0.1095,7.75307103385861,0.11,8.032415537227592,0.1105,8.849432173121414,0.113,14.330621850451868
3533,734921,0.3265,2432.448081522043,0.327,2677.2292854801663,0.3295,2637.9991378126915,0.3355,2194.1438273628773,0.301,785.6781233603563
3534,734921,0.1645,69.78486486651201,0.1635,57.49698314925884,0.1585,47.997204970873845,0.157,39.39748731046148,0.1525,27.140435021602617
3535,734921,0.28450000000000003,488.3193350595385,0.28450000000000003,594.6405366788227,0.28450000000000003,683.7910739944941,0.28350000000000003,741.1924399227754,0.278,710.868952515348
3536,734921,0.42,112.77386665130221,0.424,126.22354618978727,0.4265,139.85200191273117,0.4315,154.33285804024354,0.4365,173.63367673226628
3537,734921,0.227,33.142388266843916,0.23,34.648430728233556,0.241,37.64630385196869,0.2485,44.12720792014162,0.301,81.681274860074
3538,734921,0.453,3685.3567583601616,0.4495,2060.92840942904,0.436,1254.5870814037464,0.432,729.3816901869193,0.3605,211.79732920387593
3539,734921,0.3635,554.3270380188212,0.398,638.8968259195583,0.464,726.0831076236673,0.46950000000000003,806.1051903025148,0.481,815.4628209159989
3540,734921,0.1765,388.80226396618554,0.178,464.5452304933896,0.1815,544.9186418077118,0.199,636.8642636524266,0.209,790.3413989275116
3541,734921,0.23,40.88219124989049,0.2285,42.988311691645706,0.224,44.79894008582811,0.2145,45.89082835071818,0.21,42.69317134850147
3542,734921,0.20750000000000002,210.03424204608157,0.1975,114.712363458868,0.19,64.55946987441,0.18,37.356750578032724,0.17550000000000002,17.974103481588873
3543,734921,0.4665,657.685096058711,0.5925,804.0504953511271,0.64,1219.9185616366844,0.6405,2887.0824132830517,0.5765,15752.19021533907
3544,734921,0.3025,318.2921531891305,0.3025,269.51743468347314,0.3025,201.25179430312562,0.3025,125.51060170043642,0.28250000000000003,50.382410582786385
3545,734921,0.1935,35.16708850389649,0.184,33.98862151496693,0.149,33.216985978682786,0.1365,32.85201975662698,0.1365,33.925072291872965
3546,734921,0.28400000000000003,64.4138580467706,0.308,67.0290977235043,0.317,69.68129230401152,0.3415,72.88390292428936,0.39,81.83861086258472
3547,734921,0.139,39.37148133415093,0.139,37.87529449358097,0.14,36.24026309846013,0.151,34.29335743561013,0.37,30.7693620679585
3548,734921,0.1875,18.6664974204187,0.298,22.983005594550615,0.309,31.0133952522811,0.312,52.660675967594905,0.3575,419.7026757835682
3549,734921,0.23450000000000001,228.26522432861864,0.2265,244.73075305130337,0.2185,258.36126792077914,0.2185,272.0357604820539,0.2135,295.13603074554743
3550,734921,0.2195,112.2160757469432,0.2175,87.6245009744607,0.212,77.16761800401353,0.211,70.49086096884079,0.17200000000000001,56.134143047448056
3551,734921,0.2485,454.18448140769453,0.2595,793.2445721001778,0.2605,1400.970172064048,0.2645,2610.4352526155685,0.2745,6992.648097658803
3552,734921,0.2405,2247.34512896966,0.232,1626.1097035971984,0.2145,1172.5258366682726,0.2105,888.0486115323787,0.1845,730.4791070596981
3553,734921,0.9580000000000001,16622.812556602097,0.799,8773.976915597174,0.6885,6000.203711994981,0.6545,3414.8556212528624,0.455,639.180352521259
3554,734921,0.1215,19.994923887640255,0.1245,18.13749421723138,0.28200000000000003,17.075100717051416,0.297,17.665009332786582,0.308,72.33881844066019
3555,734921,0.124,45.952829597212876,0.124,53.348994969667764,0.1395,63.73669636701333,0.1555,80.5276860888005,0.299,140.8044892978492
3556,734921,0.98,415.917195039087,0.7145,453.1149163620208,0.341,481.0651038626094,0.2655,485.30058364038587,0.2525,423.42668808821446
3557,734921,0.313,69.56877097166131,0.3055,43.79538185672298,0.3025,36.88184090433487,0.276,35.99660440393189,0.202,43.35471630922429
3558,734921,0.2175,197.49814397063895,0.228,210.98184645269058,0.232,221.61266980323467,0.2655,229.3891939481059,0.277,237.47687112642708
3559,734921,0.148,139.5604798146218,0.1455,166.1399698915623,0.14250000000000002,195.97480555149585,0.14150000000000001,229.03480034090725,0.14300000000000002,259.0195109945826
3560,734921,0.4205,51791.58708689919,0.4215,41741.888837926264,0.5135,28381.860950787242,0.5235,15577.083435135592,0.544,3437.475280019925
3561,734921,0.514,1090.5209481980726,0.532,1710.705390862779,0.536,2498.2430772217413,0.5405,3269.5954884538355,0.455,2452.721658042648
3562,734921,0.188,120.14831211165497,0.1895,133.79853208726567,0.1905,157.3711719707247,0.2025,199.10478682059727,0.203,316.5758242716719
3563,734921,0.14100000000000001,21.24517383841729,0.14100000000000001,20.55972249150626,0.1445,20.571902431376664,0.1465,21.442158643815997,0.1915,26.651717118085728
3564,734921,0.2605,25.695615768804863,0.2925,28.87603493432619,0.304,41.02994698905113,0.3215,91.40586269610536,0.361,970.928871794581
3565,734921,0.20400000000000001,24.355336139184434,0.20400000000000001,36.05545084063656,0.20350000000000001,55.84658906345222,0.20350000000000001,95.66578111755099,0.192,310.7274082739081
3566,734921,0.3605,164.13048971023403,0.35050000000000003,183.27245330945905,0.338,196.12599757234767,0.3235,208.11067178430343,0.3,235.05958983937992
3567,734921,0.1985,220.45329665771774,0.1975,181.98875177093674,0.195,154.8841023632273,0.155,138.32590091679725,0.1545,135.81833504984928
3568,734921,0.2945,152.83567141001936,0.2955,133.24238035442357,0.2975,114.39842270756331,0.298,94.40862672560259,0.317,63.48782534272855
3569,734921,0.14100000000000001,11.32280477163424,0.14350000000000002,10.68014530210321,0.1455,10.234386707564637,0.147,9.984841504339872,0.188,10.925363229897629
3570,734921,0.1875,162.20736270505415,0.1865,115.80140129574416,0.1855,78.65347107448753,0.1325,49.14465258368599,0.117,20.685699828459068
3571,734921,0.21,126.78109835817003,0.2115,111.86933948369693,0.213,97.01297225480698,0.214,81.33733852779353,0.2275,55.23769207045964
3572,734921,0.9765,1959659.645944923,1.1,1475175.3925739413,1.101,468708.4983980908,0.9765,48149.082730673515,0.712,850.6580538741266
3573,734921,0.2265,14.657502459491333,0.2265,15.986653914611498,0.2265,19.617571105665316,0.226,28.50921658705136,0.2145,75.25539450537606
3574,734921,0.0985,17.685832124149808,0.097,17.36208491114652,0.0925,17.15879517083464,0.0925,17.096630791753082,0.097,18.104995148852733
3575,734921,0.1705,184.21246314421043,0.169,131.66446348967114,0.1675,92.87757235665032,0.1675,62.76419470515559,0.17,29.767533417571958
3576,734921,0.6385000000000001,17966.65059839992,0.647,23086.833983848075,0.6785,22326.390103552418,0.6795,14036.929403290913,0.607,1228.6929712775488
3577,734921,0.2135,30.157452464518187,0.2155,43.15478684270595,0.22,64.32583694373733,0.245,103.77798287663445,0.3055,274.38399881143226
3578,734921,0.5145,5231.92271405168,0.615,10618.361303036812,0.628,18973.692160468043,0.641,27958.367634812923,0.6285000000000001,16178.027571289565
3579,734921,0.176,29.308396821189284,0.179,35.00478198575294,0.28250000000000003,43.27094264798756,0.3015,57.262004060076336,0.355,125.02082559509053
3580,734921,0.311,901.1143107375817,0.3255,1188.760949682807,0.453,1584.1203007282159,0.46,2425.44908696311,0.5795,13354.595659974495
3581,734921,0.297,180.74635448314322,0.331,239.92307432073625,0.34800000000000003,310.88531531319876,0.3675,434.7369248715188,0.34750000000000003,1958.0620297514938
3582,734921,0.20350000000000001,31.162039367859414,0.20350000000000001,34.39968955555717,0.20400000000000001,38.5911010527204,0.21,44.62940618310667,0.2195,62.7328952714775
3583,734921,0.40850000000000003,102.60762332697952,0.496,233.30933249664983,0.512,527.8300755099808,0.5415,1115.5142666375764,0.5995,2100.5466586444163
3584,734921,0.1345,78.59696773234863,0.1345,107.25751735220541,0.1355,151.60660814028492,0.136,232.02896785518107,0.1605,571.2241049410875
3585,734921,0.1485,120.66111110779552,0.1485,99.04812238787066,0.149,80.49558915460901,0.152,64.18844197754683,0.17200000000000001,48.208330101519024
3586,734921,0.20800000000000002,25.398164548996824,0.2095,30.83098849786844,0.2225,40.227844955942274,0.231,59.918303202238114,0.269,175.87853252392762
3587,734921,0.3195,24.30545648311122,0.316,21.993588954736463,0.148,20.483752752030057,0.14150000000000001,19.744043182734327,0.1215,22.353280953776526
3588,734921,0.24,271.70418827785574,0.2415,235.1011364283641,0.248,196.19643390248237,0.277,151.95324640585056,0.3165,78.49781723301281
3589,734921,0.3185,330.2045096861449,0.3085,272.61170381642796,0.272,226.49392431637756,0.2315,189.02184570385103,0.223,136.3194461640141
3590,734921,0.1805,217.92384550814072,0.1805,156.62365844636278,0.1645,111.87100341636275,0.1635,77.13689855617835,0.16,39.25286348128694
3591,734921,0.1335,19.585755522547387,0.1445,22.054883710277018,0.145,26.08607415633549,0.1465,33.6639061314604,0.441,71.45371032896097
3592,734921,0.225,88.37809295595137,0.2315,85.7161875618312,0.308,78.82522079522994,0.313,67.46777249467063,0.34950000000000003,44.909889908993634
3593,734921,0.4365,504.76707566817237,0.4465,655.0947807947828,0.457,827.5024216478197,0.4595,1049.0888425342662,0.4505,1163.7778274946077
3594,734921,0.258,419.4276483481989,0.257,564.2447602998255,0.244,749.4745492538958,0.2435,978.7225914287611,0.199,1203.9031423569122
3595,734921,0.2205,88.95102468939304,0.2175,76.54052880109298,0.214,66.18356277866377,0.183,56.76119833165867,0.1765,43.50528940105314
3596,734921,0.0885,21.589301565713658,0.081,16.236496461753028,0.0785,12.418086427731785,0.0785,9.48950381356703,0.081,6.50195793501573
3597,734921,0.2115,466.5799189295236,0.215,462.04693554093757,0.23800000000000002,443.0245086681943,0.273,407.800096480675,0.3135,310.91010231376885
3598,734921,0.3095,60.40513740885357,0.3165,68.91090266408543,0.335,93.2261116113316,0.34450000000000003,172.19533204013018,0.5745,1049.0123714045146
3599,734921,0.1555,40.09497003251769,0.1555,27.192503535052015,0.1555,19.320141925323213,0.1555,13.820123077815841,0.1975,7.985863748301092
3600,734921,0.399,1362.9910995852483,0.3005,697.9099239772007,0.28800000000000003,336.2126544054058,0.23650000000000002,144.09521572616293,0.156,34.85801336833579
3601,734921,0.2135,3324.0959950731362,0.232,6824.6647056296715,0.251,12650.679792217796,0.252,21240.16020425176,0.292,34981.743739633304
3602,734921,0.137,39.98874121210642,0.14100000000000001,45.906123035567404,0.1795,53.68000603495358,0.198,64.88328878753454,0.2005,95.76456069365265
3603,734921,0.377,55.51075215730644,0.334,42.92837971218667,0.23,35.901773481307536,0.1375,30.79368813508224,0.133,24.36039749014513
3604,734921,0.2605,29.64099780299762,0.2605,23.449331943070305,0.23750000000000002,19.89372277370052,0.2325,17.504020841935052,0.177,14.8232875544884
3605,734921,0.20550000000000002,10.63659816312149,0.202,8.84723440659551,0.194,7.6057158934909594,0.185,6.717345421106182,0.124,6.434245669955541
3606,734921,0.1595,45.26048005249676,0.176,37.484011121125384,0.1935,31.79583355927722,0.1985,27.56941700242881,0.2095,24.466013449184704
3607,734921,0.8300000000000001,9813.285814055218,0.8335,8441.80105534824,0.8260000000000001,5676.5269539704705,0.7935,2768.7511940884547,0.468,368.9728740982302
3608,734921,0.227,239.8696066365067,0.23600000000000002,368.8167840197118,0.2535,560.399369502577,0.275,874.0633386356585,0.34600000000000003,2204.78717254859
3609,734921,0.10350000000000001,79.28742901767983,0.20350000000000001,98.29147461491968,0.20600000000000002,121.83818847951441,0.20800000000000002,152.48696048092899,0.295,215.83099937850298
3610,734921,0.1665,87.59545493501082,0.1635,79.33714977312187,0.1635,71.58703347459681,0.1635,63.74203590773281,0.1635,55.60684505721695
3611,734921,0.6795,1346713.7954973471,0.669,1288089.8526479106,0.6315000000000001,780315.0353275078,0.488,245673.46770958795,0.2695,3373.0997215636326
3612,734921,0.1835,46.365647655866034,0.20650000000000002,58.72063613016421,0.20800000000000002,80.08063724715358,0.273,125.33575923574433,0.3345,380.34793065786715
3613,734921,0.21,9.769233938046781,0.2275,9.873381512805048,0.23900000000000002,10.246671280535729,0.399,12.264789686816563,0.6775,2426.0889961659336
3614,734921,0.243,96.04271975091541,0.255,123.86129136255241,0.331,173.7351202299355,0.363,264.3628640636117,0.41600000000000004,700.537180789296
3615,734921,0.1525,10.587920311166895,0.146,12.357666096893567,0.11950000000000001,15.336775406472656,0.117,20.84830220836557,0.107,45.23770160435646
3616,734921,0.1985,102.45424568225384,0.2025,112.54919617606382,0.203,126.29468510353071,0.2255,146.0905349502708,0.23500000000000001,190.49918297421414
3617,734921,0.201,445.6453813061238,0.191,398.3886887352939,0.1565,343.3744289832399,0.14150000000000001,277.800662574717,0.112,157.59891425810704
3618,734921,0.1065,23.678186407571772,0.108,33.903194449424454,0.1275,50.336344703942096,0.13,80.61231856830209,0.14100000000000001,209.31323605862687
3619,734921,0.2405,8834.154812486506,0.23950000000000002,7721.10223349315,0.217,5843.046019787871,0.20700000000000002,3554.903729497645,0.1925,709.6455491331392
3620,734921,0.155,21.35145947288176,0.157,22.5339273509286,0.1575,24.484538455878173,0.1575,28.07944547031224,0.168,44.528949792160766
3621,734921,0.5065000000000001,128.1926867212888,0.5015000000000001,101.98445221098666,0.4945,76.9591285409559,0.482,54.18952485840622,0.443,30.209005871721395
3622,734921,0.424,46571.921678407285,0.424,48512.337485152006,0.4255,40450.76216113196,0.41000000000000003,24352.10091990676,0.382,2988.6981593872147
3623,734921,0.547,123.19854316922108,0.5765,142.11707976327128,0.638,162.26708139852434,0.6855,184.48263883346718,0.7805,211.62877342606356
3624,734921,0.406,93.32432378213288,0.4055,96.7516373021979,0.402,99.32017006033627,0.399,100.46861751323098,0.3905,94.89658243610683
3625,734921,0.289,5146.814317350831,0.2775,1699.1647401559471,0.267,575.9514763607217,0.228,212.7918601533528,0.154,98.1158389534593
3626,734921,0.262,1124.333541548628,0.2635,1522.4468536480806,0.2695,1931.6864813148925,0.2895,2303.3065573744107,0.305,2364.636167940797
3627,734921,0.2785,3055.28417473663,0.274,2228.6518664091327,0.273,1465.3010431841467,0.2675,807.3918390370508,0.255,192.29292360116526
3628,734921,0.342,368.77315541887384,0.342,301.16277508894103,0.3405,226.93859240638673,0.3385,148.7086809212046,0.329,48.674596943614794
3629,734921,0.165,563.6597636095715,0.165,642.7090516447859,0.165,703.6432849460591,0.165,718.6857137164026,0.168,488.2724605822467
3630,734921,0.304,47.18206912636438,0.3175,59.876091606232976,0.3565,78.82210838494284,0.3955,111.47461767168912,0.4915,213.29382506807065
3631,734921,0.3765,604.8023017614107,0.357,539.4525839718461,0.3565,437.429645411072,0.355,329.57469960710426,0.272,215.38771186135827
3632,734921,0.3105,324.9246573019321,0.303,313.87006872409086,0.302,294.41777765860274,0.296,265.36279708359234,0.184,197.41451092061325
3633,734921,0.16,14.12524995411113,0.1615,11.666508109667777,0.1765,10.602388902368629,0.1945,11.678070303986644,0.3595,38.598527475475265
3634,734921,0.268,543.9526141299801,0.263,409.76159087530925,0.231,308.0587501601057,0.219,216.85678601189318,0.164,94.24949852596706
3635,734921,0.23450000000000001,439.02264939893246,0.221,316.8401800046342,0.2015,220.2975829057363,0.169,142.30924055132598,0.163,59.258009795322735
3636,734921,0.22,169.51632783150023,0.2155,144.36676274546738,0.2145,121.41709557476683,0.2115,98.74356972989933,0.211,64.09355927636462
3637,734921,0.2245,153.8363838646443,0.23800000000000002,136.48642561633937,0.23850000000000002,118.06660458471822,0.2405,98.3091355774921,0.267,71.55523234967303
3638,734921,0.1905,1854.3162175311397,0.201,1613.2748719070764,0.2175,1330.1090017657407,0.311,1035.095083300417,0.3645,741.5461740354023
3639,734921,0.1345,53.05979281303855,0.203,55.59300582420565,0.209,58.9566357403903,0.225,63.96502900558823,0.23900000000000002,79.1513145155608
3640,734921,0.359,1572.4593287836865,0.388,4365.619716474431,0.392,12154.327498381788,0.503,32964.98660310894,0.5725,83032.38132059829
3641,734921,0.645,210.59896249689118,0.679,2179.716418307627,0.7005,18599.126475873793,0.706,118297.81743112097,0.706,273114.7159652707
3642,734921,0.1765,766.3975133910142,0.17450000000000002,582.9967436200563,0.1625,415.0248700827319,0.155,267.45764280549366,0.1525,106.12107803166406
3643,734921,0.3205,749.4143496987883,0.321,868.6798262637219,0.321,909.4592550160361,0.321,815.6951405121587,0.32,382.59108385291535
3644,734921,0.28650000000000003,63.89571045700639,0.3015,62.443825166068464,0.4445,62.45976138783254,0.452,65.75097565717999,0.62,561.5952857654208
3645,734921,0.1455,78.94922121324824,0.14400000000000002,89.56065548229085,0.14300000000000002,102.72815918886879,0.14400000000000002,119.63016037077811,0.1475,147.01648004599227
3646,734921,0.5445,2974.532919956189,0.545,3917.296745020656,0.5445,4458.333416141213,0.526,4351.637049725227,0.377,2514.9151049717507
3647,734921,0.17350000000000002,35.19496507944887,0.1715,34.61506038404594,0.171,34.12581066779985,0.1705,33.652429966599875,0.17,33.28652304825341
3648,734921,0.255,158.84753224992835,0.255,137.5838872942777,0.255,118.60324992595464,0.255,99.21740024555811,0.20450000000000002,64.5671664131755
3649,734921,0.25,74.70021916273201,0.25,48.93957430723996,0.25,35.57674622438517,0.25,28.284961835630746,0.2505,24.3328289840781
3650,734921,0.3315,118.17809866028311,0.5425,170.9993678879647,0.6235,253.47287178126345,0.683,398.7678891602343,0.724,934.0213501532141
3651,734921,0.34950000000000003,21739.358836893876,0.34950000000000003,12144.67447186089,0.34700000000000003,5943.021610932985,0.337,2420.602863965474,0.3275,355.7120236503659
3652,734921,0.277,70.74224721842202,0.228,66.68349767776367,0.1885,62.88914511123546,0.17,58.63572591373381,0.146,49.90228651996237
3653,734921,0.28650000000000003,3354.6767228562176,0.23800000000000002,1678.4250756943823,0.228,769.0456684250951,0.201,307.77757656226976,0.156,75.92298298000668
3654,734921,0.2895,44.78151192307226,0.2895,72.75783806155187,0.28550000000000003,129.32061487191916,0.28450000000000003,259.1996670575634,0.26,932.7925418634991
3655,734921,0.151,32.44545838705107,0.1515,24.631250586650015,0.1515,19.811789090876818,0.1565,17.214556467621538,0.161,18.85583983872236
3656,734921,0.161,216.84826629762892,0.1785,272.3675618338172,0.276,334.9743649650177,0.303,416.78095084946034,0.36,688.6110368543447
3657,734921,0.14200000000000002,53.07437825197159,0.14200000000000002,38.29486588261727,0.14250000000000002,29.622022741719263,0.0975,24.315633187550404,0.097,20.978047776685347
3658,734921,0.1505,27.20390619093406,0.1625,23.483710079823577,0.23450000000000001,21.20995832438289,0.2495,21.908667516402208,0.2895,90.26178914135896
3659,734921,0.1495,214.7966268677379,0.153,202.59010541895458,0.1695,184.01091414395805,0.17550000000000002,158.3196769426484,0.2315,106.54935287908361
3660,734921,0.23950000000000002,168.35633288715897,0.23950000000000002,158.07787934410734,0.23950000000000002,153.30483677118744,0.23950000000000002,159.11294468530153,0.23950000000000002,209.5384146948372
3661,734921,0.262,199.9629293548304,0.2655,112.35263438086061,0.2655,68.03671265885377,0.2665,44.85055308660773,0.269,29.02428181095124
3662,734921,0.166,7.572739713644984,0.1535,5.796291598754138,0.147,4.856848047860572,0.1455,4.303356804801486,0.1225,4.18633593938498
3663,734921,0.2095,296.0634838241387,0.2095,197.84390056645543,0.2105,129.3838575531598,0.2315,80.71167901828602,0.23900000000000002,36.87446826821886
3664,734921,0.2695,76.9791744634833,0.28250000000000003,105.58567106052507,0.28150000000000003,182.4716073070603,0.2805,428.99538347470707,0.268,2575.573744445969
3665,734921,0.719,147720.10574370812,0.708,14554.681013284862,0.6525,856.7183903796183,0.5680000000000001,74.171976909268,0.2685,13.31626445224215
3666,734921,0.229,41.887614871425555,0.1835,43.334239863779885,0.168,45.9331415859303,0.168,50.02219730982284,0.1505,62.93524715070773
3667,734921,0.395,931.3919710223352,0.423,2495.9535177036155,0.447,15268.7740667273,0.455,133918.2493928294,0.6165,2161875.6845408217
3668,734921,0.3595,401.8364466990875,0.3965,437.70188361844663,0.3595,462.0874271740271,0.359,474.70596326988107,0.3585,437.7302104074175
3669,734921,0.219,1750.479849028163,0.2145,514.9743275600033,0.1955,165.42631258357534,0.1805,64.09008552091097,0.1705,27.841657666503146
3670,734921,0.293,626.0108978405106,0.291,619.2372959766175,0.2435,582.5955755667874,0.23700000000000002,512.3853519909956,0.2125,340.61140353812834
3671,734921,0.364,1398.2449976619878,0.364,1776.3208652067663,0.362,1950.3601416086465,0.3545,1854.3261247882754,0.2795,1133.234510271433
3672,734921,0.3105,718.0646378073733,0.2935,124.53794145734173,0.245,33.81965922223956,0.226,15.028830460104448,0.14250000000000002,9.068812739778316
3673,734921,0.11850000000000001,49.053328812531866,0.11850000000000001,46.73801310671508,0.127,44.866657082375625,0.131,43.23328669308276,0.14150000000000001,41.347566379840096
3674,734921,0.23900000000000002,411.3892302964589,0.23800000000000002,103.62665661275446,0.23600000000000002,29.91477150778155,0.224,11.567502595909591,0.2175,5.800972080799595
3675,734921,0.23650000000000002,82.23059136139359,0.23650000000000002,71.63083313584876,0.23650000000000002,62.559168679611055,0.23650000000000002,54.035303317946,0.257,41.659587212046226
3676,734921,0.3875,147.77999764192404,0.387,72.99020632014978,0.3855,36.95906091794809,0.201,18.557046430733408,0.1905,7.213114935448016
3677,734921,0.41100000000000003,146.93114976247278,0.44,282.948945015596,0.4585,717.2784746398883,0.47150000000000003,2855.1434999245853,0.515,83786.2164130839
3678,734921,0.3635,37.057749174957905,0.4015,43.27383419681313,0.421,57.30887014061254,0.4355,95.54136923928215,0.4825,535.037872976892
3679,734921,0.2015,11.583047901059341,0.158,10.81495473365086,0.1345,10.35361953397484,0.134,10.169095907376994,0.1345,11.06317359879309
3680,734921,0.2415,55.71744109192704,0.243,101.01245185511706,0.2435,200.48000201327952,0.256,459.61590242624743,0.2795,2486.7744461002953
3681,734921,0.3285,307.2193603699201,0.33,308.8631364659598,0.331,295.71242968207736,0.3325,266.70907252012995,0.3325,200.57909798933093
3682,734921,0.1135,7.686926484630082,0.1135,7.46385644257002,0.1135,7.470402695835082,0.114,7.797365999146584,0.128,10.326362768294189
3683,734921,0.1455,16.895372555924375,0.1395,16.81446177174744,0.139,17.167536712491145,0.139,18.133115052784664,0.139,22.592406852397698
3684,734921,0.353,20.846258971833016,0.33,17.691184254586286,0.3275,16.65085015582786,0.326,16.746570516689417,0.145,19.872038134281038
3685,734921,0.1355,124.0064603643518,0.1365,156.7619378995554,0.171,193.49908945311864,0.17250000000000001,235.60432746308146,0.3005,293.9012745732554
3686,734921,0.4325,525.1716785327841,0.436,462.9271137727327,0.436,417.21501931895676,0.436,395.4507116904354,0.392,375.69068822586866
3687,734921,0.098,24.22186869808347,0.094,23.888082216058944,0.092,23.92104447063321,0.09,25.062595801814684,0.0795,42.7959157572674
3688,734921,0.2535,10.965721881765788,0.262,11.778652033799347,0.264,13.300359457377692,0.2675,16.261016389856106,0.3355,30.954257200446403
3689,734921,0.391,71.58543386133262,0.3905,88.09939712902687,0.3865,111.92545214144602,0.369,150.90638718992156,0.316,277.8543362332145
3690,734921,0.4255,236.12900583104286,0.41000000000000003,209.78008767857926,0.3815,184.75039955269713,0.211,155.5445989082725,0.1655,96.534943084653
3691,734921,0.5255,3071.794789091613,0.4885,756.0707710825601,0.47500000000000003,190.9512280853105,0.4515,67.11142249172238,0.31,32.833239037829884
3692,734921,0.502,1468.2477096399064,0.531,2624.1476444976643,0.719,4411.069044894421,0.7355,7035.910894794554,0.8555,10253.97842258259
3693,734921,0.135,176.82632361424947,0.1315,187.85377284455,0.1275,190.38464314160848,0.1235,183.43264307572116,0.12,151.4243970698067
3694,734921,0.395,29.204656106529285,0.376,22.91580394648612,0.3755,18.868345280977834,0.202,16.601460159819904,0.17300000000000001,19.317804212093616
3695,734921,0.2805,81.23685434968596,0.2805,82.42392446029815,0.2785,81.53460622151118,0.2765,77.87979832018098,0.241,66.35093181099113
3696,734921,0.2765,458.8067083646258,0.28800000000000003,827.9742441353588,0.292,1407.8297471109727,0.3685,2149.2667697245256,0.394,2148.1066547066157
3697,734921,0.164,22.422009373832225,0.1695,31.907468815877753,0.1855,50.73247185393495,0.2735,96.14670224512741,0.3115,453.81696290041015
3698,734921,0.22,189.84790692961005,0.22,155.32848321176715,0.22,115.35941168048511,0.22,74.65795251475656,0.2195,28.211234870711845
3699,734921,0.166,101.64085046638891,0.1455,72.95605482490397,0.1455,52.46116906921662,0.1455,36.82484917726606,0.166,20.062517878930027
3700,734921,0.11900000000000001,93.69768787729818,0.11950000000000001,75.23704275992922,0.126,60.40281694114713,0.126,47.40570731978119,0.14300000000000002,30.20149296832343
3701,734921,0.556,10492.412900306084,0.5745,24710.503283454942,0.7865,71586.74890980167,0.7985,248967.32046341395,0.8045,981203.8689071062
3702,734921,0.4815,19466.605410499567,0.455,21545.519875017664,0.4325,19441.130078144935,0.3375,14145.008529945811,0.2755,6533.1063464231665
3703,734921,0.2545,927.5852740420393,0.26,2536.53797872431,0.267,8204.298264345505,0.277,27994.23043773065,0.279,118791.40760615242
3704,734921,0.9705,7575615113.756662,1.0555,4820430430.078392,1.1465,1356268009.2608764,1.1845,124965674.51032159,1.1455,288862.166005577
3705,734921,0.1895,73.24366870640267,0.191,65.13587673909485,0.202,59.771914501509116,0.20750000000000002,55.749366033533875,0.219,51.43237128914591
3706,734921,0.511,71.79847197184299,0.521,217.59375373373481,0.53,747.1632065790089,0.6455,2712.8960943877446,1.16,13476.196551731946
3707,734921,0.3795,7652.806273725553,0.3805,13395.65757239481,0.3805,21275.99938434435,0.3795,32159.399758126085,0.379,45284.35699992678
3708,734921,0.372,427.82439554780484,0.372,476.8532579875642,0.372,488.7791460057934,0.3615,447.1593051492774,0.3595,259.92940085628993
3709,734921,0.3665,5525.951054763809,0.3665,3184.6436630285957,0.34900000000000003,1391.093093690555,0.3145,444.55589501009206,0.2885,75.55435101607591
3710,734921,0.5165,3256.8410085981945,0.5165,7012.910496136344,0.516,13091.36124632831,0.5125,22126.454439235047,0.486,35674.83178993702
3711,734921,0.245,11.28186986392146,0.2435,9.822056253413923,0.2435,8.806614758847175,0.2305,7.99408461967474,0.2275,7.212662476325866
3712,734921,0.156,70.68384064943308,0.1655,73.75988739262516,0.197,82.49924488167142,0.2635,103.7040956442505,0.317,255.16137684103123
3713,734921,0.322,291.33051473533305,0.3905,461.68070447163376,0.4395,723.4869936405347,0.5640000000000001,1132.580452871519,0.607,1940.822943151964
3714,734921,0.17550000000000002,23.661458683767222,0.17550000000000002,28.784550803747795,0.202,36.82185539035565,0.20500000000000002,51.7834230766919,0.2575,126.94391575155421
3715,734921,0.3315,190.7083635071351,0.332,166.32459770224705,0.332,147.13567802698932,0.332,130.54024572539717,0.3315,99.46994173746064
3716,734921,0.217,727.8587051685347,0.2115,657.7862274368132,0.1905,536.9983660605325,0.189,382.28516837378396,0.1785,155.19526717698125
3717,734921,0.13,12.854244556197598,0.1155,14.233166055966835,0.113,16.676356903023947,0.113,21.72347426025689,0.113,52.53151419949759
3718,734921,0.306,146.50403677640813,0.3055,113.18388325916683,0.2965,96.13498226824112,0.28750000000000003,92.5524641578376,0.23800000000000002,120.04421547780997
3719,734921,0.2205,16.33597757747514,0.225,14.196601578896129,0.23450000000000001,12.562649136797411,0.2615,11.285585355019279,0.393,11.484923423881728
3720,734921,0.1555,106.22974947779184,0.1525,92.21099613209608,0.1515,88.95375635982207,0.147,93.42304280422464,0.135,125.91033224516615
3721,734921,0.2235,61.674195494827096,0.213,78.07971916678785,0.199,108.21980320850946,0.1925,170.62814968109655,0.1915,436.17129713071665
3722,734921,0.581,2916.6716952354304,0.5745,2684.4471153015443,0.5035000000000001,2312.558553514395,0.492,1732.7741410378546,0.352,553.0112753288516
3723,734921,0.749,591841.1036457946,0.754,619209.4241622268,0.7375,446654.03444604395,0.7015,218334.78454927044,0.544,26568.697371404516
3724,734921,0.15,73.7807737946754,0.2405,57.526256924367075,0.2585,45.226568764385796,0.32,36.94036132938979,0.51,93.20995946818752
3725,734921,0.179,53.60673504655652,0.17,49.593207927557245,0.151,47.42905582199013,0.151,46.092435250494084,0.1495,44.46487324181526
3726,734921,0.4935,3239.7000210105157,0.5,4648.1846925207055,0.5,4791.737296180052,0.493,3057.7831217414805,0.48,300.07883640178864
3727,734921,0.4265,178.10936923269864,0.3865,100.95290970408422,0.3595,78.80072313414793,0.327,79.99630477127849,0.23950000000000002,107.82494076866148
3728,734921,0.587,1509497.4160558279,0.582,674958.5615663276,0.559,257249.7954589072,0.538,82700.19467796663,0.4235,3593.5158404280237
3729,734921,0.5660000000000001,7115.050826769316,0.6955,4954.647739023575,0.747,6554.41688211741,0.758,16383.279401402373,0.767,34006.0175418246
3730,734921,0.1675,1316.315499121406,0.1775,1017.615007563962,0.184,751.8320996770764,0.2165,535.20923763244,0.2965,323.0464056420506
3731,734921,0.165,26.1799273065071,0.185,31.93913035672214,0.199,41.26663049649145,0.20800000000000002,61.523802951666454,0.6875,289.1648250911858
3732,734921,0.333,88.03891828023544,0.2475,67.72854415377672,0.2455,53.96972318988728,0.244,43.10538556626714,0.23700000000000002,29.027847756295433
3733,734921,0.559,1321.6018287591057,0.5825,2606.2075739255056,0.642,4972.971205996182,0.656,9358.840801763328,0.665,18200.488988240904
3734,734921,0.1975,348.67742523960567,0.296,1220.1130024826366,0.5765,6212.046182682642,0.6745,41717.67536915322,1.1075,1352535.395153842
3735,734921,0.1795,19.995174731215922,0.17400000000000002,23.66469550434792,0.17400000000000002,29.00053354827312,0.1795,38.2660048777974,0.195,80.57957109464152
3736,734921,0.2335,73.19228517454346,0.23600000000000002,70.90189844833554,0.23650000000000002,68.11544777118533,0.23750000000000002,64.75564007704088,0.23800000000000002,60.58343680797544
3737,734921,0.6755,2323.575541529654,0.647,1304.5065591211892,0.64,844.6782983125694,0.583,603.1769049820596,0.272,245.72081098430385
3738,734921,0.20500000000000002,42.70351761857347,0.178,29.529172874252602,0.157,21.724020282619424,0.152,16.65300940111951,0.1355,12.239474224521569
3739,734921,0.3845,763.4082514308989,0.3855,761.2275178267254,0.389,696.2674033315914,0.6475,588.7053781325191,0.7745,369.7814060881763
3740,734921,0.551,520.9817265619004,0.5435,351.34658283473516,0.462,226.16165851419473,0.4465,138.3350288041355,0.272,73.69520599079769
3741,734921,0.67,11166.513914625884,0.631,4539.26134462852,0.5660000000000001,1497.3735984423058,0.3055,407.7241949081176,0.242,101.02924893258525
3742,734921,0.446,2133.976313494843,0.4435,1175.6904047463597,0.4325,631.4556463055188,0.41350000000000003,304.592922099654,0.34600000000000003,65.07678813414812
3743,734921,0.107,24.003825299008408,0.10200000000000001,20.274374451010498,0.1015,17.57387597250061,0.1015,15.563563630784865,0.10300000000000001,14.744885263998176
3744,734921,0.121,21.90551775294213,0.124,22.283208101190816,0.124,23.05779046586585,0.1265,24.393198518725843,0.148,28.83657395798194
3745,734921,0.1805,45.756868985719606,0.1935,52.30509284077152,0.194,61.89518696127958,0.194,77.08837343407666,0.203,123.76157998560312
3746,734921,0.35150000000000003,338.21182511821615,0.2785,195.35327949031353,0.148,111.24434174856026,0.1465,60.28574883191962,0.14250000000000002,22.735577508263336
3747,734921,0.47700000000000004,1158.5859834964124,0.4855,1659.902352466487,0.4485,2298.294099889724,0.4475,3095.8613836959607,0.322,3703.1725330284876
3748,734921,0.3885,273.7369348248832,0.3875,291.9618502889689,0.387,303.3012107424529,0.3865,307.6760918915173,0.253,298.72837263278376
3749,734921,0.194,158.36982196936913,0.194,150.9972977388409,0.1975,141.3059370883924,0.2015,128.02436549065538,0.20500000000000002,100.58921344209175
3750,734921,0.225,63.75505171442062,0.20550000000000002,68.76438808245197,0.1665,74.77802310726302,0.127,81.94056395823677,0.1265,92.6771369506584
3751,734921,0.589,10882.070801389511,0.6295000000000001,8163.743263133214,0.6890000000000001,5338.202815394436,0.7345,3140.9183517413317,0.979,717.7878405699271
3752,734921,0.1275,24.602735731272617,0.1275,25.331499460034472,0.1305,26.789626690710357,0.14300000000000002,29.693141392655285,0.1715,44.473686244675164
3753,734921,0.1475,65.0142563096809,0.1535,58.319876555413224,0.185,56.200542196661864,0.20450000000000002,64.2584712090419,0.2945,283.3371069137775
3754,734921,0.3875,45.040747398434476,0.4185,55.112092993015324,0.4335,83.61721402457458,0.483,167.13743503778744,0.5215,425.73519366951894
3755,734921,0.659,7820.54986608385,0.672,9286.202227158592,0.6915,10536.959239084048,0.6955,6691.242139615744,0.6825,235.54652936929938
3756,734921,0.364,28.549902266223047,0.3875,75.80421728450224,0.399,244.94353916731762,0.4595,937.9505484914832,0.5595,6916.97428974942
3757,734921,0.2255,281.9828291937332,0.277,322.8056352898033,0.2955,353.8815082752841,0.298,378.2800363849569,0.3185,490.7255808063457
3758,734921,0.202,14.186142634702565,0.202,14.543970783348776,0.2015,15.599193883683876,0.2015,17.874969577298792,0.169,28.55709845004268
3759,734921,0.426,71.79290839930131,0.422,51.78692265668127,0.41450000000000004,40.124102203376914,0.23650000000000002,33.40507152147734,0.234,31.275310072162704
3760,734921,0.1645,48.208098914074355,0.165,50.8834755510783,0.165,53.77051491140368,0.17350000000000002,57.14939636041505,0.182,64.38538330926724
3761,734921,0.4545,461.4243784731169,0.5765,530.3379986829719,0.6045,609.6772809193474,0.6065,696.3859018946067,0.6035,715.1058006692807
3762,734921,0.343,1995.700874926478,0.35050000000000003,5419.135514294071,0.35100000000000003,14321.466604825011,0.35100000000000003,37384.86168800735,0.35050000000000003,114016.3033292204
3763,734921,0.2235,73.83573571024034,0.1555,74.37073451570174,0.1555,74.14983274253959,0.1555,72.81734548335236,0.14350000000000002,67.55417510677982
3764,734921,0.424,36.59644922351657,0.4235,35.47691966082327,0.387,34.91806079335838,0.2535,35.02918829390927,0.2425,38.63963953776268
3765,734921,0.4445,15172.622636939086,0.378,8999.978269418294,0.352,4563.650941081018,0.2615,1789.1163172877918,0.23,212.3110755590496
3766,734921,0.307,412.0730870558953,0.3005,371.4951434918995,0.293,321.16114400995434,0.289,259.28563203705176,0.2755,144.03892746305073
3767,734921,0.223,182.02086679025336,0.23450000000000001,221.18536215896125,0.23800000000000002,277.2846677553968,0.23900000000000002,369.77978651249236,0.382,665.9245519726815
3768,734921,0.2535,21.173741050166146,0.1525,16.369579618257852,0.145,13.563929860843231,0.126,11.849878756482312,0.11850000000000001,10.948657908361414
3769,734921,0.3625,994.609313593947,0.3615,1053.9219409324521,0.355,1054.8268617394776,0.35000000000000003,960.5784785206342,0.1705,563.6867712331546
3770,734921,0.5455,1212.1900367692685,0.561,1623.3819846074618,0.5585,2105.7034528557783,0.543,2704.794210204824,0.489,2564.050034111371
3771,734921,0.28600000000000003,468.82202675009063,0.2915,330.24903456306345,0.2975,225.90676066351642,0.3085,144.83102332084692,0.317,61.27050471595077
3772,734921,0.2225,2539.211405613182,0.244,3136.6121806505707,0.2765,3431.862071296792,0.417,3251.460781451745,0.5995,2264.4821016492374
3773,734921,0.17200000000000001,37.80390187975746,0.1795,33.36189737233002,0.2485,32.59209353430193,0.265,39.415000125611215,0.269,116.35798597854658
3774,734921,0.1675,82.25192232453658,0.1555,82.72846051584051,0.149,83.78900683343849,0.1445,85.88743883313651,0.1395,93.10939736808973
3775,734921,0.17450000000000002,14.388640841488177,0.17350000000000002,12.3251659519361,0.1695,10.941689122479126,0.151,10.081185450997191,0.15,10.46805839406559
3776,734921,0.3325,10636.533252769324,0.23950000000000002,4255.343626834865,0.227,1573.7617641259326,0.2245,522.989947557319,0.201,99.95732691211603
3777,734921,0.3975,239.44681486975992,0.375,193.47652121479464,0.37,161.36076698225202,0.3375,135.1228875106208,0.328,89.9277367289565
3778,734921,0.243,806.2297668701266,0.261,779.0508737264906,0.2625,721.945696880423,0.2645,645.2910058941388,0.3055,689.9181722133213
3779,734921,0.2105,1087.1759838623086,0.21,968.9049599437582,0.2095,774.3136891803904,0.2085,505.05154040133584,0.20750000000000002,110.39111913895277
3780,734921,0.1305,15.627737828009852,0.132,18.614111177836534,0.1325,22.59765810505286,0.136,28.820573973999725,0.1465,52.909068985049956
3781,734921,0.4595,1044.8488885826632,0.482,3977.393132255486,0.497,16254.964163482775,0.554,78831.69476434315,0.554,1368746.2354438577
3782,734921,0.248,225.16310407583754,0.23550000000000001,135.27917176285422,0.2335,82.38159343253807,0.2305,49.890535229361745,0.2235,23.75914585062694
3783,734921,0.546,173.22341514284275,0.5435,265.04833987391953,0.5345,417.4792183342367,0.4845,561.7949798074555,0.4555,263.34121888231397
3784,734921,0.28600000000000003,4502.24293271722,0.28600000000000003,5236.669844965926,0.28350000000000003,5307.366916599475,0.254,4426.31889426642,0.2225,1486.9398792141399
3785,734921,0.099,39.849974983151114,0.0975,34.28672453785413,0.099,29.781091142039756,0.1,25.688980099884954,0.1045,19.936005615699493
3786,734921,0.494,11305.65548724796,0.4895,12389.475210054869,0.481,11471.994781750329,0.4405,8362.273117959185,0.3245,2168.005263728679
3787,734921,0.2225,58.7132033864861,0.224,67.85718227805548,0.226,81.30918351899828,0.226,102.93077102759356,0.23550000000000001,177.0923055491417
3788,734921,0.489,374.136231046876,0.4885,309.1365982438259,0.4875,251.41433762557145,0.4845,210.53732345859143,0.437,166.87594314070378
3789,734921,0.1695,1438.4766185600008,0.1695,1491.673440688606,0.177,1438.8235876100618,0.183,1247.7952112089206,0.1835,633.8685553774272
3790,734921,0.625,6967.625074228456,0.6255000000000001,6085.108818878954,0.624,3481.632218418039,0.6205,1120.9096428369457,0.5255,52.46510566481234
3791,734921,0.2455,96.42292599089316,0.2475,172.1517217600045,0.266,323.319012214143,0.2695,652.0420736310664,0.298,2201.415231215501
3792,734921,0.2675,204.32066409857532,0.2675,188.93913790333983,0.2635,172.29634800465044,0.2555,152.59808933353824,0.2325,110.6880471485918
3793,734921,0.28300000000000003,1769.0185665040126,0.279,1244.955250725875,0.2785,847.7467506540046,0.278,540.0416369928132,0.277,201.87929917729295
3794,734921,0.151,90.70545750853744,0.14100000000000001,68.8600625696183,0.1335,54.555901591505766,0.1275,44.53958014394381,0.126,35.11182390612936
3795,734921,0.1945,21.062860094727633,0.1945,22.164377425699424,0.1945,24.309630622054947,0.196,28.736606766733768,0.197,52.360815978296436
3796,734921,0.381,819.0044996822133,0.445,1442.7489697883068,0.4485,2306.3808443472153,0.4685,3304.8818695800724,0.5805,3347.0076186164665
3797,734921,0.136,55.374954128426396,0.136,49.005578570341626,0.136,43.20244554280847,0.136,37.374400633246765,0.1545,28.237985481252622
3798,734921,0.2095,74.15999616491195,0.212,61.77648523233104,0.212,51.96506258028653,0.2125,44.36134551415291,0.214,40.85443521282373
3799,734921,0.34600000000000003,434.8106328185967,0.34650000000000003,557.5442797534828,0.34550000000000003,777.4225522374904,0.3425,1180.3940383513961,0.336,2041.9361942869944
3800,734921,0.1075,46.487308981134525,0.1075,53.84888682393812,0.108,63.41812845043546,0.109,78.09690729139228,0.18,134.8075727087922
3801,734921,0.23850000000000002,804.0642943329055,0.23,1012.1832587396925,0.2245,1185.4032015807293,0.202,1254.8971601813366,0.1585,836.326124229629
3802,734921,0.0985,20.74884041721016,0.1295,23.809309504302586,0.14,28.530035124038815,0.1515,37.29049827168024,0.2505,89.97139775775061
3803,734921,0.1795,53.945929327618515,0.198,72.27911092680688,0.2,97.76149999211576,0.21,135.74170044735288,0.2555,232.49969264244342
3804,734921,0.209,168.0050778522087,0.209,235.35259719483696,0.2145,336.7867448194024,0.2145,501.85532212356554,0.217,939.2295788333386
3805,734921,0.3215,462.9627082467134,0.3225,699.80902755451,0.327,1009.4656185146579,0.3435,1364.7926080691848,0.3625,1428.2310214103502
3806,734921,0.353,36.89785900771326,0.3555,49.424020969946014,0.358,64.75053025085549,0.3595,88.74241656958719,0.335,223.0512730389212
3807,734921,0.123,41.471217634855115,0.123,37.89036297939202,0.1275,34.57898102480699,0.1345,31.196538975090416,0.14,25.787424260810308
3808,734921,0.139,33.342706963423,0.1395,27.967878826405745,0.17,24.23200333468299,0.338,21.854871548259226,0.357,24.27667197733517
3809,734921,0.1465,11.059831020776933,0.1455,11.330006914095465,0.123,11.859734435933989,0.115,12.816029796299233,0.1125,16.648737585924415
3810,734921,0.518,1259.6943861376913,0.47600000000000003,691.1438395445178,0.4655,383.3433375130909,0.4565,200.47986403611242,0.214,56.6527669809746
3811,734921,0.1965,71.69553478015364,0.1965,42.2794840448942,0.1965,25.992886308257305,0.1985,16.296637078403926,0.2,8.435797551089502
3812,734921,0.1955,17.47914131537247,0.195,15.282467354205803,0.1875,13.728280850874604,0.1805,12.637187864643927,0.1795,12.451875809465346
3813,734921,0.23450000000000001,23.58264255261546,0.23650000000000002,26.48415126386471,0.263,30.940626741201374,0.2805,39.05504350281145,0.445,77.82139982199494
3814,734921,0.267,24.738621926145978,0.267,23.89312359813359,0.2675,23.67357564854412,0.2675,25.048846882810114,0.2685,45.205853365384
3815,734921,0.151,182.86783211366716,0.14350000000000002,151.33282706308864,0.08600000000000001,122.18314797375318,0.085,93.11957482793908,0.0725,48.758364611657505
3816,734921,0.3595,86.97934464986122,0.3595,188.47369087116823,0.3715,511.35683853035613,0.3715,1819.0603791213027,0.3705,21108.7860251205
3817,734921,0.40700000000000003,2196.5980782456277,0.447,5081.420762562262,0.4535,10785.165249927299,0.502,20906.8240811837,0.5545,34887.3522672059
3818,734921,0.213,9.223634053812912,0.2145,8.813980677792342,0.23,8.861059734002529,0.2405,9.672477022353766,0.334,19.503798791413832
3819,734921,0.343,256.8985494398544,0.3655,333.93659516084386,0.3655,391.5745292485238,0.3655,414.8990530671574,0.3425,401.1925288499999
3820,734921,0.233,539.8256267445562,0.234,391.75175881604076,0.23600000000000002,265.8006508217403,0.23750000000000002,159.92482982063626,0.2505,49.440556253073375
3821,734921,0.2205,235.2447083975653,0.2165,138.1987294277986,0.2085,89.55334275504805,0.20600000000000002,59.658014065645254,0.1875,32.167611327329844
3822,734921,0.7985,1203.5136088798288,0.7985,900.979948042263,0.796,500.82424978868767,0.7815,391.966786414029,0.6245,490.8902418147915
3823,734921,0.5710000000000001,371.8482447297775,0.611,308.29637660555227,0.639,259.5806693851231,0.6900000000000001,307.93575923980666,0.854,1058.4520446190202
3824,734921,0.117,141.6387305840905,0.117,106.18814295916923,0.117,81.02162594511209,0.117,61.27787791507119,0.2295,38.41799827190544
3825,734921,0.301,157.02663074900454,0.307,164.1024527191465,0.3145,167.01739058825592,0.3165,163.26988974908681,0.3215,141.82214785407047
3826,734921,0.229,101.0512485772702,0.2245,104.42330424839173,0.2215,102.61463801361056,0.2095,94.24256102501022,0.154,66.80372549150906
3827,734921,0.577,1159.241840200969,0.365,467.7691759213359,0.35050000000000003,195.20288003056814,0.1305,79.80531913288056,0.1225,25.772287305031654
3828,734921,0.1955,264.2083628826619,0.1955,266.3456881447409,0.196,258.08734661206626,0.203,238.4504643150487,0.2275,183.07648044199098
3829,734921,0.23750000000000002,83.13350447011248,0.24,104.38049892628668,0.2465,133.09294066722353,0.3185,176.11731173093173,0.3185,309.1825298948217
3830,734921,0.4005,260.6057773367763,0.4405,335.52972220677464,0.4915,433.010773109278,0.508,593.188203697534,0.508,1056.1883443254656
3831,734921,0.9825,2952087.678454737,0.9805,451756.0980696271,0.877,30932.038787416423,0.8005,924.0986188120814,0.447,170.09845455896547
3832,734921,0.4015,49.17291807625717,0.4005,22.9204629726231,0.3865,15.132082420642913,0.34850000000000003,11.751162042709803,0.18,8.9379125007766
3833,734921,0.3675,252.51587016001199,0.356,220.75511719796575,0.17450000000000002,200.8639874366535,0.1455,188.04649531992328,0.1345,170.28808664226227
3834,734921,0.468,91.85981369528066,0.467,55.40781564507346,0.41600000000000004,35.361809209362974,0.3845,22.95133109830181,0.2735,11.618755278024242
3835,734921,0.3225,13997.822616810306,0.327,5499.243462065115,0.327,1919.760665864613,0.3225,715.3017965594142,0.2935,456.75586338183905
3836,734921,0.3825,390.92671864711906,0.386,458.38882221248446,0.3885,505.2792365077427,0.46900000000000003,520.6378317321771,0.4635,421.48225037204253
3837,734921,0.194,34.554745418142694,0.194,41.948721200918165,0.1945,53.039465619471315,0.1945,71.92883842481412,0.203,143.72586616430144
3838,734921,0.252,119.19789354092545,0.2415,106.51708835384555,0.228,93.80738829091577,0.21,81.15397335057784,0.168,65.874152091457
3839,734921,0.2625,165.43792462472544,0.262,128.200228268597,0.1975,92.9209768569547,0.1975,60.13941577693219,0.226,22.644704064729215
3840,734921,0.3,952.2339856011848,0.27,956.022733186367,0.129,895.9600272833193,0.125,752.7538927990887,0.12,363.37951236011725
3841,734921,0.1385,156.84664623823693,0.13,141.96964231242626,0.128,129.850368225721,0.1275,119.45764439730658,0.128,105.33316877570596
3842,734921,0.2505,26.54684528376461,0.2665,30.101898966742638,0.3065,35.17050718256564,0.3125,44.60203189784911,0.34400000000000003,94.94461757829993
3843,734921,0.1355,17.44987291583564,0.2425,19.45261271422176,0.246,26.06586138004208,0.28500000000000003,48.38739489698194,0.355,359.9085267518622
3844,734921,0.225,1686.2958277296425,0.2255,1200.6252504879774,0.227,847.4444082334991,0.23850000000000002,568.084640343428,0.2415,234.72627162416222
3845,734921,0.1595,66.5819767139416,0.1595,69.66710514584152,0.1595,72.76843036708493,0.1595,76.21368504527267,0.166,83.71226597249145
3846,734921,1.0165,6348.4392108860375,1.037,10210.859145772456,1.0655000000000001,14325.647140196892,1.162,19801.731892644664,1.1360000000000001,6902.176952240136
3847,734921,0.158,117.99284263347019,0.1685,143.72002565088835,0.1765,175.5379995417455,0.189,217.95030354622844,0.274,323.12447368496754
3848,734921,0.2765,86.72767605339075,0.28700000000000003,141.9931183350022,0.307,311.02112067559557,0.313,826.2049169535751,0.3425,2516.249428724784
3849,734921,0.177,154.83831206628366,0.215,195.53640864272327,0.2165,243.16517195975183,0.22,305.76633516862034,0.226,513.1783978871767
3850,734921,0.362,954.7070513131379,0.361,610.968622719255,0.3595,387.3418385329438,0.35150000000000003,249.70952971724026,0.321,136.9684110119833
3851,734921,0.1105,23.52633621771873,0.1085,22.265539675950244,0.108,21.439555563853705,0.1075,20.971837823864846,0.10300000000000001,21.60204078492511
3852,734921,0.209,17.66818833400253,0.202,16.19199664425965,0.1985,15.43360147445608,0.1805,15.319682069649977,0.1705,17.459103931488418
3853,734921,0.28650000000000003,35.554776158118386,0.28650000000000003,34.11222589235592,0.2925,33.732719765562884,0.2935,34.37097823108878,0.303,39.38811917793865
3854,734921,0.303,600.7510947955105,0.3035,357.66871969059497,0.3055,238.76458420781896,0.323,157.93124861281757,0.34650000000000003,64.58233377958166
3855,734921,0.34950000000000003,155.18516688589975,0.314,133.17456497895571,0.307,115.13779418844521,0.17,98.81809615104618,0.159,76.07996781395136
3856,734921,0.32,231.97902182424065,0.3255,263.11147048766423,0.34550000000000003,279.78726619447633,0.3605,267.09328942096346,0.372,160.9778295325644
3857,734921,0.4475,2566.7547654132923,0.459,4340.151213724867,0.4635,6933.215975255526,0.605,10132.215702368287,0.595,9127.132570028109
3858,734921,0.41050000000000003,2929.947411482983,0.442,5738.456989715035,0.442,8692.486140610901,0.4435,9173.542578230932,0.442,2453.0246963219233
3859,734921,0.1785,21.548844737567148,0.1775,20.962678326733208,0.1775,20.81516717719161,0.1775,21.141913822453038,0.1795,23.80254938414237
3860,734921,0.4365,14.863211313772927,0.4365,17.788311468431132,0.4375,22.731048570044198,0.37,32.56351831789109,0.3625,89.02168719265205
3861,734921,0.202,252.5515669051607,0.1995,202.45287278364293,0.1925,157.5957792231747,0.1915,117.91993146498388,0.191,75.4193726332393
3862,734921,0.183,12.757554777915624,0.1865,15.20116724081261,0.2155,20.517966918936754,0.249,36.39371170438482,0.632,524.7675597822683
3863,734921,1.303,994069.2743614459,1.184,317565.20546321815,0.803,38819.996877771606,0.742,1649.0038468946575,0.47050000000000003,343.67935422026454
3864,734921,0.186,17.904038780802072,0.181,18.224230621096005,0.1785,19.023246352135683,0.177,20.4434873173972,0.177,25.252272828354656
3865,734921,0.158,911.0792115834515,0.1595,1309.9338450164234,0.161,1833.8227083263635,0.1905,2511.3184383219855,0.199,3015.403928346237
3866,734921,0.1985,20.413582428792495,0.17,20.0244546586573,0.10300000000000001,19.91292875013258,0.10250000000000001,20.202938744911073,0.10300000000000001,23.174115745723057
3867,734921,0.23750000000000002,179.4822960364309,0.22,122.41352315719644,0.2195,81.37493461462013,0.215,50.19331485647618,0.20700000000000002,20.10011571486766
3868,734921,0.28300000000000003,64.83424804692909,0.2745,66.13984866826993,0.274,66.00769159428637,0.2705,64.0312210676309,0.269,56.54602208326618
3869,734921,0.342,378.83488304364175,0.292,370.66135247388775,0.255,352.9819398855041,0.2285,314.0296396473493,0.213,190.11826506984764
3870,734921,0.114,88.37157160388642,0.113,92.57980135932692,0.113,96.13903223417041,0.113,98.67950422635653,0.116,96.5598037753567
3871,734921,0.2625,107.14574440990165,0.276,117.36374303854925,0.276,126.57182424555901,0.2775,133.7374088090028,0.28550000000000003,129.7030846966226
3872,734921,0.17400000000000002,15.750599191849393,0.2285,19.355329265638,0.246,26.96190382111759,0.299,52.410077633193225,0.321,643.1067154153768
3873,734921,0.1765,488.1209862995144,0.177,284.7415967748801,0.177,161.16613292505176,0.18,86.27086898184619,0.194,31.899935432234816
3874,734921,0.2775,72.36577039923209,0.28300000000000003,76.852696684486,0.34600000000000003,81.6028577321431,0.4175,87.73628283234339,0.4845,134.31550259467895
3875,734921,0.2315,74.41107461257586,0.224,68.8564053035581,0.221,64.11177872478868,0.221,59.40263305371118,0.2145,51.036654933524204
3876,734921,0.197,687.4002021454637,0.192,483.4168496664923,0.186,333.6202193460449,0.17450000000000002,222.54052325818077,0.1075,110.01470551842334
3877,734921,0.1245,85.97476795964265,0.1285,117.38143374469094,0.1715,165.75215853421338,0.23750000000000002,252.75821370919326,0.262,631.2624976576711
3878,734921,0.2105,95.8711590389672,0.20800000000000002,109.7931583109982,0.1945,122.2879109370004,0.1945,132.962252160165,0.1925,140.38649388103113
3879,734921,0.2805,100.69218629324244,0.28550000000000003,90.26206506769516,0.28550000000000003,82.92388935694451,0.28450000000000003,77.11765267389622,0.28300000000000003,67.7332667185306
3880,734921,0.722,16891.064247630675,0.753,16140.959656402982,0.876,9838.863967947125,1.0015,3372.678317361385,1.0355,245.35914789472187
3881,734921,0.2705,31.258959738743187,0.2645,22.278705254363853,0.2615,17.278125224952806,0.251,14.404647182131978,0.2465,12.907664329109922
3882,734921,0.326,31.223137773894205,0.3385,30.94100206955256,0.3395,31.12264248186975,0.447,32.15705958812783,0.4905,41.11680884816672
3883,734921,0.1975,12.814257626634278,0.197,13.988945163673575,0.197,15.894623205484308,0.1975,19.48591408434813,0.2295,38.72542382842062
3884,734921,0.1935,26.780288674257736,0.197,18.818901092869986,0.2105,14.517541743929485,0.226,12.523233046377042,0.47000000000000003,16.75997852832176
3885,734921,0.216,17.84338226886991,0.23,21.516522514070417,0.241,26.6481368533141,0.2455,35.36737554502788,0.2985,86.9365948132264
3886,734921,0.1305,57.76879370518413,0.1145,37.30074496300222,0.1135,24.88446680627587,0.1135,16.5541141799887,0.113,8.704174837115703
3887,734921,0.181,61.642722884954665,0.182,66.62302755265804,0.197,71.84069050520954,0.1985,78.08835368907481,0.221,94.31571601221684
3888,734921,0.20550000000000002,248.1691757037355,0.28300000000000003,213.9138624509659,0.399,178.53647598112718,0.6505,141.29682205692262,0.6555,92.88434842496491
3889,734921,0.293,86.4424286210876,0.2955,99.05540414470481,0.3175,112.67220302228435,0.329,130.11650885140043,0.3775,181.01472775628042
3890,734921,0.2435,26.720579854409202,0.243,29.183145405896205,0.243,32.26422174376293,0.243,36.88270624757687,0.243,55.21857309277514
3891,734921,0.34550000000000003,2801.65338198434,0.2645,1155.5042198099295,0.25,492.5946106255813,0.227,206.52636630857805,0.212,55.337223375647476
3892,734921,0.443,4398.691800562328,0.3585,1406.312238510802,0.3045,689.1206477397479,0.2535,386.0560676593368,0.145,107.57078696892651
3893,734921,0.1915,108.41571182987983,0.192,103.40557359057782,0.1965,98.61473449266299,0.1985,93.91938299894586,0.28200000000000003,88.35363972976008
3894,734921,0.4285,602.2973220161758,0.433,727.38800139291,0.451,825.7947784778886,0.4515,866.8884836095484,0.451,721.3857118073865
3895,734921,0.3425,180.98401508457513,0.34850000000000003,205.79579643971775,0.35000000000000003,221.5480342850919,0.35050000000000003,218.3334725818623,0.3575,138.88249288963544
3896,734921,0.315,237.3176002773816,0.325,309.19279427688764,0.3315,397.9842948617598,0.337,527.2238392254072,0.402,1428.4069437819244
3897,734921,0.4825,175.62004714869408,0.4825,193.38177343164472,0.4645,215.34929826525058,0.445,236.9561844440396,0.3415,235.5790979082887
3898,734921,0.2625,42.56632362776943,0.263,35.376195914070365,0.263,31.857664201521754,0.263,31.350850578446384,0.2645,39.21978681336681
3899,734921,0.20500000000000002,73.16890262716966,0.20750000000000002,85.55836170099526,0.20800000000000002,99.33350227687758,0.2225,116.3283515055055,0.28750000000000003,158.09841329018647
3900,734921,0.26,46.090988355393556,0.2445,41.57078646832484,0.2215,37.59455635612665,0.1605,33.81890371522076,0.11900000000000001,28.62580472893665
3901,734921,0.4455,186.79930106619724,0.444,210.4131282443833,0.399,214.58620417096446,0.3915,196.4439300164614,0.303,188.99179250291053
3902,734921,0.388,1002.4878474229523,0.3785,1061.4183806233202,0.376,1015.1693687923159,0.358,861.0323337010391,0.316,482.5652777323249
3903,734921,0.34700000000000003,184.74945708832473,0.397,191.1041319229056,0.505,203.10827986643528,0.5775,235.6140202248598,0.7455,883.4146731025903
3904,734921,0.3365,107.5968209440997,0.3365,41.75945122868418,0.299,21.308378577100992,0.2975,16.697115484856692,0.2155,20.53564990413136
3905,734921,0.468,571.4659485348524,0.464,349.4997034592062,0.4565,211.48775731587014,0.451,120.85331183305159,0.367,42.03286023596055
3906,734921,0.0815,21.02080996154708,0.183,28.651507740370374,0.185,40.12153237458285,0.34900000000000003,60.2326954754754,0.3825,152.99579318427408
3907,734921,0.275,102.74356824606288,0.2435,102.45963925248127,0.23500000000000001,100.37021136979166,0.2185,96.85639979573622,0.1715,91.97555421742634
3908,734921,0.974,2586353.544852066,0.977,5231567.391709561,0.977,4295844.006396915,0.9735,1266593.0924154145,0.655,90760.73542161922
3909,734921,0.203,182.55665966898985,0.342,201.40094485572243,0.41050000000000003,226.90985797477197,0.524,348.58745232961104,0.755,340584.1190398615
3910,734921,0.2775,2557.9541663629884,0.2305,2119.2136978933604,0.2295,1577.436149925489,0.2225,976.6223160545775,0.197,220.22428875976303
3911,734921,0.34450000000000003,44.454406095148634,0.332,44.27778146915741,0.216,44.86471686872548,0.1965,46.129661457670274,0.1895,48.81784715456437
3912,734921,0.1135,44.8480255803675,0.1085,29.897803934139816,0.098,20.504151579841274,0.0925,14.023390695966777,0.081,7.728753202895239
3913,734921,0.127,27.864341810747575,0.1275,36.824566925281836,0.1275,49.59973226011968,0.1285,70.36451799217123,0.1455,144.18629945139875
3914,734921,0.393,415.973095346055,0.3975,626.3137606851752,0.426,922.1223976952614,0.4285,1374.0468561177092,0.481,2719.4254113416428
3915,734921,0.1945,107.92872043262118,0.182,120.04645301320616,0.18,133.43382290127118,0.1795,148.05000274999654,0.171,162.80313657865315
3916,734921,0.1935,161.3579892623134,0.183,180.86626852996625,0.183,199.48765574930465,0.183,216.26964818467297,0.183,220.21388134846305
3917,734921,0.1385,46.42645837564842,0.14400000000000002,42.002671641827206,0.14400000000000002,37.99664132155914,0.146,34.19157121994037,0.167,29.856628364080834
3918,734921,0.182,47.36180895103417,0.183,79.00287397765703,0.1875,144.98058651125072,0.2015,319.60362822023984,0.209,2057.2464527443744
3919,734921,0.4275,111438.00041575734,0.41000000000000003,148663.01804177114,0.403,148814.07898743125,0.343,104064.98832759832,0.3185,16305.701587498606
3920,734921,0.293,30.507471603202074,0.3055,26.741509692238147,0.307,22.426791187788197,0.3075,17.4328823327424,0.318,11.032618630099412
3921,734921,0.446,15833.68644332309,0.446,11748.90799158368,0.44,7444.904070472814,0.435,3885.045939497985,0.379,1088.0470723245169
3922,734921,0.2155,71.06724820916627,0.201,64.95993576910074,0.201,61.71577774447136,0.201,60.822534051993024,0.1855,62.91334975892172
3923,734921,0.1815,32.59752577328151,0.177,29.643159370356187,0.17300000000000001,28.254039056225906,0.1665,27.656438357515686,0.1575,27.604937268161425
3924,734921,0.281,43.49060242282397,0.281,43.178740620892206,0.281,43.919078321732364,0.281,46.212899675341,0.2765,57.00761535395955
3925,734921,0.095,19.04438462004004,0.0955,23.247914948692134,0.097,29.701270799134484,0.0985,41.45858828176902,0.10400000000000001,99.0838145236107
3926,734921,0.1645,399.2998944875415,0.1695,461.6323032554488,0.171,530.4284472064352,0.1825,603.8689094704455,0.323,767.7797935691568
3927,734921,0.41250000000000003,504.7808088538281,0.419,998.9617805419532,0.4415,1860.2418476811413,0.4545,3294.989519236565,0.494,5819.408368815539
3928,734921,0.2765,8.08078048931022,0.2765,7.22084796451612,0.2755,6.892003089078431,0.275,7.084866828951514,0.271,11.34318390163941
3929,734921,0.159,8.288932413896628,0.18,9.264096668510984,0.2145,10.884428689858453,0.2255,14.058600901098885,0.28150000000000003,34.24037746455151
3930,734921,0.332,453.700650093358,0.334,538.8947427884385,0.335,610.0362630474037,0.335,669.0215719942976,0.3255,749.0687173494315
3931,734921,0.233,45.20000590841792,0.242,83.02298185526647,0.391,189.68547455663818,0.41250000000000003,615.7385628411171,0.509,10386.470060063539
3932,734921,0.289,285.7654333581627,0.384,548.6407442032482,0.3975,1408.0919303865114,0.41000000000000003,5709.509285604954,0.41050000000000003,91479.2747554188
3933,734921,0.2635,216.5549400035285,0.2635,237.3700033131756,0.2635,257.67046418448734,0.261,274.2128294370587,0.2505,264.3631281424784
3934,734921,0.686,62132.04424054605,0.6920000000000001,102440.68422410269,0.6930000000000001,131595.47460659567,0.6920000000000001,112607.5518027214,0.624,19625.482354894943
3935,734921,0.188,127.92427737818926,0.187,118.23134580639203,0.185,107.61695588029204,0.1835,95.16173374905152,0.183,71.71207834828802
3936,734921,0.47900000000000004,1457.7338538939928,0.425,850.1908520750575,0.34550000000000003,476.8929117964108,0.2695,246.90510815299257,0.1665,83.35573348244512
3937,734921,0.1555,65.5045459152383,0.1535,69.38079215915735,0.1535,74.55434153100674,0.1535,80.78789850389562,0.1555,88.64041914549789
3938,734921,0.34900000000000003,2409.034367227177,0.3275,1073.44927580523,0.32,544.628006497615,0.316,269.09590510664844,0.186,62.989664674455106
3939,734921,0.5415,51.14138078892955,0.526,40.826202835154376,0.5175,33.10049566243792,0.446,26.881225583646934,0.3875,20.136003052950752
3940,734921,0.123,34.36940815173488,0.124,31.595420125115005,0.1295,30.048135170732156,0.1365,31.743254446271536,0.253,99.86912162614264
3941,734921,0.169,191.52370975397918,0.1795,314.9131625520614,0.20700000000000002,511.84727333808274,0.2325,849.8713430502016,0.279,1850.246308139327
3942,734921,0.378,684.3561615596367,0.40800000000000003,465.3213466481712,0.454,300.3817787509568,0.4555,176.09939727748647,0.4555,97.64045637175697
3943,734921,0.2305,456.217655628987,0.223,355.03384414671046,0.217,261.694997894036,0.2115,173.12813495627785,0.1545,59.99801417794775
3944,734921,0.3855,4891.935055358082,0.3855,3317.5844414814414,0.3855,1903.02951537345,0.3855,848.9922138612234,0.3755,155.7744934052052
3945,734921,0.2515,590.4254958824342,0.253,697.1017820268416,0.292,806.1796641877269,0.3115,914.6764686627482,0.34800000000000003,933.0881315650615
3946,734921,0.267,16.619697417417257,0.28700000000000003,17.71604131982872,0.3165,19.410907206475393,0.331,22.930683564292064,0.3415,79.12326218848732
3947,734921,0.28350000000000003,345.2373626834046,0.291,540.9546442550875,0.308,840.1955167041626,0.369,1355.5488107898793,0.4165,3139.968924804737
3948,734921,0.543,415.6271791460289,0.54,164.01700943670593,0.523,91.40172496646501,0.4815,71.61508251659414,0.335,51.32187310539858
3949,734921,0.1945,72.10064821115685,0.1945,78.48742595737716,0.1945,85.24182864377309,0.196,92.64944174496738,0.2195,103.48698233836289
3950,734921,0.599,165.27716718442613,0.59,219.1702360816606,0.583,322.6277594472986,0.556,515.0025569610164,0.34500000000000003,1147.6567460632705
3951,734921,0.149,30.68950712768473,0.1515,36.37550598319136,0.1565,44.27911364487906,0.216,56.81311090850779,0.2975,106.07713005793624
3952,734921,0.28550000000000003,23.1067386299619,0.2895,32.1758561952274,0.307,48.11062626298759,0.3085,82.2271827958423,0.343,307.74870545273876
3953,734921,0.1845,92.33286287760764,0.1865,102.76253121224957,0.192,118.48538567595574,0.20550000000000002,145.56005127848283,0.224,243.2457014325482
3954,734921,0.14250000000000002,11.175695810370879,0.14250000000000002,11.231777799189558,0.14250000000000002,11.803925755959366,0.14300000000000002,13.441315149672896,0.1945,25.77044883392757
3955,734921,0.41050000000000003,372588.5582132738,0.4855,518974.19763373845,0.534,470320.3097437341,0.536,247837.04906079278,0.553,26200.82297034534
3956,734921,0.17250000000000001,28.501877470542656,0.17250000000000001,32.95450089592393,0.17200000000000001,38.93704426066112,0.1715,47.96010573511006,0.17200000000000001,76.4271527570195
3957,734921,0.216,59.85309656294021,0.2165,61.085859103564246,0.2165,62.413163599270625,0.315,64.34845197988166,0.3225,73.14305934279251
3958,734921,0.459,1761.8577827432327,0.4555,1398.2389887314905,0.418,1007.666430975232,0.3905,622.012179053242,0.162,176.95458391475702
3959,734921,0.11,18.528365075945516,0.10350000000000001,17.015322593103377,0.10300000000000001,15.87562506532898,0.095,14.972120378264021,0.094,14.346916475633275
3960,734921,0.12,28.190086349028096,0.12,24.35773234745808,0.1205,21.675103385017568,0.14,19.666776942283704,0.14400000000000002,17.87198907771316
3961,734921,0.2155,13.376475832570899,0.20800000000000002,12.612206698503142,0.20650000000000002,12.425164726589328,0.201,12.796050924182042,0.1945,15.529639199008997
3962,734921,1.0445,37426.09577969903,1.2145000000000001,991022.6733316277,1.3,29177655.70091965,1.3465,686234833.8539088,1.41,1328326040.407237
3963,734921,0.221,8.226529590699258,0.2215,7.107578675352707,0.2215,6.45543728861675,0.2225,6.191598682308092,0.242,7.522266770085185
3964,734921,0.5295,520.2898707260144,0.379,285.72023608473603,0.294,154.4163304684498,0.249,81.2672454866894,0.20700000000000002,38.10802250792355
3965,734921,0.3035,433.5630447923721,0.2725,272.44781112799353,0.2505,164.95290375048137,0.2315,94.0539144079684,0.1455,39.206107043582094
3966,734921,0.4225,1465.0030668417342,0.4245,2969.6524282830933,0.443,5597.500945461177,0.446,9093.268398189814,0.446,7764.489666118185
3967,734921,0.265,1076.6102714575663,0.281,1550.1542515662957,0.28450000000000003,2169.2641514109496,0.327,3000.439812417645,0.3275,4530.018269547061
3968,734921,0.158,255.60430975490516,0.1795,492.10592002311154,0.193,951.7825082132255,0.1935,1904.476947729393,0.20650000000000002,5393.326092059774
3969,734921,0.3325,350.27310626929807,0.523,827.8249147252012,0.5685,2177.7013909221196,0.6365000000000001,6784.788073430611,0.8,48939.03925985305
3970,734921,0.32,143.89389981962992,0.3205,196.62649783253568,0.3235,272.947125183393,0.3885,405.37915569879993,0.39,941.6514359091993
3971,734921,0.2315,45.445029153840615,0.289,37.76630100853605,0.292,33.665794682491814,0.3255,32.973703279362404,0.3625,44.91046529377737
3972,734921,0.418,106.85898431784592,0.418,121.45834459164023,0.418,135.1320961754435,0.418,148.0480082301819,0.41250000000000003,159.8239141989415
3973,734921,0.2205,44.02162368336463,0.2205,40.32389867988866,0.2215,37.56027339878599,0.2235,35.69640453408972,0.252,39.25928398545064
3974,734921,0.1495,24.49566710006051,0.1495,21.82523019830098,0.1495,19.982903940576378,0.149,18.77263017079907,0.1495,18.93536808894716
3975,734921,0.40900000000000003,55.65723518799061,0.41050000000000003,54.9988699847996,0.41400000000000003,54.11513831682681,0.4235,53.37191295686548,0.4325,58.96919825335413
3976,734921,0.277,2665.86323023535,0.2775,1405.4695851969486,0.278,652.1811686498263,0.2795,244.29727902166954,0.278,29.551907275553894
3977,734921,0.219,116.35320000096699,0.2165,84.61749238344193,0.2155,61.49817085012746,0.212,44.09195023302521,0.212,27.013083740604877
3978,734921,0.156,148.6907439721417,0.171,100.58889636829736,0.171,66.94916885790019,0.17500000000000002,42.28565667950106,0.28750000000000003,19.538368570358312
3979,734921,0.1965,42.31392767590747,0.1965,35.38344277996948,0.202,29.930339249402184,0.212,25.264503218322336,0.2435,19.503037316982788
3980,734921,0.41400000000000003,36.102957838660316,0.4055,32.30692154158362,0.3805,28.902585010235594,0.373,25.617587094548806,0.3685,21.10075713003013
3981,734921,0.1,35.93939387567391,0.098,31.312300167538844,0.097,27.2250904512754,0.097,23.437441170929414,0.097,19.237278829999724
3982,734921,0.2545,125.29953913156167,0.258,107.30032152280663,0.281,94.86175404601792,1.266,86.87367301733195,0.5795,75.96195622220773
3983,734921,0.40750000000000003,19.080855706888084,0.2645,14.795587376474478,0.263,11.984228789113779,0.2625,10.015030419230163,0.253,8.53599850841728
3984,734921,0.185,796.8345096418876,0.185,548.5724119575699,0.185,365.3671445035265,0.185,232.99430378627235,0.1855,104.11191087097515
3985,734921,0.311,170.44520448131166,0.365,134.66589434322228,0.4,116.49704573771922,0.468,110.4812135138567,0.4815,94.00374197693782
3986,734921,0.28650000000000003,3980.9185438106933,0.3375,7340.473579332536,0.3675,12189.415823966912,0.40950000000000003,18544.313623872284,0.5545,37727.83730929547
3987,734921,0.1355,30.01715066281607,0.135,33.271720451870166,0.134,37.24274791274219,0.134,42.95359923330745,0.134,61.50426678440005
3988,734921,0.3395,1502.9122064269009,0.384,2079.0904033408274,0.3835,2715.5837799701717,0.383,3359.2502811729278,0.3815,3366.8445933608355
3989,734921,0.0955,26.057600524079817,0.0955,24.542438177842172,0.0955,23.120944308982192,0.096,21.810478559736616,0.1145,21.653086627093014
3990,734921,0.482,1043.9260720563282,0.4825,1744.1595438666131,0.509,2803.687466523186,0.51,4439.647738727606,0.534,7407.992413728046
3991,734921,0.376,8483.007555561531,0.4235,6240.751319707478,0.4535,4047.6777583600383,0.4675,3250.032101550257,0.5875,25017.060706073487
3992,734921,0.309,539.8395411005068,0.3365,1166.0700510536938,0.3375,2166.785421956368,0.3375,3138.982602460396,0.3895,1718.3973222579082
3993,734921,0.23700000000000002,4928.41398588718,0.2235,1943.1918706145439,0.1845,758.577440678664,0.1615,297.2211813207366,0.14350000000000002,93.57916681003854
3994,734921,0.341,85.69268265812846,0.3225,78.37593840929749,0.318,72.75663180492782,0.3055,69.50104187368397,0.2555,74.67461597989919
3995,734921,0.259,375.0389340953015,0.2585,506.7888200378651,0.255,685.7205718644592,0.2525,934.5200300338913,0.24,1243.19058170714
3996,734921,0.225,34.43025894548667,0.225,33.41886012524391,0.225,34.92989433713243,0.225,41.48587308833627,0.2335,93.34022946877691
3997,734921,0.1785,1307.4546027536737,0.23,1494.3896896242381,0.232,1522.6381920182919,0.23450000000000001,1309.5032753187788,0.244,499.64704937876076
3998,734921,0.1515,22.374689768630212,0.13,18.519912872827845,0.1285,15.824902267054265,0.1215,13.786456373179236,0.0995,11.877537550422064
3999,734921,0.6995,54.96019833639409,0.6705,27.880857554991305,0.6305000000000001,15.579382540636868,0.1465,10.350616515128571,0.11950000000000001,9.91523423588935
4000,734921,0.272,203.99696012103888,0.2695,200.61713571906753,0.2685,206.92650874352182,0.2465,218.3674769714998,0.223,230.48772765694645
4001,734921,0.5585,101.38727063608576,0.559,115.22609552095591,0.5650000000000001,114.71141442133568,0.559,85.4733448730407,0.512,20.83466039536707
4002,734921,0.218,59.778181446751205,0.186,66.91603455165811,0.17300000000000001,74.86758782064437,0.17200000000000001,85.496374095035,0.1585,112.67058722008821
4003,734921,0.23950000000000002,221.13377413685154,0.243,360.5529535446522,0.2475,541.0526610771016,0.2555,755.8201614305972,0.2765,980.985480048359
4004,734921,0.176,224.81673581942596,0.17300000000000001,250.26019769041457,0.1695,270.06250319224347,0.1685,279.6463953661152,0.1675,242.6530053323821
4005,734921,0.114,43.0300945433146,0.1065,46.82380612727905,0.106,51.06033009834426,0.1055,56.231884653784924,0.1055,67.80167690702103
4006,734921,0.1075,14.76934604193407,0.1075,13.668528148378122,0.1075,12.883834415844948,0.115,12.339124849611695,0.17450000000000002,12.54657974594667
4007,734921,0.1135,13.97560680532623,0.1135,14.288660070415684,0.112,14.815026524864194,0.108,15.747268704784148,0.108,19.971000189716747
4008,734921,0.067,7.6677259183746385,0.065,5.8212245654167285,0.0645,4.782267287531411,0.06,4.136860696411,0.0645,3.760341843690328
4009,734921,0.2705,311.99291875725544,0.2705,392.4926795309939,0.2705,485.6910572311219,0.27,580.8319553443587,0.27,615.0663290742112
4010,734921,0.125,24.038174805762086,0.125,26.928924586010925,0.1325,30.897042726597707,0.1345,36.88740620491537,0.187,59.16813426422622
4011,734921,0.169,61.1415202642216,0.1775,71.52721531229396,0.191,86.28447253907204,0.2615,112.29214271931689,0.27,254.69640219162375
4012,734921,0.302,129.1111855818028,0.305,128.01550101281913,0.3525,123.87478711205773,0.36,115.58127588264296,0.389,93.81054856433653
4013,734921,0.227,115.47325375640438,0.229,115.58032591211564,0.23700000000000002,117.40850751736936,0.243,124.61386154446708,0.27,157.77479125799067
4014,734921,0.375,75084.3978483963,0.3765,89844.68760439116,0.3785,88614.58717836345,0.3785,65132.945235489984,0.375,10193.535697003772
4015,734921,0.2315,218.2856349854619,0.23850000000000002,196.42297678067075,0.24,177.56668128598275,0.277,170.2874620935188,0.301,200.9076348901298
4016,734921,0.198,45.73946258068078,0.1915,55.52463351293722,0.1885,71.25289640653423,0.186,98.85977031402201,0.17350000000000002,197.60807044943243
4017,734921,0.3555,559.8739943112649,0.356,828.7410097740118,0.357,1150.9515416174304,0.358,1528.3722476001362,0.367,2113.5982354169896
4018,734921,0.262,119.3566576811341,0.261,85.68542976499272,0.2575,63.00620745193858,0.251,45.95297337217476,0.2315,26.154877688350826
4019,734921,0.5445,177.73989686271446,0.5035000000000001,158.99044870911553,0.47050000000000003,142.50422255680732,0.3985,126.02367417540303,0.308,97.62621170182574
4020,734921,0.5125,578.5234855124165,0.51,353.59626446906105,0.5,205.7826911783085,0.43,110.44824016536538,0.2785,34.52474659102341
4021,734921,0.191,69.82651611912516,0.179,55.537504983585904,0.1615,46.259161400780435,0.1515,39.48174326550764,0.1155,32.438707665710915
4022,734921,0.1595,18.854894870662584,0.149,21.798384981485288,0.14350000000000002,26.161295727859226,0.1405,33.70347442786958,0.1405,66.31583580576101
4023,734921,0.402,4089.5495993946265,0.494,5980.219431950405,0.5295,7812.170068218121,0.531,8444.376499997212,0.53,3672.5153700276132
4024,734921,0.2945,134.44188270842002,0.2895,53.385765705585776,0.2715,32.28103374746689,0.256,24.063337615482368,0.16,16.2615504597122
4025,734921,0.5375,60.070863309032,0.5375,47.680688981685805,0.5395,37.878299451612364,0.375,30.31041322474581,0.317,25.67037963533998
4026,734921,0.2725,323.36669297137263,0.2635,184.49103943899905,0.252,98.29300360433551,0.2165,47.204566917459836,0.212,14.54897654826872
4027,734921,0.2295,25.775488688018108,0.2295,31.962159653067438,0.2295,41.412434079990895,0.2295,59.2808676721307,0.2305,164.94398486616967
4028,734921,0.195,7.127547326923621,0.1865,7.04390643739842,0.186,7.226564684795518,0.186,7.7378373492376396,0.1995,10.16413701479877
4029,734921,0.3755,107.45582109827198,0.34500000000000003,116.72389245009376,0.2435,125.63221071446905,0.243,133.6469167915363,0.224,138.19998489133977
4030,734921,0.318,158.56948496792216,0.308,94.78709403644172,0.306,56.70278864404377,0.2695,32.94099118063153,0.23600000000000002,14.141575413349162
4031,734921,0.167,77.76538188801277,0.164,74.30294703005963,0.133,71.39127456728608,0.133,69.03932849496512,0.163,68.82658066968304
4032,734921,0.245,291.87291254362265,0.245,264.6263646426999,0.245,224.28080653408813,0.245,174.35376391948066,0.2445,91.88877772592498
4033,734921,0.20700000000000002,147.53311634150816,0.2135,283.43786602038216,0.307,560.5422160768372,0.34450000000000003,1174.6634683269137,0.734,3775.2906470273556
4034,734921,0.41400000000000003,12013.056419375824,0.372,6031.45983787963,0.3275,2703.1813138177263,0.3135,1078.382221714972,0.2475,267.71699619182345
4035,734921,0.1405,99.53648781910265,0.1395,102.38096599088479,0.139,106.15789190577587,0.139,111.3733124227829,0.1405,122.49846371183905
4036,734921,0.4505,1575.8806154713384,0.452,1275.427574230004,0.454,1066.670343588174,0.4825,854.9328172571196,0.5795,444.1644192186763
4037,734921,0.1355,47.470334004478126,0.1215,52.49277267773606,0.121,58.65504770179756,0.114,66.99345448043206,0.114,88.67190350719689
4038,734921,0.1055,11.50420233145308,0.116,12.539909036841673,0.11750000000000001,13.94805119839706,0.15,16.1390923728294,0.203,25.365038437409964
4039,734921,0.2475,80.17781201296616,0.197,80.80775291472237,0.1895,81.15573085185254,0.1675,80.97518424867829,0.159,78.5390276303151
4040,734921,0.386,122.48179599025646,0.403,150.07600412883065,0.425,181.59521924766207,0.4265,215.13084869756665,0.426,226.2024156039376
4041,734921,0.181,68.41904571434598,0.1815,67.39169999697955,0.1915,66.26938472308917,0.1975,65.25887086026817,0.20700000000000002,69.8650568698003
4042,734921,0.1675,19.641677496607308,0.20650000000000002,21.00185443057604,0.7030000000000001,24.684607166739664,0.846,74.94150446785301,1.409,19459.458384687725
4043,734921,0.2725,2909.0902939421117,0.277,5245.8255174432115,0.3015,8485.704667124179,0.3085,12328.013745785493,0.376,13158.009514023523
4044,734921,0.314,544.2092441778423,0.3125,647.5897059766788,0.3115,750.4192026981478,0.293,847.3409619266373,0.278,888.5095075700348
4045,734921,0.34,21.53044349128922,0.242,17.163658885821153,0.228,14.35974902831536,0.20450000000000002,12.39450092501671,0.153,11.304067862758291
4046,734921,0.224,95.09607272283073,0.224,106.84510755760755,0.2245,118.70224280015228,0.2245,130.7492121250966,0.224,144.37290908803078
4047,734921,0.139,67.38065963426087,0.145,72.11634902377942,0.1465,76.95284680633381,0.167,83.38307343993833,0.2545,112.54830338340008
4048,734921,0.617,766.5306463686964,0.603,750.0848753078468,0.601,722.537744085721,0.586,693.0025758320677,0.433,936.3779738615738
4049,734921,0.1475,88.13926880431407,0.154,87.85245139734242,0.1665,89.08500957891684,0.1765,94.25038555317857,0.2895,144.63616806842342
4050,734921,0.5635,1163.6835973152215,0.5855,1008.5010420871822,0.596,806.5241032851739,0.5965,556.1965586811605,0.5645,159.5491134301797
4051,734921,0.1855,8.080838583815172,0.191,9.295436789389491,0.192,11.147807845831393,0.1955,14.478830162352422,0.2575,31.24289878762021
4052,734921,0.289,678.6607707706238,0.28150000000000003,336.5864362079668,0.2725,177.8452438935309,0.261,94.91752467799256,0.244,35.26748587575062
4053,734921,0.14300000000000002,35.44977440535787,0.164,36.509801964466114,0.165,38.29132673129439,0.17250000000000001,41.36951387298867,0.241,52.25914449214753
4054,734921,0.191,25.613012173930144,0.191,29.09674004507435,0.192,34.20285483395449,0.192,43.52099309717549,0.197,94.70830896786504
4055,734921,0.191,17.964972244713323,0.191,28.343127411944252,0.1915,48.6072395457998,0.1915,95.3251903868261,0.2025,383.10341643253145
4056,734921,0.2705,915.6135515322694,0.265,735.0440141884154,0.259,551.6372908635433,0.155,371.0328955228701,0.14100000000000001,144.82129705468554
4057,734921,0.34800000000000003,61.862625733590235,0.3195,55.76686982423291,0.3145,50.15389139222927,0.299,44.830385087731045,0.292,38.32497988157163
4058,734921,0.2595,227.0513135711825,0.2615,431.02548432087167,0.2635,897.011394803779,0.28150000000000003,2093.278224230979,0.3035,8653.533546922312
4059,734921,0.464,431.2630642981269,0.47750000000000004,434.71945966227213,0.4815,430.9921386855464,0.5345,412.93415322449954,0.537,301.7964102961116
4060,734921,0.1085,20.273581073449986,0.1085,17.944875247349916,0.1095,16.099815368992303,0.111,14.473173409807009,0.117,12.43986778683013
4061,734921,0.20500000000000002,24.01390571095612,0.293,22.01642465407587,0.294,20.86505170477495,0.3045,20.567075583687274,0.3225,24.36708809871781
4062,734921,0.233,129.1497381724804,0.2615,117.48718109381139,0.271,115.01065166156756,0.2955,193.31766521491699,0.329,4531.554877029224
4063,734921,0.1215,15.385784547179444,0.126,19.512545835009195,0.1375,26.107171380005568,0.17250000000000001,39.843985659274004,0.1855,162.79845291310636
4064,734921,0.327,4251.121222135744,0.331,7381.733027013874,0.3325,10989.760815655696,0.341,13763.541649237337,0.3955,9102.032785555377
4065,734921,0.33,34.50751732413948,0.3305,24.98265827529183,0.335,18.728041498314155,0.335,14.398514131968591,0.34450000000000003,11.245361735556049
4066,734921,0.256,96.69926820736531,0.249,102.55062047272277,0.249,109.51701035311822,0.243,116.27898546143328,0.23650000000000002,117.95659615625296
4067,734921,0.4,441.8356502522705,0.3995,788.2729938522217,0.3995,1457.0506644869233,0.383,2925.463246798707,0.3695,9569.036437663386
4068,734921,0.28350000000000003,182.7655903658417,0.2985,629.7084341871158,0.36,2474.7072851447288,0.3915,10641.33412055155,0.4285,104990.90082823485
4069,734921,0.4245,3177.3929430448106,0.425,2659.3243836583056,0.425,1922.5298991059212,0.425,1133.6283223185067,0.378,265.85391342546745
4070,734921,0.47650000000000003,336.1904448910345,0.498,348.9228187148692,0.5205,348.4428834877748,0.536,330.650457449342,0.536,253.13908394803838
4071,734921,0.3115,254.77950474619445,0.2915,158.05875019266503,0.272,95.75626415946651,0.257,54.65336941670733,0.14350000000000002,20.449960336129315
4072,734921,0.47200000000000003,3550.602374257052,0.47050000000000003,1957.8734129148188,0.459,909.1178945596533,0.4345,361.29861092430764,0.35000000000000003,191.7096397972938
4073,734921,0.35100000000000003,38.25574140184119,0.352,33.87611732246141,0.3525,31.638050002575874,0.355,29.951799891976567,0.3555,26.638077236272963
4074,734921,0.35050000000000003,426.7679834678632,0.3285,325.3193113631917,0.322,235.7487252580571,0.303,156.23828185158638,0.2635,63.04381640231528
4075,734921,0.124,159.8450780192248,0.1215,147.92233609275826,0.11950000000000001,131.31078327614551,0.11950000000000001,109.15130544035183,0.124,66.05630678985423
4076,734921,0.1255,18.883031554556123,0.125,15.326215329204215,0.11950000000000001,12.657577660187906,0.11750000000000001,10.429848343392882,0.11750000000000001,7.768142793232586
4077,734921,0.489,30565.210730487684,0.489,24596.038617177215,0.4885,15024.541016114104,0.4845,6690.989472522841,0.377,999.0503862379003
4078,734921,0.14400000000000002,18.87451716486738,0.1445,14.480054147320478,0.1475,11.728639574175938,0.1805,9.789976951236277,0.2215,7.840068377600993
4079,734921,0.246,55.036283528000716,0.248,56.297707583828725,0.2495,57.97699288960224,0.2995,61.706118222847046,0.3075,85.94822675004467
4080,734921,0.1555,445.32424717495815,0.213,575.4231742036834,0.213,723.4100558607782,0.234,903.6532473237198,0.28700000000000003,1360.512463363773
4081,734921,0.28650000000000003,89.40810706925923,0.28750000000000003,65.47118526625063,0.2895,48.582559743568375,0.293,35.67515681677897,0.296,22.003459788444115
4082,734921,0.257,442.96137577331524,0.254,420.1984314681531,0.224,374.07593917094886,0.222,305.53105945316486,0.216,162.8382454441006
4083,734921,0.1075,27.501297894343114,0.127,28.549004967275703,0.1555,31.073351873096804,0.1825,36.51425407978261,0.229,62.52556903091749
4084,734921,0.646,2589413503.112839,0.663,2613668872.9150286,0.7965,1144964075.776378,0.7965,154944768.58783388,0.6215,78111.71540272069
4085,734921,0.1695,16.988015016146086,0.1665,16.50324219951308,0.1555,16.344608161424286,0.155,16.630771484941885,0.155,19.94092697200996
4086,734921,0.28700000000000003,54.09473700590488,0.2915,74.09794893337553,0.2955,110.38644942693811,0.309,172.7761763909397,0.3855,310.19408623082177
4087,734921,0.2505,18.431895359746775,0.1475,16.929091510108268,0.1205,15.764856134784804,0.109,14.817520343324041,0.099,14.298770296052506
4088,734921,0.4805,222.57074783875746,0.503,348.79481974672467,0.522,542.463643519507,0.5325,814.0375813106381,0.5425,941.8545643111675
4089,734921,0.16,45.29314672172647,0.1625,58.678451683235465,0.178,79.67513299213493,0.1895,120.63674107345129,0.326,359.8659963024528
4090,734921,0.2105,198.8257958345849,0.2105,211.67384125855313,0.2105,224.77370566340653,0.2105,239.90662847708995,0.2105,253.3293145462887
4091,734921,0.3065,30.25539623357165,0.3115,27.72944106716416,0.314,26.785204920244226,0.316,27.5282322853017,0.451,35.52908334327075
4092,734921,0.272,75.30129261221789,0.2695,70.41196333421182,0.264,66.60357055067057,0.2465,63.374902297428484,0.2215,61.14045976934676
4093,734921,0.089,7.113364297431164,0.0825,6.966112691023246,0.082,7.0968566632562435,0.081,7.559293979954814,0.0825,9.789915770187315
4094,734921,0.527,2000.6136743535135,0.5505,1684.927740893711,0.5505,1142.5204100591577,0.527,580.437872747108,0.3885,135.58838923401055
4095,734921,0.168,20.483666237769707,0.167,22.002136114789728,0.1665,24.354698264104776,0.1635,28.344299571966665,0.1665,43.471962730997376
4096,734921,0.1235,98.66264350682206,0.134,110.73915987118535,0.136,129.56455264259395,0.1445,166.6681764417436,0.183,401.79731688511555
4097,734921,0.6255000000000001,841411.7683537595,0.628,1426166.7593818312,0.631,1533300.2180763106,0.632,1037026.7609339427,0.6035,216871.07537056835
4098,734921,0.14350000000000002,109.27842926674242,0.1545,131.77350463658914,0.336,160.4279579159521,0.376,202.19165141792092,0.468,360.53886422383005
4099,734921,0.376,1580.0685280722253,0.3635,1074.5760706817684,0.35050000000000003,705.8713966482596,0.34650000000000003,433.89607749774797,0.3205,168.6328789172626
4100,734921,0.202,390.97719185615523,0.202,529.983681282148,0.202,655.1446794806268,0.221,722.0111402278882,0.2315,518.8738609586942
4101,734921,0.5275,17.817158853656416,0.532,14.213301541539582,0.547,12.006967759147466,0.5515,11.256163441462554,0.5555,13.146630181488058
4102,734921,0.211,120.46952466149392,0.21,91.58083202252719,0.21,68.17980489105759,0.21,48.76616627395056,0.212,26.90998214233735
4103,734921,0.28350000000000003,44.086567669627115,0.2745,41.68630046901792,0.218,41.49440882549212,0.214,43.51537701159738,0.2005,55.63038646892173
4104,734921,0.3055,2090.784969667119,0.3075,1947.794388441738,0.3075,1671.6896343301548,0.312,1286.29998412516,0.311,599.6559137557251
4105,734921,0.23600000000000002,275.3961553064329,0.23750000000000002,408.77760218132994,0.2645,582.6353669848296,0.2655,812.6147229716189,0.27,1189.0589419615928
4106,734921,0.191,2130.3121563794,0.22,2248.3658558316006,0.222,2163.003587072242,0.2305,1929.6991812268423,0.2445,1970.3549470234384
4107,734921,0.3645,84.05371152031137,0.341,79.4616666716254,0.296,76.07690775157563,0.261,73.37214827572761,0.245,69.42894236477838
4108,734921,0.4185,3643.5228746945186,0.438,4203.380184807088,0.4645,4306.587799957677,0.547,3850.1032169607533,0.5650000000000001,2022.987265517243
4109,734921,0.3885,248.09026019923184,0.3625,242.83413093370018,0.3335,233.1622485266416,0.326,212.81198155664833,0.28250000000000003,147.41416617086554
4110,734921,0.179,71.22320565873208,0.1815,68.12995266811132,0.183,66.2181195944005,0.1895,66.69738656404003,0.20750000000000002,84.3925851311953
4111,734921,0.6970000000000001,922.876227834846,0.6945,1226.6621228539902,0.687,1443.4227190729096,0.636,1305.1157302591334,0.552,527.9190004026933
4112,734921,1.3925,8475.876565477085,1.4405000000000001,87127.4046226584,1.4745,809419.2425005382,1.4855,3402689.3890126185,1.3805,547109.6587650249
4113,734921,0.227,113.18165942464401,0.1915,122.95500786943458,0.1915,130.3421901914493,0.1915,134.47716121317174,0.1905,128.0423089697989
4114,734921,0.20400000000000001,194.26754826340374,0.209,145.0170707334159,0.2105,105.23033613943609,0.2125,70.99514044198331,0.2215,29.978302716206475
4115,734921,0.1085,23.79516027159553,0.1145,22.230584802041506,0.115,21.061674710874563,0.11850000000000001,20.320890647200084,0.23650000000000002,22.816196036324
4116,734921,0.1635,180.77071136430465,0.20450000000000002,211.73122693955443,0.20450000000000002,239.79031345324427,0.20600000000000002,264.0422422242275,0.24,281.9503165051878
4117,734921,0.187,122.49789374305311,0.185,96.25576016879738,0.1845,75.7634187536388,0.182,58.70520926465974,0.182,38.48425667353939
4118,734921,0.084,16.841322208367842,0.0855,18.208653420944383,0.0915,20.045455444124713,0.0985,22.900406299401084,0.1315,34.814339415608146
4119,734921,0.1985,411.2927040871967,0.2255,341.2394233928208,0.2255,273.07633246205825,0.2265,206.10533322351628,0.3285,110.61517667472533
4120,734921,0.1475,45.851007103385406,0.165,59.00674839075365,0.171,79.00077158696558,0.171,115.12987138069096,0.17450000000000002,301.92883614771955
4121,734921,0.544,2467.2882605600826,0.509,1612.1607321522924,0.4235,937.4139847953753,0.179,444.27316128259287,0.1525,75.60106239739828
4122,734921,0.26,888.2888630129775,0.241,379.34067818373023,0.228,177.80972579191354,0.192,83.26365467228447,0.14200000000000002,23.825297801429095
4123,734921,0.23950000000000002,211.44998938805702,0.244,254.29823731865807,0.2495,314.62641760623865,0.28400000000000003,407.0907768454944,0.3755,608.889015627009
4124,734921,0.2475,1398.944337185141,0.247,913.1039366472959,0.2415,540.3168900801894,0.23500000000000001,269.8766142038984,0.232,62.24524661977481
4125,734921,0.6910000000000001,773.1104704758742,0.7075,501.68773886039145,0.711,430.1056449839633,0.711,482.6649862682103,0.5765,259.8904106157673
4126,734921,0.2465,25.304198444892677,0.2465,25.427026462805575,0.253,26.05306377369516,0.2575,27.683773297691435,0.258,37.15660538296801
4127,734921,0.246,92.69805433670261,0.2435,84.93244934354438,0.23700000000000002,73.90390921860664,0.23450000000000001,61.34106496858499,0.2305,50.2605077556435
4128,734921,0.513,1687.3958203308407,0.521,3349.772964594158,0.546,6026.718363600727,0.5525,9328.030148356012,0.561,8576.98465816704
4129,734921,0.2995,21.279247468087284,0.291,16.899035019752873,0.2905,14.123663086975137,0.2895,12.142688611617734,0.1865,10.406264099590972
4130,734921,0.3165,78.33859386294309,0.3215,128.6750286262644,0.3215,214.62294638675462,0.3215,355.56053174091136,0.3215,647.9195394604257
4131,734921,0.458,6005.875209583027,0.455,1845.485998711941,0.4305,541.5309662457256,0.374,163.7145043175084,0.297,43.17589140842447
4132,734921,0.3155,504.71446336516493,0.3115,192.39987997938942,0.3075,101.37609445576972,0.2905,69.1672645095131,0.2,46.94639089024927
4133,734921,0.1375,18.337096984510794,0.14150000000000001,17.489704852543305,0.145,17.045644700675968,0.149,17.09170690490924,0.16,20.025501513687168
4134,734921,0.5740000000000001,17570.464337362708,0.602,17543.78314912764,0.635,15670.259518838158,0.6485,14141.30262071547,0.6885,8937.027949744792
4135,734921,0.318,6083.646878746263,0.3125,8052.180560719888,0.289,8458.627695335485,0.2765,6658.930850245527,0.2595,1717.7583401839927
4136,734921,0.358,30.961300926269345,0.4055,42.5312833257468,0.41050000000000003,61.81402729947253,0.421,102.54462834699467,0.4205,435.850101440704
4137,734921,0.1805,421.1407285117057,0.176,289.2921104682275,0.17550000000000002,187.64675366716403,0.17400000000000002,109.51228056252518,0.1635,35.48038074054059
4138,734921,0.47300000000000003,386878.5691817407,0.465,106696.13589235676,0.4595,21246.272073205746,0.40700000000000003,3086.1043242085148,0.2695,223.046881521515
4139,734921,0.2245,130.24980387045903,0.2245,175.45093089224954,0.227,243.23858010246332,0.2665,355.2469483036464,0.271,704.0528881765458
4140,734921,0.794,2658.800457154979,0.8035,1947.0445342807243,0.7915,1395.947562100677,0.71,898.8707630412217,0.6145,272.0189032518146
4141,734921,0.43,29.25261574569862,0.1635,21.88118531402776,0.15,18.41741300319507,0.137,16.617191748703963,0.10300000000000001,16.065819648176678
4142,734921,0.229,281.4897323105625,0.2235,294.54212654602645,0.2135,293.9096921857914,0.2085,274.8166768031919,0.195,190.1375848669693
4143,734921,0.23500000000000001,636.6432871688419,0.23900000000000002,876.2691443567973,0.2435,1178.8922636560067,0.394,1616.5688415247819,0.4325,3127.7871543794877
4144,734921,0.1905,160.8313914048001,0.1905,112.0047405995932,0.1905,77.35043384679773,0.1905,51.82289981036814,0.1925,27.12347303634737
4145,734921,0.273,207.4788733434306,0.28550000000000003,315.9920133316017,0.34850000000000003,655.2270745136501,0.35100000000000003,1713.1603660246171,0.3525,6646.146655350706
4146,734921,0.195,79.08790193803563,0.216,118.55432324663879,0.23,191.3618974227251,0.252,341.42356306363087,0.2575,1010.9767833341886
4147,734921,0.6345000000000001,906.927367183697,0.646,3792.7014366872863,0.6895,16529.535895320038,0.7455,75366.40136510365,0.7105,544568.562824559
4148,734921,0.41450000000000004,2824.043109892632,0.4395,6186.569165855983,0.4535,11704.867036722768,0.4535,18755.423634092152,0.41500000000000004,18056.01502900466
4149,734921,0.152,35.58219846842084,0.1565,40.23365802703232,0.168,46.256437567219876,0.179,55.00875037185132,0.2125,80.43567090772254
4150,734921,0.20450000000000002,333.79271758588493,0.20600000000000002,357.4307510282365,0.245,369.26467914414627,0.3425,362.43436242880955,0.376,275.33425402938724
4151,734921,0.399,261.93255399893735,0.4045,290.2564912704003,0.5670000000000001,307.02535006493366,0.6095,298.33020575527803,0.6095,186.59321786518166
4152,734921,0.2945,38.4217984549872,0.41000000000000003,89.52036258003558,0.465,214.9030833440108,0.47800000000000004,543.4952075399881,0.5065000000000001,2704.3540917513196
4153,734921,1.0975,1220706.190776798,1.089,417176.98374174384,1.033,63921.26281849902,0.9205,6880.70150657767,0.501,1978.8480740976531
4154,734921,0.273,138.1267484302306,0.275,143.90694716295297,0.2885,153.70069742706377,0.2915,176.2665167569919,0.321,344.49206377614024
4155,734921,0.2215,142.44803259932257,0.2535,223.10832059728668,0.254,409.3425514003625,0.2605,943.815361374686,0.2675,5253.71992693698
4156,734921,0.3,346.7253107114967,0.317,380.2871592024285,0.34950000000000003,417.18010670829034,0.3595,451.0286597878152,0.40650000000000003,487.0059091676202
4157,734921,0.225,83615.86332956933,0.2255,147627.85817860308,0.2255,204744.57773352804,0.2265,210413.7545153755,0.228,61314.59560848433
4158,734921,0.314,9.142455171160307,0.315,11.800983497510922,0.32,17.313281619431248,0.3285,30.460201313834926,0.34800000000000003,110.03766180360735
4159,734921,0.2735,14.247462643676405,0.2795,15.150347274529267,0.28200000000000003,16.81667667457811,0.321,20.1243507918156,0.353,33.8179019038993
4160,734921,0.20750000000000002,100.20778060347392,0.20550000000000002,81.49661529032946,0.171,66.88652397899925,0.166,55.34749393704094,0.155,43.742886743410544
4161,734921,0.195,16.023909717339944,0.1985,15.268064747807717,0.2015,14.874077789491093,0.223,14.823196807018144,0.2475,16.558655477745713
4162,734921,0.34,428.6863783711744,0.3185,379.6958005989673,0.256,400.2320250440699,0.227,428.3973096177829,0.1835,401.6012528998886
4163,734921,0.3035,361.8485637180701,0.311,572.9944517543778,0.3115,931.0883923452703,0.3125,1591.3416322442984,0.316,3722.535509841519
4164,734921,0.195,358.95538234574207,0.2175,471.87491408300195,0.2275,607.94236508277,0.23650000000000002,783.1711266388231,0.2615,1162.1654054150013
4165,734921,0.809,553.8092044501492,0.8130000000000001,393.28702378331855,0.812,219.25040496265152,0.7965,95.0751708321826,0.676,32.718494973579844
4166,734921,0.20350000000000001,815.6603122002658,0.199,607.5820990052987,0.1885,437.4633616637705,0.167,289.9752227692478,0.126,116.79181300730103
4167,734921,0.448,7012.134269628086,0.437,2615.7561658354525,0.4265,766.0105020824107,0.3555,194.06382537039093,0.2475,54.105598712607446
4168,734921,0.856,4409.516400498052,0.8955000000000001,11065.250202188925,0.9,23729.671122945645,0.856,44246.37311489187,0.7565000000000001,51117.06706814357
4169,734921,0.138,14.212094261833652,0.148,17.200127275806533,0.1875,22.33461248583418,0.201,33.932475095694855,0.291,144.65727827111735
4170,734921,0.399,48.83203826856872,0.2705,44.257817849375215,0.23,40.49216019356594,0.1965,37.57145531511415,0.18,36.39434046005142
4171,734921,0.23700000000000002,1132.2925655738284,0.2485,2713.9698190110157,0.28200000000000003,6320.482692434233,0.2935,14878.997288834236,0.3555,44306.8578574474
4172,734921,0.6525,654.8764196878941,0.6565,711.0049673453235,0.6755,744.731249613119,0.6785,743.6591446533946,0.6525,567.6491116593642
4173,734921,0.4205,93.31136865558304,0.4205,108.29383698547194,0.4205,126.8578194480081,0.4205,151.37484259872323,0.4165,203.8860222002351
4174,734921,0.482,153.68215837607605,0.47400000000000003,178.3737769041786,0.47350000000000003,213.1224193402793,0.4255,272.64849000154777,0.3405,464.92171476573037
4175,734921,0.759,3706.2313661736484,0.7675000000000001,3133.6516759999195,0.776,2158.915654986283,0.797,1131.6236018173695,0.7635000000000001,133.7926305821633
4176,734921,0.254,144.89632934610913,0.254,204.2170367945659,0.254,292.7137780283015,0.254,436.8408460737981,0.249,826.9765515564808
4177,734921,0.1225,108.82526012105845,0.1225,140.1306424927858,0.1225,175.64599803618634,0.1265,216.8635697298256,0.1545,280.87286733206594
4178,734921,0.186,10.611429737217888,0.1565,9.436608440750167,0.1535,8.839845639136804,0.14100000000000001,8.670511576657505,0.1105,10.049445045614101
4179,734921,0.393,1379.967998620417,0.40700000000000003,1431.4470885414405,0.461,1553.624148912949,0.597,2317.2711592127807,0.661,16382.23839278892
4180,734921,0.308,120.44446028299441,0.296,99.32773336848967,0.295,82.9855610128541,0.2925,67.87867113602563,0.20350000000000001,45.371767550112295
4181,734921,0.117,18.631974041327638,0.117,20.855270585277907,0.125,24.98777428793764,0.125,33.79987745912498,0.157,84.19503730815961
4182,734921,0.2405,20.077889031625723,0.299,17.694815914063398,0.3,16.41262765185911,0.3,16.27048673086659,0.301,22.50544869960975
4183,734921,0.269,1130.5744962122342,0.269,1092.570232907811,0.266,947.4084683954753,0.2485,706.9530519747733,0.247,263.8819346853162
4184,734921,0.43,29.806497284928497,0.418,29.207036466486002,0.41500000000000004,28.210134985411806,0.41150000000000003,26.88897988164453,0.35150000000000003,27.12523718659796
4185,734921,0.1145,98.57177391209386,0.11800000000000001,102.74424041368071,0.11950000000000001,107.8409881444267,0.1245,116.68853595331801,0.1685,173.72092627277897
4186,734921,0.1995,96.58504665474874,0.1975,60.868258668252395,0.1865,46.51791727574036,0.169,42.08909259123997,0.1495,45.97738910696667
4187,734921,0.1685,23.256958583259607,0.1715,26.08568810308347,0.1825,29.8541805972499,0.1935,35.49570073013271,0.2715,57.4642620632121
4188,734921,0.378,630.8475601346419,0.37,418.5092200254713,0.3635,276.8266321915726,0.34750000000000003,176.29110658363015,0.2745,86.52278234114482
4189,734921,0.276,415.0289460466058,0.28,427.6113635927025,0.28350000000000003,415.7343930229464,0.301,373.9462315911978,0.3805,243.20963713045697
4190,734921,0.19,68.3548407483954,0.2115,68.92083120715301,0.222,71.78004041703164,0.2235,79.67352765480726,0.2325,127.16681107694511
4191,734921,0.2575,610.0252547095452,0.2715,391.920187814257,0.2715,244.78254297144886,0.2715,148.95968369627434,0.2715,76.45358877654519
4192,734921,0.519,137220.01263690265,0.5215,233345.98440383395,0.547,297050.8133736351,0.5690000000000001,256629.41824359284,0.5215,37841.16668203714
4193,734921,0.462,544.6201853393243,0.4665,252.85947978863993,0.4665,106.4749457689031,0.4595,45.985220009459795,0.203,23.191313200890157
4194,734921,0.3265,375.9674336710232,0.41350000000000003,689.0254441620939,0.435,1300.428860271004,0.442,2520.1002939381488,0.625,5234.857175416347
4195,734921,0.611,229647.8261976609,0.6395000000000001,443466.27452266956,0.663,591029.6241028641,0.7025,497107.9840913884,0.7025,68579.60270421597
4196,734921,0.458,4584.42348413125,0.458,3099.2733532195452,0.447,1836.241494571994,0.4395,941.2035178867139,0.32,286.4288799613683
4197,734921,0.1575,476.7279609182323,0.16,814.9591078902266,0.224,1336.2008475663333,0.23800000000000002,2097.5078660594254,0.337,3134.6463503720875
4198,734921,0.486,5513.861182822539,0.466,2155.485231596416,0.41050000000000003,681.1337660652226,0.3915,195.55813788555503,0.244,85.60348286904689
4199,734921,0.20650000000000002,345.3508107078028,0.20350000000000001,300.18449891387377,0.1995,244.53884591886188,0.199,180.55962253198507,0.167,82.95960875571215
4200,734921,0.26,17.32586583317739,0.2765,17.515464821299677,0.28650000000000003,18.664791068985814,0.298,22.34803354045347,0.4455,102.30390453886564
4201,734921,0.5750000000000001,1006.6204991670699,0.6910000000000001,1568.3192431012255,0.6960000000000001,2283.0992333297418,0.6995,3146.449592211887,0.7175,4000.9512448411974
4202,734921,0.342,212.38810774997114,0.3705,172.56908005027194,0.3785,150.28250568068077,0.398,152.0169889583014,0.4285,247.20625841233917
4203,734921,0.0965,79.7843548858477,0.1045,100.98622072014098,0.1045,127.79637152736743,0.1085,166.70686450657098,0.181,296.1186784461119
4204,734921,0.715,1723.1962598675896,0.733,1091.101663758118,0.7435,583.6778746870798,0.756,246.17629910549377,0.727,37.91539674999637
4205,734921,0.176,130.03127171123128,0.1795,124.90848388663368,0.187,118.76969809428907,0.1925,110.67533706212437,0.2155,92.23408281544381
4206,734921,0.134,88.73043940606816,0.134,84.52842377038834,0.134,80.66310889056251,0.1355,76.58664799596347,0.14350000000000002,68.44140747582517
4207,734921,0.228,211.02669351786236,0.2285,299.4913665436301,0.2285,407.9088454074358,0.2285,528.4963649772862,0.229,605.9071726215905
4208,734921,0.2495,13.836057415959479,0.2485,14.158608390793209,0.2485,14.944825520325347,0.2485,16.548650110615014,0.25,23.86131170612642
4209,734921,0.138,15.85554288561685,0.145,18.860398506442245,0.1605,23.115714417494978,0.1675,30.448293618679976,0.1905,71.64176952844517
4210,734921,0.292,56.29127923934973,0.28150000000000003,54.04485394709678,0.2775,52.87984814635712,0.269,52.933132201545135,0.2535,57.683026857495605
4211,734921,0.1365,12.573593185656565,0.1535,13.398773829269654,0.159,14.820304658692637,0.17300000000000001,17.686038029161136,0.23500000000000001,41.44997558226047
4212,734921,0.2645,53.21346436731199,0.265,51.01222699420252,0.266,49.116607292981705,0.2665,47.238474229117976,0.2715,43.81074385635924
4213,734921,0.1165,107.73025936703772,0.1205,122.00289205094008,0.1205,136.59485508814524,0.125,151.89472655723597,0.1445,170.80063885935758
4214,734921,0.272,119.41838668703643,0.2715,106.74231634545157,0.271,94.29077141764795,0.2695,80.35158741843125,0.243,55.84440382305116
4215,734921,0.321,764.2113788283622,0.3195,855.627948593342,0.319,793.9701531534242,0.31,589.8982822064675,0.3005,242.47689212643337
4216,734921,0.341,376.2232133512517,0.3405,315.0134741635807,0.329,256.6230538393412,0.328,198.07548418619714,0.256,110.67896174187067
4217,734921,0.5005000000000001,16.47564463975075,0.5,17.47840157917408,0.499,18.950806533923217,0.47900000000000004,21.491657008417995,0.4235,34.80911430470458
4218,734921,0.545,428.0884768672644,0.5405,456.75249526205465,0.5075000000000001,473.1457309105574,0.4865,475.4297931105639,0.4445,423.06884987760156
4219,734921,0.427,27098.261689077208,0.4345,44793.9124567591,0.443,59867.8699170357,0.4465,59609.61148540511,0.47200000000000003,15202.365046560157
4220,734921,0.17450000000000002,270.1612038328926,0.17450000000000002,350.0046575433879,0.1885,444.12589062087386,0.1895,552.452640912839,0.24,656.6873585826327
4221,734921,0.3875,716.461540670938,0.399,1160.3783910004354,0.399,1647.4888619504723,0.399,1947.6099806295556,0.34550000000000003,1051.1913608055308
4222,734921,0.403,1394.7538857642908,0.4325,1107.5566176451093,0.4435,824.5642977257132,0.4445,564.0530925210775,0.4455,236.89118622585386
4223,734921,0.294,119.75465940494074,0.2935,117.41672906205693,0.2925,112.87942653534448,0.2915,105.25834528041571,0.2695,85.05382487820273
4224,734921,0.184,44.44126452268856,0.1825,49.309246976636764,0.177,56.09570082882991,0.1765,66.8491650531813,0.17300000000000001,103.06300457779312
4225,734921,0.26,201.51656357313837,0.2595,206.1176686095255,0.1475,206.3159823590824,0.14150000000000001,198.4513837269836,0.1145,153.87237312346733
4226,734921,0.1065,52.16826746710135,0.1065,55.93519622253485,0.1065,60.48394859044261,0.109,66.4517872023356,0.111,80.49992596230955
4227,734921,0.179,311.28247378196056,0.149,332.6599682050019,0.138,353.23276000410397,0.129,371.58080667623744,0.1145,365.993071469489
4228,734921,0.108,53.45712088981709,0.108,65.43112782094526,0.1125,80.27196821769051,0.117,100.47283892085758,0.124,154.90991275228944
4229,734921,0.47750000000000004,175.8153704042597,0.47650000000000003,157.7270475102173,0.467,137.6246830377644,0.4625,115.40824553475474,0.34700000000000003,83.14002214366046
4230,734921,0.3175,79.14934972934172,0.14300000000000002,62.01997447570772,0.14300000000000002,47.67963302298722,0.5565,35.32587514824168,0.5295,21.371069657214356
4231,734921,0.1385,22.58041339103536,0.1385,19.19678310886836,0.1385,16.887535361505794,0.139,15.138647303975405,0.14350000000000002,13.305294807418015
4232,734921,0.3615,48.71033878173297,0.367,42.05387135151113,0.369,35.9157191136605,0.3745,29.92346317743678,0.3865,25.562861190731425
4233,734921,0.1645,145.02378298572265,0.168,199.43171475149256,0.2315,269.4823464452712,0.451,359.0010792997701,0.537,562.716833848497
4234,734921,0.151,51.39188167071564,0.151,61.90573530578886,0.1525,74.76720182688798,0.1535,91.02925400036801,0.164,118.9389845792713
4235,734921,0.194,9.447479888425452,0.1895,8.964958955374923,0.1255,9.013109194745226,0.1125,9.38277798563393,0.096,11.32466354687901
4236,734921,0.9015,6547.613724560645,0.8895000000000001,2458.6077321273187,0.8835000000000001,591.4440496971537,0.7195,102.51030930750451,0.378,36.64430544814776
4237,734921,0.1005,87.26120786232221,0.1005,91.62521066713178,0.107,98.12438590457444,0.115,108.86945309545311,0.117,147.9081926350317
4238,734921,0.243,9.97054394624898,0.243,8.939876520478398,0.241,8.412746269955118,0.241,8.267966253459697,0.2445,9.368689609985715
4239,734921,0.23550000000000001,512.1962958133338,0.3205,601.914729640465,0.3305,672.4166538923636,0.34700000000000003,706.05969262183,0.3555,602.5046552249474
4240,734921,0.2615,46.87043816438054,0.2675,53.989027728407166,0.281,62.84228348124673,0.291,76.43799155961257,0.316,140.08899093114368
4241,734921,0.2325,24.88539576154272,0.228,32.49774778359519,0.209,44.588806598005014,0.20600000000000002,65.98594441768317,0.17300000000000001,159.49506695877614
4242,734921,0.2605,36.68403083499853,0.272,39.58253887450892,0.28800000000000003,45.4374293886552,0.319,57.32194372459697,0.40750000000000003,104.71524783965602
4243,734921,0.20450000000000002,38.77788169718918,0.203,30.777889138109227,0.2025,25.091025894659147,0.19,20.92997353496115,0.1785,17.790331898836552
4244,734921,0.225,17.92722805355382,0.163,17.6303000497378,0.161,17.813593269912964,0.161,18.736300063689598,0.161,24.43278849625407
4245,734921,0.203,6.880411589073167,0.20800000000000002,7.401399130828197,0.224,8.837272464310793,0.278,13.918710682408832,0.3785,131.68313265061795
4246,734921,0.3215,11.604330958625415,0.3215,14.091058310912066,0.3225,18.09005371657755,0.323,27.50009157471267,0.323,153.44864045469953
4247,734921,0.278,3532.9070303693256,0.2905,5381.955190713371,0.3025,7429.403473111035,0.3055,9069.146133520537,0.3565,6503.164135716844
4248,734921,0.6815,8609.870967551895,0.665,1938.7856177233955,0.5565,330.67657988668475,0.5195,100.53931097253289,0.273,43.94577160741287
4249,734921,0.2775,52.628083815459455,0.28200000000000003,55.52595584463842,0.28600000000000003,62.09817569072684,0.3075,75.0169475469829,0.3145,121.48618355408709
4250,734921,0.214,691.3100381673942,0.2135,358.27237905359834,0.2125,183.076185374533,0.20800000000000002,89.22522559445137,0.192,28.131948099642806
4251,734921,0.4165,913.8195375334759,0.4175,691.4587979151186,0.4195,505.1311279686954,0.4205,349.1046429938555,0.42,180.10181693290295
4252,734921,0.3125,918.9619050054955,0.3125,1802.9521934981142,0.3165,3206.4103608916535,0.317,4972.890164421961,0.319,4160.342724203177
4253,734921,0.2425,44.339653351186676,0.2425,47.3345631447022,0.244,52.35559342476537,0.2485,60.76823647535232,0.2635,83.92243166136214
4254,734921,0.1305,34.4052084517509,0.1305,34.068188015872366,0.13,34.346293312085315,0.1295,35.80738112793227,0.1305,46.14823340047888
4255,734921,0.28750000000000003,214.53788164291666,0.28400000000000003,141.20345504369365,0.271,96.73980047518467,0.2515,67.80283140604196,0.17450000000000002,42.897817224182084
4256,734921,0.1075,113.55648627184004,0.105,107.46839418902343,0.1015,100.99283544892727,0.0985,92.9574636236297,0.0985,73.6451752087042
4257,734921,0.725,1827.2673178886998,0.8305,2594.014121436408,0.838,4760.948951711378,0.862,11998.533667375552,0.8965,40036.354069600064
4258,734921,0.23500000000000001,389.2082073893192,0.2295,501.208193066231,0.2275,619.4327327521349,0.2085,733.4891486799131,0.14400000000000002,765.9292070272353
4259,734921,0.234,112.66249460281925,0.23600000000000002,121.79963532838195,0.23850000000000002,132.11276746489514,0.23950000000000002,147.0761335825303,0.2625,195.71549880154626
4260,734921,0.12,18.25941507559876,0.11950000000000001,17.755042940783458,0.105,17.5941619709661,0.11850000000000001,18.11034089870741,0.11950000000000001,26.252445516300067
4261,734921,0.3845,18.589381080768163,0.3885,19.448333814321995,0.40700000000000003,22.186952654663042,0.5175,30.728018283879145,0.6245,130.0710089170807
4262,734921,0.1325,78.82715907097582,0.132,87.63952534306422,0.132,98.69531430571557,0.1325,112.199969933196,0.14200000000000002,125.7513314873534
4263,734921,0.34800000000000003,197.61240890949375,0.34800000000000003,219.7152088117132,0.34800000000000003,233.51265464422008,0.34800000000000003,234.23999397433005,0.34550000000000003,184.55461040343428
4264,734921,0.14400000000000002,31.98756660237074,0.138,31.963850750664953,0.138,32.61125684198134,0.1375,34.45684024787588,0.137,45.04028300545588
4265,734921,0.491,1827.4669128746152,0.4885,1359.2432842716942,0.48,779.9809070021532,0.4535,309.75661053763537,0.4325,54.66157764316725
4266,734921,0.1765,13.370340797835787,0.2235,12.121420324237233,0.231,11.434373919428005,0.23800000000000002,11.224396718146945,0.253,12.709435302169977
4267,734921,0.2645,1002.1391544606719,0.265,896.1105956687521,0.268,737.6654897267713,0.2685,536.8548765925404,0.4055,218.87675586476553
4268,734921,0.268,83.19024799573724,0.2775,115.94526423762224,0.2905,179.65676887013805,0.34950000000000003,331.0641015734329,0.443,1231.7527630501188
4269,734921,0.1915,25.720965626725807,0.1915,25.538877734314777,0.192,25.74984994475256,0.192,26.41335240974242,0.2215,29.767045166906573
4270,734921,0.2515,118.79433330853841,0.23750000000000002,123.36216404298102,0.232,126.48483412440824,0.231,126.7867965496579,0.231,112.58962807815128
4271,734921,0.23650000000000002,80.50798590548044,0.241,93.63134755526951,0.248,109.74784115115517,0.2645,133.98369628558063,0.41200000000000003,370.2110149380824
4272,734921,0.40650000000000003,151.69519536753384,0.447,210.48750245762415,0.4505,298.6977258744706,0.452,413.1115256480693,0.4525,447.89963616123356
4273,734921,0.2615,123.23977499609236,0.259,79.6396289502241,0.2535,54.52154456953031,0.249,38.83039202109849,0.214,26.383624933782905
4274,734921,0.1695,10.584321067372704,0.1765,9.519054027010831,0.1765,8.925140412944682,0.194,8.906676087914796,0.242,13.239668515859137
4275,734921,0.255,11.103191753430753,0.2005,10.391554674886008,0.1625,10.089281416165289,0.10300000000000001,10.291605852831298,0.097,13.860427160989834
4276,734921,0.3655,164.87488918516846,0.3655,195.42077438915052,0.365,235.6541846700669,0.3615,296.21435941736286,0.3345,481.44508568264973
4277,734921,0.08750000000000001,39.30809493653521,0.083,39.19006082997924,0.083,39.34394447093073,0.0815,40.053076060587834,0.083,44.80733089577559
4278,734921,0.7245,35284.47291796174,0.7325,54689.96088376717,0.7445,73850.15624867665,0.8375,50836.91309982978,0.7865,870.2077427678767
4279,734921,0.096,48.96618471119947,0.1015,58.09256153409675,0.105,67.89743205084605,0.105,79.35751360819596,0.182,106.61504876227212
4280,734921,0.423,469.7076431566998,0.374,538.5249840874687,0.3685,552.557467118882,0.3615,494.5216379664044,0.3125,277.6029500170298
4281,734921,0.1885,114.30689942680829,0.1885,107.34075454098408,0.188,99.33031718747718,0.188,89.7402624875149,0.188,71.7587552416201
4282,734921,0.2585,131.47801021015366,0.261,252.22654694553955,0.2625,515.0336272921944,0.2655,1140.7410314395502,0.28250000000000003,4190.9097295201145
4283,734921,0.273,37.92762956493071,0.2575,35.389890479748274,0.2575,34.50717936377005,0.2575,36.60083091920434,0.257,62.00916435699512
4284,734921,0.4315,215.11988692326568,0.5295,304.675233912412,0.5645,440.63373723642263,0.6950000000000001,769.8053347585867,0.8465,34367.87938018291
4285,734921,0.4205,9.226014335033783,0.2435,7.595120301720643,0.2405,6.577111826514469,0.114,5.891792100908644,0.092,5.552794331743818
4286,734921,0.3595,331.4407057432751,0.367,499.6262578589389,0.395,772.6668130346404,0.5025000000000001,1363.5588486128952,0.909,7040.867863640668
4287,734921,0.1545,31.405295531251898,0.1475,22.776447095281,0.14400000000000002,18.05667549271786,0.14350000000000002,15.477894302265224,0.14400000000000002,14.804056219913116
4288,734921,0.1615,150.7236313201973,0.1625,221.81858707350085,0.164,318.3659631600721,0.20700000000000002,455.81830930067093,0.2115,768.3193631095962
4289,734921,0.4055,1031.4946256284345,0.4045,1433.921290873903,0.3975,1811.2657192284696,0.394,2078.791798708429,0.377,1803.1125987804605
4290,734921,0.339,24.31272365241832,0.3395,19.5864126756471,0.35000000000000003,16.149132679712867,0.35150000000000003,13.523878825120532,0.1655,11.353479450554358
4291,734921,0.2485,203.53420208501896,0.2665,299.9652605541677,0.2775,432.05227795557363,0.3625,614.93993350406,0.4875,924.0339536828532
4292,734921,0.161,53.17047555522557,0.17200000000000001,127.03553824956806,0.177,325.2715842847474,0.181,924.771823236319,0.34650000000000003,5275.5207315329835
4293,734921,0.231,26.921292880887684,0.255,45.788217788091686,0.264,84.01313941577234,0.2755,175.8939249325715,0.301,796.4648588528682
4294,734921,0.251,75.30722034887793,0.251,102.43950315284543,0.2705,146.0008271060874,0.28700000000000003,223.40118605364526,0.2915,507.00318069219026
4295,734921,0.4365,5512.196561533796,0.3255,4147.901567504898,0.2965,3050.6941544907504,0.264,1930.4907639861995,0.148,508.6109335879027
4296,734921,0.3625,115.25807800088346,0.3615,94.41744543074574,0.3605,79.2600017174565,0.36,66.73489124930232,0.34450000000000003,48.89531574223609
4297,734921,0.32,115.18820608907022,0.3295,149.28673898447065,0.37,202.33514129324033,0.5725,457.6379105933422,0.7135,61398.87835432416
4298,734921,0.1475,1119.5424940820596,0.1475,908.6359551751108,0.153,691.5218771446023,0.1545,482.1319806482348,0.184,228.72299745820447
4299,734921,0.213,62.9493754984392,0.231,123.00170775264824,0.248,339.5553069207224,0.2585,1242.9781906070064,0.389,11401.653254654395
4300,734921,0.5005000000000001,378906.5442868101,0.5005000000000001,518919.6491404482,0.455,502177.65118233825,0.431,307587.84132067923,0.2795,24965.06647201749
4301,734921,0.196,56.43694335680437,0.201,111.61235109312113,0.3555,252.80781365768712,0.376,694.4000797880997,0.3985,4872.787173619557
4302,734921,0.281,22.687288064795894,0.3005,37.946209803803185,0.3005,65.95111108414382,0.3,123.5190782070109,0.2915,415.78494371447806
4303,734921,0.1585,80.6626837116871,0.1605,81.96901031712986,0.163,83.33387496862154,0.1775,85.33634940270234,0.2275,93.77891441928625
4304,734921,0.1635,34.49626795166588,0.1655,41.511200296195874,0.1825,52.08741947537963,0.1885,71.18728094520158,0.281,173.56319507377057
4305,734921,0.47150000000000003,89.64309844562683,0.7265,228.94507876101878,0.8230000000000001,1744.0076344947254,0.8665,21466.34317796984,0.9225,909612.355082594
4306,734921,0.219,93.43319370398905,0.2145,73.59057896966101,0.201,61.481929379277666,0.1865,53.820514524853465,0.17200000000000001,49.23357445854343
4307,734921,0.3045,275.91682168289606,0.3105,271.56273688360255,0.313,260.561421488399,0.3145,242.90905267109292,0.313,198.29164448358654
4308,734921,0.2,470.4563840491515,0.234,677.8878765553133,0.2505,1013.3656537597283,0.311,1638.2812279202788,0.335,5977.950683441224
4309,734921,0.1945,40.542568980552694,0.1925,31.383912982459414,0.1925,25.288855073974226,0.1925,20.962235678856516,0.1925,17.10821742479898
4310,734921,0.2655,165.6523235560815,0.278,163.36169603441365,0.405,158.66910001905447,0.453,149.9034060104624,0.5335,238.40453874569442
4311,734921,0.0945,24.83632221466164,0.0945,25.009980039889324,0.0945,25.611111956649065,0.0945,26.800461428679164,0.1135,31.08003153494908
4312,734921,0.3165,227.22587753482262,0.1395,168.29273370415186,0.129,122.66888226560314,0.11750000000000001,84.43704985709086,0.1085,38.82250647712841
4313,734921,0.6175,344.79830891137414,0.6405,1248.012088896845,0.6835,5096.032961133564,0.6885,20803.50754142409,0.6915,66821.49854578196
4314,734921,0.341,1138.162873212285,0.34500000000000003,1257.8077971793914,0.34550000000000003,1373.9288139578382,0.34750000000000003,1430.804910322942,0.34800000000000003,1016.8820896509876
4315,734921,0.2315,22.926319685560692,0.1915,26.354961278826654,0.1855,30.793866178819393,0.148,37.3124436508946,0.1205,58.18502430097434
4316,734921,0.23850000000000002,1651.963263999162,0.23900000000000002,1019.6965912991521,0.2405,601.7897862407068,0.2405,315.72762356240156,0.254,72.39162318111035
4317,734921,0.215,33.57609840464799,0.203,35.57132578130299,0.201,38.26930199896874,0.1925,42.55169839673563,0.192,58.80023231020543
4318,734921,0.532,8644.253558570286,0.5700000000000001,7613.8630959891625,0.671,11583.468018738808,0.71,25065.224315751875,0.7135,32908.584993977354
4319,734921,0.47500000000000003,378.1279253132018,0.2405,240.71542451771595,0.23450000000000001,151.82034521906397,0.2245,90.36492776116305,0.14100000000000001,37.89599707009329
4320,734921,0.2225,504.95310865909585,0.2225,362.3096691686742,0.2285,261.330537669711,0.2335,196.0000142275525,0.23600000000000002,181.2520816045486
4321,734921,0.2775,90.09396250387478,0.2635,48.73922842567541,0.23800000000000002,32.75869942646095,0.2285,23.662872229682268,0.158,14.763941988271956
4322,734921,0.4025,23.80546084078067,0.4025,28.35452822145731,0.4015,34.84510071767285,0.3845,45.547694039354894,0.358,86.8435479211362
4323,734921,0.2665,55.61721252891959,0.28200000000000003,70.95397207148295,0.357,92.89136417772764,0.3595,129.0830243704904,0.40850000000000003,261.1357083233253
4324,734921,0.2705,700.6905927523484,0.2635,799.715826484354,0.261,874.3102260053377,0.241,900.8537215883412,0.23700000000000002,722.3357567829926
4325,734921,0.197,91.56798246790704,0.2195,105.35330818948387,0.3175,122.5456246625503,0.324,144.61708003305316,0.505,178.83833903580347
4326,734921,0.2135,41.67011995993858,0.214,47.831706555016716,0.215,59.31532031515574,0.217,82.74601735054718,0.232,190.46979782672997
4327,734921,0.3,2909.2781279929272,0.28450000000000003,1836.2813628706826,0.28150000000000003,1076.1782381465696,0.273,575.1383614669286,0.2185,173.04530511479686
4328,734921,0.2895,419.1509183963143,0.28650000000000003,302.8109229325477,0.28250000000000003,211.74945821568048,0.2645,139.12344597095722,0.25,63.82819778573416
4329,734921,0.356,79.43607280676291,0.36,68.02646627146211,0.4025,60.5502313855499,0.435,55.70879760288237,0.582,54.01404999248157
4330,734921,0.189,15.689893026371713,0.1965,15.716387619191382,0.217,16.207107802720206,0.2545,17.42775927143965,0.2945,23.955899997970874
4331,734921,0.2965,125.70834818354056,0.3685,168.48672386170196,0.387,279.9979278099022,0.552,640.2291717217437,0.677,5050.136001896747
4332,734921,0.366,1046.3076632522814,0.3695,2457.628154288869,0.3785,5434.72831380481,0.398,11633.027714286485,0.398,26824.381869373232
4333,734921,0.1935,32.72050812897451,0.196,32.85435126154835,0.221,34.478252285722725,0.41450000000000004,43.70115808849593,0.494,718.4201684484191
4334,734921,0.165,62.49281663960355,0.1635,48.52073545653942,0.1625,37.24730485436926,0.158,27.666948374641706,0.155,16.45780775987862
4335,734921,0.133,38.190611069141724,0.134,44.35011137988999,0.1355,51.75697763487925,0.145,61.69067855284068,0.2145,88.83101468566895
4336,734921,0.319,123.71945326744424,0.319,146.678070663969,0.319,179.82563633841323,0.319,233.02369208750295,0.301,398.0579176088093
4337,734921,0.2785,150.7630850243024,0.258,77.83214939855608,0.2565,49.25243532726243,0.2295,40.8545145046046,0.17,51.500364212577935
4338,734921,0.5295,2122.8637247180077,0.5495,2005.4316349642015,0.5695,1674.396633197744,0.5895,1398.392329527052,0.6005,4816.652685335554
4339,734921,0.0735,20.535460904484722,0.07,14.979563124122965,0.068,11.226798912263101,0.068,8.498842600248505,0.0685,5.895992255874979
4340,734921,0.329,147.94789271292856,0.33,175.37814795030064,0.33,203.675536356723,0.33,234.77854475299162,0.33,288.87985732494536
4341,734921,0.4905,197.76121590673452,0.5690000000000001,344.95869680864047,0.5705,677.293069644182,0.5730000000000001,1392.9810508302373,0.5700000000000001,2803.866119375477
4342,734921,0.341,1554.9241443237343,0.34500000000000003,1063.1556204579126,0.3855,576.209960362923,0.464,228.43398675160617,0.558,35.89931080388643
4343,734921,0.217,175.91241287886146,0.2205,194.88131432741548,0.244,212.23474115842336,0.2515,232.02803265342507,0.28700000000000003,341.9382612856641
4344,734921,0.43,56015.80683689233,0.437,63841.898934894976,0.6125,62234.64517138494,0.6145,51117.66878403293,0.46,17858.550825165945
4345,734921,0.1525,266.0508018281014,0.1395,253.65619485098816,0.139,236.43733164887928,0.117,211.14514610238717,0.107,144.3660401624425
4346,734921,0.1215,26.94568102671068,0.1215,27.520654286717722,0.1215,28.36335253658469,0.1215,29.596694000266005,0.129,33.105195445587526
4347,734921,0.41500000000000004,208.89447065913004,0.398,160.63304718806077,0.384,132.2664211724962,0.3735,114.36979096546602,0.3375,96.86042980909247
4348,734921,0.487,99.52958663521981,0.483,234.7841146430816,0.48,547.1173507163501,0.46900000000000003,1230.1085827746638,0.3105,2966.870031147028
4349,734921,0.4245,1488.142036670355,0.427,1656.0448062091032,0.4305,1683.9863388021874,0.457,1513.3937506540824,0.458,809.241529117024
4350,734921,0.5750000000000001,3311.9946549308715,0.5760000000000001,2732.3714869995533,0.5760000000000001,1844.4764870465615,0.5750000000000001,977.5139774975462,0.5505,229.40837876058956
4351,734921,0.2945,44.0993374089237,0.303,98.70891064518891,0.312,299.243842027955,0.352,1312.020133421043,0.40900000000000003,22719.669618971267
4352,734921,0.169,66.09737043993213,0.17200000000000001,63.36974632474475,0.1855,59.74821208737614,0.2325,55.01698355495206,0.2575,47.16748867862483
4353,734921,0.3615,806.0077105760496,0.3765,1179.6052730461652,0.437,1641.4907182654115,0.445,2189.854452691244,0.47200000000000003,2859.654546992639
4354,734921,0.28750000000000003,295.7686874580987,0.343,639.0308705729876,0.3945,1356.1766481619368,0.41300000000000003,2891.9524991133376,0.47250000000000003,7466.661833271145
4355,734921,0.36,1074.4169981960906,0.435,1797.281417053056,0.4515,2998.494947369793,0.466,5079.146444362541,0.47150000000000003,8800.353234958606
4356,734921,0.8535,21435.04576758075,0.854,32109.029698345457,0.847,39790.05483418381,0.6085,37920.66883180069,0.52,10864.77955002477
4357,734921,0.3345,81.56686352431683,0.3245,51.53688077301607,0.322,34.930521052520156,0.2715,24.460811970613808,0.1155,14.872361195274479
4358,734921,0.166,44.84474049518169,0.166,43.62238144510994,0.166,43.28294378914035,0.166,44.114453258144955,0.1715,51.82336070230193
4359,734921,0.3745,1392.926931943973,0.423,1796.6964972376697,0.4935,2131.4848930572307,0.494,2296.6693875863707,0.5035000000000001,1760.7363945354814
4360,734921,0.23750000000000002,40.17692257159965,0.23850000000000002,58.58213009192707,0.23850000000000002,86.83870514889566,0.2415,134.40400930285819,0.2425,295.7102778660706
4361,734921,0.211,30.12197059837046,0.211,29.01768757284785,0.2115,27.96344658576176,0.2125,26.847317892837157,0.2165,25.167398389865408
4362,734921,0.232,13.40803451474089,0.23600000000000002,13.908057182375156,0.2405,14.912453291989841,0.2565,17.516409056897974,0.3795,49.43135662121441
4363,734921,0.1475,62.967729728643384,0.1455,79.46908894837368,0.1455,99.91136561603616,0.1455,126.89408754667828,0.1515,184.19238738868955
4364,734921,0.251,33.44795854701069,0.2305,39.745969874450665,0.23,48.054544946554735,0.229,60.420608647148036,0.217,100.45125257825111
4365,734921,0.396,103.9521634014403,0.3995,99.60609272475993,0.3995,97.94940281423068,0.3995,97.01592203955485,0.381,91.22723859857582
4366,734921,0.20600000000000002,21.804615212383936,0.17450000000000002,23.22305861839297,0.1705,25.468185853105442,0.166,28.995523138611752,0.1295,39.82593470637051
4367,734921,0.14,31.39364842221756,0.14,28.650813420547706,0.14300000000000002,26.559401578356916,0.14400000000000002,24.99177903739356,0.165,25.306370194415653
4368,734921,0.1775,12.602829310157151,0.17350000000000002,11.684076779539758,0.1705,11.137265385062111,0.1595,10.932267944609885,0.147,12.20306508742466
4369,734921,0.275,158.5609982228463,0.339,249.27037976513398,0.47550000000000003,445.11462326924584,0.52,1412.1699175004821,0.6845,271540.1673727978
4370,734921,0.4175,2358.7902576211936,0.4205,2645.3183193000223,0.4285,2586.753683551146,0.429,2084.982552324847,0.41400000000000003,676.6063730004037
4371,734921,0.2455,3637.062666045835,0.2405,2544.648078359772,0.219,1663.7699278016612,0.218,945.957701411371,0.2145,258.45244336911566
4372,734921,0.257,27.3026979946573,0.2665,53.183169325852575,0.2745,171.1722484769776,0.3175,1054.7028626077931,0.3845,57627.819875825866
4373,734921,0.3255,1503.6009047851448,0.3235,1124.6526283957744,0.3235,738.462731934708,0.3235,409.2980188619927,0.306,118.3411903658555
4374,734921,0.17350000000000002,11.57648805631245,0.2185,13.328082159473881,0.2195,16.25461191806499,0.2265,22.481817922746426,0.258,75.60599081877758
4375,734921,0.308,486.74110585162924,0.34950000000000003,708.1605109316376,0.3545,1080.0986814143284,0.40750000000000003,2193.9855763953283,0.451,16689.12742829244
4376,734921,0.1125,34.368647937900896,0.1125,31.885628547378413,0.1125,29.56683504094087,0.1125,27.10409967454764,0.15,22.854458167400903
4377,734921,0.4005,12.588452440288707,0.1645,5.9548503704782565,0.14150000000000001,3.9505391195408177,0.132,3.1860210560533537,0.093,2.8326324992128544
4378,734921,0.2785,1958.17092538163,0.28350000000000003,1381.8472733510118,0.28500000000000003,871.8660982702988,0.28500000000000003,459.10687669818697,0.28800000000000003,87.62986435532278
4379,734921,0.23650000000000002,61.32989547881216,0.23600000000000002,61.48077006948923,0.23600000000000002,62.879215017566274,0.23600000000000002,65.73798797055689,0.23650000000000002,74.23009744477409
4380,734921,0.271,388.20408295332294,0.2715,295.1035154463773,0.295,214.67131530973046,0.299,144.4588718239442,0.3375,63.42020243640113
4381,734921,0.316,204.41265763764608,0.3055,125.77096850465007,0.2765,75.29845265061871,0.195,42.96571985650422,0.14300000000000002,17.95109364345303
4382,734921,0.1155,54.460073255925614,0.1155,60.4240040753019,0.11750000000000001,67.1850169263215,0.11900000000000001,75.5306760812148,0.1365,95.09711527969453
4383,734921,0.245,1200.9418076408401,0.248,1381.300354311747,0.248,1428.5245641341446,0.2555,1289.6852177096316,0.328,666.514603362803
4384,734921,0.442,28.45809727230023,0.4375,22.166777713398055,0.3995,17.5982160091479,0.3855,14.100293482142217,0.369,10.699288394168851
4385,734921,0.329,225.58185492182974,0.614,366.73612198085516,0.681,615.6473409360642,0.745,1200.2342341610909,0.8005,10817.458571447796
4386,734921,0.159,81.0019026155618,0.16,108.43431378855264,0.16,151.12250523771414,0.1605,225.70359563283498,0.1625,490.89340482982783
4387,734921,0.1925,10.018509497871392,0.2015,10.865583215486419,0.248,12.195094823405555,0.2485,14.603136103344063,0.2525,27.83328487341463
4388,734921,0.307,1247.9270341296783,0.308,661.6794458074202,0.3085,331.84060864062104,0.322,171.2556086250308,0.3225,82.3705162901401
4389,734921,0.2295,9.891177786206594,0.23900000000000002,11.472518148030607,0.2485,14.622769815732386,0.2985,24.971203136523215,0.3435,590.6299164170971
4390,734921,0.2135,15.013399923695594,0.2145,14.755841879324244,0.222,15.660375841464626,0.2275,19.426199339668003,0.2565,60.133273671555614
4391,734921,0.2895,49.67390149821863,0.256,19.820147890083813,0.2505,11.418678660853326,0.244,9.828300122097984,0.1975,13.110429201981596
4392,734921,0.1585,56.25977767365998,0.1585,66.82646590888457,0.1575,82.84473187160913,0.1535,111.46187725740337,0.15,239.11399717698342
4393,734921,0.233,93.50386638243046,0.23650000000000002,159.86747904304326,0.241,316.5923693341009,0.2465,764.960946068776,0.323,4150.873486692527
4394,734921,0.197,36.47796059710422,0.2165,35.492749569269336,0.2165,35.19642625463396,0.2165,35.71712469599139,0.2175,39.89922360730509
4395,734921,0.1875,297.9331157550309,0.1875,203.91181289555487,0.1875,134.33997756877463,0.1875,81.72479670601824,0.1865,33.94632930215534
4396,734921,0.363,345.4465654680809,0.3685,466.24250607423784,0.3805,568.4400865871618,0.3835,576.1982322760064,0.386,229.96257123553266
4397,734921,0.398,129.62861461562417,0.398,97.25047096101723,0.398,74.6779320947241,0.3965,54.830549903927874,0.3795,32.50612344079966
4398,734921,0.4355,10154.662159465348,0.434,6162.865751807647,0.41300000000000003,2837.43792672671,0.402,947.9354099940482,0.35150000000000003,144.24467596366574
4399,734921,0.4215,274.0208350797191,0.4215,303.5483267966554,0.421,345.044093115638,0.41450000000000004,409.91689379322,0.389,547.6655561215044
4400,734921,0.213,15.791877943377964,0.213,18.053889912273778,0.213,21.294880699583462,0.215,26.686742385448436,0.221,50.47834485736037
4401,734921,0.368,35.979346989204835,0.435,75.82730352551235,0.457,200.88587970170497,0.514,736.6834717388173,0.5285,12549.85241744667
4402,734921,0.3665,180.7462380445263,0.3375,141.4933079299112,0.337,105.57598334308621,0.3295,72.87777809062082,0.272,34.37541298601129
4403,734921,0.5085000000000001,1636.3855308095174,0.509,929.2601694269988,0.5035000000000001,413.21524138195474,0.4995,133.71612852978083,0.3795,25.56559237179362
4404,734921,0.363,307.4743590495897,0.2985,203.3298631828314,0.298,129.58027080266075,0.2925,91.91610168352118,0.2795,96.31635088195456
4405,734921,0.2225,133.846336908739,0.2225,141.1116761579128,0.2435,142.17800691176848,0.3215,133.35413343797566,0.325,89.44339086846291
4406,734921,0.242,215.51438182528975,0.2425,138.0242497936393,0.243,90.8073519604299,0.2455,59.034613400322904,0.248,29.660979018465433
4407,734921,0.226,362.76479927987685,0.223,427.38194132666234,0.2195,477.09513229740827,0.216,497.3803318565783,0.1845,402.3873844745128
4408,734921,0.16,28.89928246645988,0.1635,35.776023537030845,0.167,51.05470688521894,0.26,91.9996792137264,0.2895,488.0172430890345
4409,734921,0.6105,550.919050522593,0.534,523.6325049279964,0.5175,545.8204713473768,0.48,652.683672394261,0.442,875.3468373086854
4410,734921,0.3635,69.53292723985943,0.3635,63.582092461514215,0.3635,57.870031604825805,0.3395,51.32558149066104,0.195,38.357498191305105
4411,734921,0.1215,57.84070549454411,0.125,61.44482910023945,0.1265,66.1992011284035,0.17400000000000002,73.17987961065091,0.2495,93.85689160355791
4412,734921,0.24,108.21176018970085,0.258,189.8921202730308,0.26,334.1794652122079,0.2625,595.1367773093906,0.2805,1302.209466661725
4413,734921,0.378,171.95379444579638,0.28500000000000003,94.44001692225139,0.2145,58.6589527297605,0.1045,37.92447662565098,0.0885,18.379849663168105
4414,734921,0.234,239.5950451937583,0.234,213.18181432355306,0.234,186.4807052994044,0.234,161.72544130351625,0.234,132.70449478007112
4415,734921,0.3705,144.21805780620588,0.3665,74.9799157008193,0.304,40.80858067478419,0.2755,22.047423544913904,0.14200000000000002,9.940794136301399
4416,734921,0.47250000000000003,80.80938052641802,0.481,101.19834894098895,0.729,175.7476209746704,0.7785,359.56118792404254,0.9105,675.6720810732141
4417,734921,0.405,39719.01700954098,0.445,57708.524731826146,0.4685,68769.7781368232,0.762,65558.65793473026,0.909,73815.18405237526
4418,734921,0.47100000000000003,352.26567331096146,0.47450000000000003,333.4273196198414,0.4935,305.6940764398778,0.509,283.48174214374654,0.48,254.64728203187974
4419,734921,0.516,116.22828387344109,0.54,59.18379966961132,0.54,30.284687035994647,0.5425,17.044180872581194,0.5415,13.878785298873984
4420,734921,0.20600000000000002,290.52684171669654,0.219,530.0689069503015,0.231,1287.1330496650812,0.23500000000000001,5087.497828983508,0.392,96547.63282066621
4421,734921,0.579,5885.6416534695545,0.626,12366.873251157182,0.637,27439.861968013578,0.652,72582.72369841242,0.652,255107.3400443106
4422,734921,0.3435,1040.6003964129798,0.34550000000000003,1389.6459731931632,0.34650000000000003,1938.8279273009423,0.359,3046.869436997564,0.372,7416.301501768415
4423,734921,0.1775,57.41114758662917,0.168,61.96541508196112,0.167,67.65554875356712,0.154,75.2761785831276,0.1535,94.14620111008662
4424,734921,0.538,192.0551225236228,0.545,204.09296968403203,0.582,221.9956414766791,0.586,247.89299427390526,0.582,256.37227804141634
4425,734921,0.296,1195.0595545263207,0.3035,3137.0938761436896,0.3045,7875.857006409239,0.306,19271.85960129133,0.41350000000000003,54735.70806653567
4426,734921,0.3085,137.43560137463496,0.328,138.81912471405292,0.361,140.1574729115078,0.3855,142.966903115019,0.44,174.65035129252217
4427,734921,0.213,71.96598385965144,0.213,81.04500614529846,0.21,94.2788222388722,0.21,116.04913287718803,0.2095,193.22197091851044
4428,734921,0.1965,11.683560687337991,0.1825,11.948953778169598,0.14400000000000002,12.53128394306548,0.14300000000000002,13.56207618832966,0.179,17.142369237911584
4429,734921,0.185,354.79010818317903,0.28600000000000003,677.5558378279617,0.3235,1251.7107486971959,0.3235,2255.305610067293,0.3215,4209.261511298409
4430,734921,0.2405,218.53882317492688,0.249,296.89173420597297,0.2755,396.3335295386797,0.294,526.3393095738763,0.3795,770.0977013620534
4431,734921,0.1575,78.5694147178019,0.1705,101.3416551755316,0.1765,134.9054350345487,0.187,192.0379243596838,0.23900000000000002,437.8408511848787
4432,734921,0.222,25.96347096100348,0.2185,21.73500037199064,0.2105,18.843072802479675,0.20650000000000002,16.762269328508935,0.14250000000000002,15.460292259126222
4433,734921,0.191,312.276782667783,0.192,363.3076878976633,0.192,399.62722611505495,0.1965,420.2015714227474,0.224,431.23180517715946
4434,734921,0.28300000000000003,101.80708687218004,0.28300000000000003,87.70742662240738,0.2655,76.60644767183003,0.264,65.90525670619228,0.167,46.68367367204907
4435,734921,0.20750000000000002,1063.568357302829,0.20400000000000001,1131.0004118328334,0.2,1123.9940714286897,0.1955,997.5835006756062,0.17550000000000002,479.26378543328866
4436,734921,0.121,23.70493047777299,0.121,24.79715501151561,0.093,26.729131069897765,0.1385,30.483421989825615,0.1855,47.82887040652778
4437,734921,0.1765,46.63112213518289,0.1765,38.68915506587469,0.1765,32.56963890607024,0.1795,27.396181590181484,0.2025,21.047509583132136
4438,734921,0.227,20.932116522072555,0.23650000000000002,20.880940609026528,0.257,21.68201960952719,0.271,23.88270680462308,0.432,36.14629271661914
4439,734921,0.2285,43.92037593069036,0.2285,57.15114731158654,0.2285,78.66158337429754,0.2285,118.96940455648762,0.2295,296.6233086230617
4440,734921,0.2725,20.212547501562437,0.272,19.022976752233696,0.272,18.36301843374209,0.2695,18.323842688083516,0.2245,21.829741621277776
4441,734921,0.4465,176.0265305674141,0.445,170.29791086973015,0.418,162.39675070759648,0.317,155.79701768507627,0.299,149.32801021959813
4442,734921,0.1995,20.914779874290698,0.2015,21.598574161865752,0.2015,23.535891115283285,0.254,27.999830271475957,0.327,51.411681816236246
4443,734921,0.274,37.66216915254757,0.35100000000000003,46.65853515087927,0.3555,62.80710916844688,0.466,93.84677245922165,0.5690000000000001,194.4176212727332
4444,734921,0.2165,25.00781765351001,0.201,23.82425592299916,0.186,23.723712903883946,0.17550000000000002,24.294903466939072,0.156,27.62628894915478
4445,734921,0.1935,21.666162770659888,0.20500000000000002,20.29446112419161,0.2685,19.680001045180507,0.3015,20.654422728085073,0.34750000000000003,47.47108101728431
4446,734921,0.461,1340.2079506755997,0.4875,2110.00239412348,0.5015000000000001,2853.7005859454684,0.5155,3056.0964691418417,0.5775,1848.6557074315353
4447,734921,0.1575,76.06232550624563,0.1525,60.34707182878932,0.151,49.93302915733358,0.1445,43.53076665625246,0.14350000000000002,47.67006450419492
4448,734921,0.397,12294.973147555665,0.4025,10416.95495736759,0.405,8455.389157239946,0.406,6597.5278367901565,0.405,3711.0511940958017
4449,734921,0.553,4705.965938894912,0.553,2693.437385088733,0.553,1400.0888865028028,0.5485,604.3765996112279,0.5335,95.17378578135704
4450,734921,0.4545,168.8266423932874,0.454,151.99633842486702,0.452,140.41072557955243,0.40950000000000003,147.68035451858418,0.335,240.2045419278576
4451,734921,0.28600000000000003,1356.9716535069772,0.28550000000000003,683.6012326855798,0.28550000000000003,318.274299568709,0.28250000000000003,140.73482654463552,0.264,66.40291472191242
4452,734921,0.3525,217.62599972527119,0.359,246.02714590858744,0.3775,280.7701980002259,0.405,324.07358167984256,0.41100000000000003,370.4714724468842
4453,734921,0.5125,274.2004438930337,0.513,428.42008598619276,0.513,736.7994967292374,0.5125,1484.1475276830424,0.467,5739.922302885809
4454,734921,0.0785,58.74262628759525,0.0785,55.20001009906091,0.0785,51.76511746822476,0.08700000000000001,47.995660132659836,0.108,41.09186980855602
4455,734921,0.0905,6.2642506891096215,0.09,5.352977458836445,0.0845,4.8329864406857395,0.084,4.579319791532341,0.0845,4.941852570416429
4456,734921,0.1925,250.70070241918853,0.1815,197.29717754777897,0.181,155.15201150146547,0.1785,118.479786702551,0.1785,68.74014680655044
4457,734921,0.271,108.93582204838901,0.28500000000000003,119.33044925949635,0.28800000000000003,131.84362727528938,0.293,147.14110951978967,0.3055,168.24270658826373
4458,734921,0.273,227.37478794792625,0.265,248.5999010071029,0.262,263.2605405878783,0.2615,267.3511085568836,0.2505,231.52273829376907
4459,734921,0.2465,24.666215956625976,0.2535,32.52269386670513,0.2775,45.06692363829871,0.2885,68.11472000574014,0.304,160.2332291900832
4460,734921,0.14400000000000002,324.1429510415254,0.155,283.80947871640177,0.1645,239.1878042796361,0.1705,189.78718797361262,0.211,112.57699686933286
4461,734921,0.4885,122.73467353469667,0.5720000000000001,246.00764141568362,0.6205,538.5110168336358,0.6295000000000001,1209.6291876426492,0.682,2654.520373292813
4462,734921,0.3775,46.75685834455927,0.3775,58.276798407686805,0.377,71.85310553262647,0.369,87.73632658348211,0.2335,108.31610553703477
4463,734921,0.32,505.8197983364908,0.3645,957.9663456417858,0.368,1664.918289804878,0.3205,2710.2912027411985,0.3175,4406.761339004674
4464,734921,0.2755,48.054047612142575,0.2795,51.835011461926705,0.28150000000000003,55.89226104421456,0.378,62.0276808234353,0.3855,86.83669717052881
4465,734921,0.4815,938.1317788425961,0.4815,659.1942233860362,0.481,456.0925610710161,0.47200000000000003,303.4829598273667,0.3555,138.3815320487812
4466,734921,0.227,430.1961762296973,0.228,440.4841262370374,0.23700000000000002,438.9198880705063,0.2765,418.04876477553097,0.3235,307.84806511966013
4467,734921,0.1995,179.2318395538687,0.229,247.88422420677998,0.24,339.5388421964838,0.2465,480.38186185986416,0.263,1000.9503410088112
4468,734921,0.289,294.5462855996628,0.298,476.7719363139207,0.3005,779.73635035986,0.306,1366.351671134948,0.3415,3876.44884466226
4469,734921,0.296,478.2528124556592,0.3175,406.8319450875774,0.53,335.2185505320736,0.53,266.5970376192306,0.51,214.9351348281533
4470,734921,0.256,39.46760989657122,0.2735,55.66491359643804,0.3435,82.98687326796012,0.393,136.35492813447945,0.491,388.0769853718098
4471,734921,0.224,168.3093870284016,0.226,229.04191090167302,0.23550000000000001,320.3145670599577,0.23650000000000002,480.4368146784065,0.2765,1066.8223669191907
4472,734921,0.2685,21.442466247546832,0.246,16.564430740540796,0.23950000000000002,13.344893980998487,0.191,11.02350938718449,0.188,8.889690735688562
4473,734921,0.1275,31.050273305390697,0.1275,29.277772546794495,0.1275,28.764335450877077,0.1335,30.34017150587239,0.137,47.830188365102615
4474,734921,0.459,245.49437084984893,0.47350000000000003,212.43469238498298,0.47950000000000004,178.08104004474868,0.483,141.82969229537926,0.51,85.5817551821758
4475,734921,0.5435,607620.895375458,0.5605,531189.6089136666,0.5805,315999.8061690393,0.5825,121104.52527915013,0.5630000000000001,9514.271367704541
4476,734921,0.1355,27.54163361046974,0.1355,30.901711611261252,0.146,35.035535806028875,0.1485,40.849706211646094,0.1655,58.77976405636668
4477,734921,0.301,116.29593357423303,0.2085,94.53687677814384,0.201,77.15450481954795,0.1975,62.42038138943779,0.1945,43.33059082337347
4478,734921,0.2935,205.48913277598203,0.33,226.9579458209128,0.34450000000000003,302.4878176231168,0.3755,559.7780008032414,0.6135,2447.567696539175
4479,734921,0.3145,56.2992161610562,0.3175,48.67363754364471,0.318,43.58126131931081,0.319,40.46274344824149,0.33,39.735168938705236
4480,734921,0.158,55.584301882285764,0.164,60.36086255765735,0.17400000000000002,66.78568733839322,0.178,77.46498669921192,0.211,127.98456256932766
4481,734921,0.2235,442.8010609421724,0.232,1025.2078967743525,0.23850000000000002,2359.4138647604436,0.2485,5658.895966775669,0.2725,20269.01931364693
4482,734921,0.201,40.550298389054085,0.2005,37.1485681277285,0.2,34.58663714298597,0.1705,32.59671712183079,0.1705,31.079828214802628
4483,734921,0.23700000000000002,7.625089591834083,0.247,7.89915655031324,0.266,8.7200191598353,0.27,10.641965174505692,0.609,29.775506278328756
4484,734921,0.1525,23.517457660909763,0.1585,22.91772509710564,0.1605,22.726089626569962,0.1815,22.922912986750692,0.2025,24.518887697897174
4485,734921,0.2515,6.854176166543364,0.2215,6.316109397824614,0.221,6.029510127953088,0.2195,5.950628951022062,0.196,6.637918964675108
4486,734921,0.224,91.62341701135865,0.203,75.6909028793658,0.1965,63.27220560916466,0.1905,52.529515133065075,0.164,38.00343079369532
4487,734921,0.4465,95.76506153976152,0.446,95.32786382982715,0.4405,94.06774393947519,0.439,90.58042628112435,0.42,76.9505007933069
4488,734921,0.2175,518.3002080392209,0.217,396.6033051563504,0.2155,294.7384207872785,0.2155,206.5229344090359,0.21,98.1344770665218
4489,734921,0.2325,259.3898534610831,0.2785,866.3189175694805,0.316,3167.4436467245428,0.338,12795.052780438205,0.3665,108127.84214354854
4490,734921,0.23,31.991457225399195,0.23,44.62965433807132,0.232,65.78497424599188,0.233,109.78501371112073,0.2645,435.7417408719859
4491,734921,0.3225,288.4777498835844,0.324,199.0891825670196,0.3245,151.80168823714698,0.3285,121.22308101389581,0.3285,84.21721836969226
4492,734921,0.168,20.490733773520958,0.1335,18.3607006276317,0.1335,16.93000405751607,0.1275,15.96629513572045,0.1265,15.783694531672138
4493,734921,0.243,290.3070831045687,0.246,326.88426308015187,0.2485,358.5517696226341,0.261,394.02353940231404,0.28450000000000003,502.3370200117545
4494,734921,0.321,35.39664902256992,0.322,34.38234325047366,0.3245,33.26192849073056,0.362,31.87115771417982,0.3675,29.54103999193965
4495,734921,0.1355,55.608348500184235,0.135,51.24173799656469,0.1405,47.70009345453653,0.14100000000000001,44.36370686591982,0.1535,38.79469798279683
4496,734921,0.445,679.34328370915,0.47600000000000003,878.1032928812687,0.525,976.1408114924373,0.5255,822.4685915598128,0.3565,178.8336245078511
4497,734921,0.2245,2113.410742837877,0.2215,2648.348516121265,0.2195,3059.4008447686765,0.218,3198.797892703242,0.2085,2191.3613959001996
4498,734921,0.2675,368.5058144783964,0.2985,504.6915107262718,0.3065,701.432509804411,0.34450000000000003,1051.9440737013404,0.434,3061.6183301073274
4499,734921,0.28400000000000003,49.14513290429136,0.295,60.016905251508454,0.3025,78.28535316020728,0.31,116.79741182241246,0.336,362.4033853347367
4500,734921,0.1575,430.97458573914497,0.2135,961.7152644187812,0.225,2260.2987422566707,0.2475,5727.020701048859,0.271,23477.146329412673
4501,734921,0.2425,1394.2163777919425,0.2425,1065.0716300830106,0.24,705.2833539077334,0.23750000000000002,381.5366515951623,0.2305,95.94826414665366
4502,734921,0.429,10548.144545347357,0.4195,7192.660595922014,0.41150000000000003,4032.8143903509786,0.389,1704.7013509084309,0.314,240.25015660225355
4503,734921,0.1525,11.155612394126454,0.17400000000000002,12.661843894696077,0.1915,16.399728705476775,0.1975,28.203467696964857,0.3055,194.85468291787157
4504,734921,0.188,40.44548219762853,0.264,47.01252094144878,0.2725,55.52838487656114,0.28750000000000003,68.62787844404161,0.36,124.05150504772251
4505,734921,0.2785,440.20915960136904,0.2715,602.2690173326466,0.2155,787.0179468814285,0.2095,988.7619690594672,0.1895,1160.0939254929256
4506,734921,0.108,80.86669901613115,0.1095,57.13760439286431,0.1095,42.47080205115032,0.2445,33.61168069776983,0.41600000000000004,32.13610151432882
4507,734921,0.4845,37.21773289659444,0.4875,39.28919116208321,0.4875,42.336238554114864,0.4875,47.60070422677478,0.20750000000000002,70.76224900842281
4508,734921,0.1905,16.40864198012277,0.21,16.762866769380416,0.221,17.45996902194256,0.222,18.731773785663123,0.23700000000000002,24.56354057676705
4509,734921,0.4585,514.2339584626098,0.364,455.72269888666267,0.3135,392.1638517196123,0.277,282.51843743943704,0.23850000000000002,74.05340451405499
4510,734921,0.2505,17.463177115578898,0.2535,17.543830935547433,0.28550000000000003,18.297068247636467,0.3035,20.386675660596225,0.3845,44.61488100975401
4511,734921,0.202,342.22544907899146,0.197,188.02273158908565,0.1795,121.84042229645401,0.1775,87.80771471717362,0.1485,61.563014303588076
4512,734921,0.3375,51.24859202287436,0.357,56.259903044324844,0.366,64.25285031138527,0.3785,79.54716023301519,0.445,189.25115860750617
4513,734921,0.211,77.89464831352832,0.1975,74.75297953524299,0.194,70.23572066920468,0.1545,63.636949397885836,0.1225,47.67889548016517
4514,734921,0.162,45.06724651286883,0.1545,39.54551487719643,0.1535,35.040983147728305,0.1535,31.056378027971064,0.1535,26.065389148524645
4515,734921,0.556,139.02975990882854,0.7925,237.48475135564254,0.793,436.244185592171,0.7855,893.4893245245001,0.6515,3510.923642931814
4516,734921,0.099,26.156135228717552,0.096,25.02977436844053,0.096,24.357185155380865,0.0955,24.150115259079055,0.098,26.01946061133595
4517,734921,0.164,59.6164779204734,0.1635,51.637620117088545,0.1635,44.577958597136316,0.1635,37.906816349575976,0.164,29.064510763089416
4518,734921,0.2965,14.485106353313645,0.219,12.863574324755584,0.219,11.846254319242737,0.219,11.32987033499886,0.3145,12.28234733684365
4519,734921,0.34600000000000003,6032.090937368467,0.3355,4058.3722530648743,0.3345,2255.0878785192426,0.3335,1031.1973598000177,0.3065,378.57403021837916
4520,734921,0.1245,43.54658622886316,0.122,36.30262623443903,0.11750000000000001,30.88022469935887,0.11750000000000001,26.376669652207,0.128,20.60393231618286
4521,734921,0.40900000000000003,1802.2565943066531,0.4035,978.2765847226675,0.304,485.9180633821744,0.299,233.98888020017614,0.2575,151.82428643290683
4522,734921,0.28750000000000003,124.78187465352319,0.2885,130.19994741039258,0.3145,140.6546164781141,0.321,160.9593095069929,0.3285,236.52261079931648
4523,734921,0.23750000000000002,370.8221415532407,0.23750000000000002,399.9366858618917,0.23750000000000002,423.25491600279753,0.23750000000000002,446.18720333004677,0.23950000000000002,548.6461567558144
4524,734921,0.133,77.2643821706285,0.1275,86.11905700530538,0.127,95.20821159967183,0.1275,104.92417071635415,0.139,119.5587928991867
4525,734921,0.1495,20.364000461825285,0.0815,15.306190054856415,0.0775,12.497747603282116,0.0735,10.692960316878292,0.073,9.182992039623604
4526,734921,0.3835,120.10086160254235,0.4425,138.66837415776453,0.4445,159.33788879804555,0.4445,175.51251588272012,0.4445,161.99902234562276
4527,734921,0.592,6009.38901050161,0.7715,8416.77255594909,0.7765,10016.002394135736,0.7855,7670.177602569657,0.5845,476.6715016127476
4528,734921,0.23800000000000002,17.73876555831563,0.247,22.73794231253125,0.2565,41.04978317452528,0.35000000000000003,236.34900518834607,0.483,49976.91352174904
4529,734921,0.063,7.704633717206081,0.0625,7.325618377491193,0.0625,7.089644563704088,0.0665,7.054886060164155,0.1525,8.736324282644778
4530,734921,0.4575,506.8170141930299,0.4265,328.0182281617134,0.4055,218.39697625589264,0.329,133.14655692352048,0.1295,43.35741520228991
4531,734921,0.209,805.0763144642808,0.209,650.1554930645605,0.2085,498.15213399966603,0.20800000000000002,345.9023798642527,0.20500000000000002,141.12757934869495
4532,734921,0.2245,87.72149566564275,0.2265,69.5267788574975,0.2285,55.66693353767734,0.243,44.128016617165606,0.296,30.4350336074315
4533,734921,0.183,117.7011831660209,0.1935,165.47693909216875,0.196,229.05455643804137,0.2175,312.666754180325,0.23550000000000001,442.06869053691526
4534,734921,0.632,89.23415707299505,0.6265000000000001,60.66557112944555,0.582,53.14384604399808,0.5415,51.09428928431519,0.268,53.61621106306065
4535,734921,0.272,21.120470734727448,0.338,23.72654220797476,0.3665,28.013273250321497,0.3965,36.753163562360136,0.424,92.75139307959715
4536,734921,0.1305,44.4778748401627,0.14250000000000002,39.08309455760485,0.146,34.52516756837016,0.148,30.36788216166777,0.17550000000000002,25.126758717233
4537,734921,0.2585,1465.2544078931812,0.2775,1644.5730499343185,0.28250000000000003,1794.9322316254922,0.3155,2578.23399019857,0.619,37591.39657045378
4538,734921,0.22,32.98771249930988,0.1955,23.74581591245703,0.19,20.159390237549474,0.1605,18.466939191175026,0.13,17.65126646979133
4539,734921,0.3975,13017.082480017762,0.3725,23511.363064403053,0.3685,38625.474687829555,0.3575,58332.31869198041,0.2975,74747.5526405428
4540,734921,0.295,470.6605252463518,0.307,1517.1291088473095,0.4015,6371.650840834671,0.4185,36288.73147389232,0.4495,674765.6128659573
4541,734921,0.223,61.36324450667427,0.247,70.29497044060511,0.252,81.3252822518612,0.28250000000000003,98.82899667357822,0.47750000000000004,240.3121047881487
4542,734921,0.35050000000000003,620.3667661346035,0.35100000000000003,481.82439248722153,0.3605,364.0731381259181,0.3755,259.55712841167764,0.40850000000000003,124.09733594202385
4543,734921,0.3255,134.08012809413466,0.334,142.98368258889082,0.3355,152.8779419644348,0.3565,167.35645732527763,0.392,221.7362172328977
4544,734921,0.1075,53.39202825296478,0.107,48.39061208597913,0.107,44.20748607150869,0.107,40.427416132805114,0.233,35.61435845952341
4545,734921,0.167,241.8254182038113,0.3525,271.64476930014183,0.352,296.2616863841232,0.35050000000000003,317.1008882369534,0.298,334.7621368309344
4546,734921,0.452,4712.105223462834,0.445,5920.958908524824,0.4295,6139.83525631905,0.4215,5069.349513634628,0.41400000000000003,1803.7473319278322
4547,734921,0.101,53.892535076627745,0.10250000000000001,50.09985668266084,0.1045,46.95464503866213,0.21,44.005201487523706,0.252,39.66141814636857
4548,734921,0.2285,680.5285487099732,0.2285,280.5813361491188,0.2285,109.30413809402667,0.202,42.452392560241535,0.13,18.445374553266923
4549,734921,0.1575,116.81071047242342,0.1525,76.40234304376403,0.1475,53.42018262353626,0.13,37.83154760151228,0.095,22.005602638305422
4550,734921,0.151,269.1061063732707,0.1525,244.61433901038583,0.178,216.28226175942214,0.219,180.4704147154513,0.312,105.13945922127454
4551,734921,0.4215,4076.7120978722924,0.4005,2544.6962414637364,0.3145,1356.0803612718555,0.305,601.8512203121808,0.281,120.63409441865866
4552,734921,0.2475,117.71285117596108,0.2485,148.59328551806112,0.2535,186.03233052766672,0.2555,234.09982355629037,0.259,324.7527149609047
4553,734921,0.465,212.17712366123078,0.4645,203.03419452448463,0.4565,180.65230286270648,0.451,144.2661918225758,0.3305,78.00898900081505
4554,734921,0.14400000000000002,142.73954440121005,0.14400000000000002,145.3500102320044,0.1445,145.04024127929907,0.15,141.41977600723834,0.3685,126.73635217996723
4555,734921,0.147,24.746337646250858,0.19,26.07965325758128,0.1925,27.98202282835021,0.193,30.958725583642824,0.2025,41.85361741314834
4556,734921,0.1615,9.853425712142498,0.1615,10.081762951873017,0.1615,10.667227770498746,0.1625,11.965040567975597,0.2195,19.85826794305345
4557,734921,0.3855,218.38098183782935,0.393,301.42832375847877,0.404,405.4376026279698,0.4045,532.3381503867063,0.4045,682.1649734749709
4558,734921,0.404,3071.7759102520995,0.417,3369.3984931794603,0.5045000000000001,3306.4216840117956,0.506,2834.246659201119,0.512,1425.4320932882918
4559,734921,0.317,62.42497611247205,0.311,107.52792898893856,0.309,188.90757869779736,0.309,350.2057770695765,0.28200000000000003,962.3838200474928
4560,734921,0.29,7.029058699193817,0.2915,7.3864896898383465,0.317,8.139181255457416,0.3225,9.872945105061795,0.325,23.305866917163414
4561,734921,0.227,29.47133162026118,0.2225,27.62980612476173,0.2215,26.550429022652835,0.2145,26.24689660622004,0.189,29.22457078124753
4562,734921,0.6575,164.83057066883512,0.363,340.6217034799473,0.3545,713.0412535749094,0.3195,1606.6701694831056,0.269,6719.500267691273
4563,734921,0.274,231.66523982873127,0.293,246.26555955823437,0.2935,250.92139449311787,0.2935,251.39118816830248,0.2915,360.7533936011453
4564,734921,0.6465,1985.192863255455,0.6685,8202.797419541028,0.7045,24603.473661140233,0.7565000000000001,44814.12219506975,0.8535,14390.520160027594
4565,734921,0.40650000000000003,41.604514785412114,0.362,26.3466886720337,0.356,18.249181202738804,0.3315,13.579304747572378,0.266,9.59247157136482
4566,734921,0.41100000000000003,1071.8292453331012,0.41200000000000003,1953.978403766622,0.4165,3747.5527413624404,0.4395,7187.790376201753,0.4465,12986.304503380985
4567,734921,0.41350000000000003,162.19312092271744,0.3825,96.01775103985558,0.3805,58.50626668317288,0.371,35.89863954315598,0.364,17.986227627878105
4568,734921,0.2575,229.57816573245768,0.2575,237.7722336570402,0.2575,238.50044118934633,0.2575,228.84173769592653,0.256,186.5528368011148
4569,734921,0.23600000000000002,1170.1487391370513,0.247,1233.9140020305215,0.2495,1240.801203097856,0.2585,1173.2238123443815,0.271,849.0536110962789
4570,734921,0.1115,44.672472617026735,0.1145,51.27147059887838,0.1345,59.41882230629483,0.1405,70.20851271520459,0.162,109.5339681749367
4571,734921,0.254,37.14132213632984,0.2715,53.49954293098056,0.2745,94.03612265830903,0.294,239.77287579076452,0.34450000000000003,2831.9664882139195
4572,734921,0.37,19.122112933802107,0.3705,20.98627577885718,0.372,23.701875848838423,0.374,28.30965308670453,0.384,49.439589229665344
4573,734921,0.263,20.059910033046396,0.278,33.38617382187817,0.28150000000000003,59.22621416463119,0.293,119.28570890252796,0.41250000000000003,617.1640407781867
4574,734921,0.421,838.15905477228,0.4285,1753.20374619474,0.4335,3096.574388871431,0.466,4349.768918365089,0.637,2816.6129776025778
4575,734921,0.377,55.04299603434203,0.3755,56.29048332020633,0.369,57.41964573522264,0.3675,58.42603781420098,0.2285,59.596862658007396
4576,734921,0.1945,646.9357324865571,0.1905,732.9004385442076,0.1875,785.2484454578487,0.183,781.4487245466808,0.182,556.1422289284754
4577,734921,0.4865,380.4305455913916,0.487,387.43052923392406,0.487,367.9565905294344,0.4855,336.65217619730424,0.314,301.60951612400027
4578,734921,0.31,1754.8410777212125,0.245,723.3007534430714,0.203,289.53031478829683,0.1835,109.24143953218835,0.1595,27.88085277314427
4579,734921,0.40650000000000003,75.1538047193648,0.405,51.786741897752606,0.4035,36.04477481521152,0.401,25.079079630991746,0.34700000000000003,15.611972859768542
4580,734921,0.1895,35.585708690501995,0.195,58.738708666629016,0.199,112.40829201442762,0.2295,260.4318859949276,0.28450000000000003,1316.104103613458
4581,734921,1.028,10463.958226583803,0.845,1474.807558337286,0.5815,702.2774195175814,0.493,435.7747091445801,0.2295,150.87470249462044
4582,734921,0.22,27.021029015939707,0.258,37.32922320545064,0.2635,60.301408747579146,0.267,122.52443789844594,0.4865,672.40010995109
4583,734921,0.74,6823.975090224973,0.7585000000000001,64362.821312421525,0.7715,467948.2094501927,0.7965,2014149.4899724703,0.7965,856038.5936226211
4584,734921,0.2095,142.78105201131993,0.2095,195.92420687754176,0.2095,267.4097399936781,0.2095,375.48032627434844,0.17350000000000002,697.0064619606183
4585,734921,0.3645,7592.807542899565,0.3075,4794.304769266269,0.299,2643.604574152638,0.292,1179.0444480919746,0.2485,183.09044945543283
4586,734921,0.672,480675.09092153696,0.639,435728.39043654985,0.6245,284289.1240793275,0.5955,115482.25925639727,0.41050000000000003,4639.721385355717
4587,734921,0.63,6880.637974617035,0.615,152.93237962783283,0.497,41.363502188242016,0.276,42.78186986849456,0.2155,53.584807999777375
4588,734921,0.633,910.6785052598354,0.6425,4111.040772444855,0.6465,19695.262781034806,0.736,102003.03638792064,0.785,1325094.0464808985
4589,734921,0.2635,29.719516307719026,0.2615,27.056006287407612,0.2595,24.937886477825693,0.2565,23.26729694067909,0.2435,24.82842048022326
4590,734921,0.3225,132.63508456728587,0.2895,184.45589032554597,0.28250000000000003,259.4573399751564,0.274,381.56342547642936,0.2595,774.2594056441278
4591,734921,0.168,25.61353880750564,0.169,35.70538712955026,0.194,52.38085654872189,0.20650000000000002,84.20644699013056,0.211,237.28562751597806
4592,734921,0.281,137.7319191810825,0.2805,145.27716738666456,0.271,152.92460744126763,0.2555,163.1993200939459,0.249,215.87927423063948
4593,734921,0.276,585.9672940280968,0.277,659.483604246664,0.2895,720.8194801303213,0.29,754.7975834697261,0.298,635.4399955219315
4594,734921,0.222,37.69470407803324,0.223,34.66308412292174,0.225,32.3921947979045,0.2255,30.508483913074794,0.228,28.308479771712072
4595,734921,0.1605,7.75770356119712,0.1605,8.23681317726461,0.16,9.145638042519886,0.1605,10.92043965631107,0.1605,19.954553450325886
4596,734921,0.3545,51177.51522146535,0.362,92372.68280801963,0.365,136360.81837213028,0.3665,158679.06216400594,0.363,70027.82749612526
4597,734921,0.3185,37.220261772975476,0.3185,35.97824020730991,0.3205,35.88211806626841,0.3335,37.690352870397845,0.3405,55.63338924304331
4598,734921,0.3355,44.00890104208678,0.425,67.51242499267688,0.437,119.24059578308407,0.4995,260.330306096436,0.5775,1403.703357096198
4599,734921,0.3635,67.71682985916554,0.394,86.46076896951598,0.457,121.26568221438234,0.487,217.13197521031174,0.496,1204.260039395628
4600,734921,0.4035,1804.5794032449683,0.3895,2296.800066517408,0.3605,2984.0217896681775,0.359,3750.0548983844064,0.3245,3273.8073230397226
4601,734921,0.17550000000000002,16.705565221535064,0.1825,17.044839494142014,0.191,17.66506200132141,0.1985,18.86588499026833,0.398,31.194933237896684
4602,734921,0.2135,789.9907349415487,0.211,601.4696796575413,0.2015,443.78796486799,0.1925,307.37659828225736,0.184,145.18537209474928
4603,734921,0.1555,172.472784276514,0.2105,270.240727902796,0.2155,438.9457289348821,0.2275,844.7923146841894,0.34500000000000003,5145.011880454489
4604,734921,0.1535,40.08911164274135,0.153,38.92257355199818,0.1515,38.16770062388456,0.1345,37.62610738748589,0.125,37.509967843807175
4605,734921,0.395,32.01098025877102,0.393,26.884342161661834,0.3805,25.194598588523164,0.279,26.106126369967797,0.23550000000000001,35.42165937605225
4606,734921,0.3735,559.1562131931219,0.398,566.5694746439113,0.4015,571.6346083179624,0.4205,564.3455201954353,0.4335,433.4320024016401
4607,734921,0.109,12.289938986308243,0.111,13.209985469812942,0.1145,15.633089100221646,0.11850000000000001,23.206559049291744,0.1355,122.37334124051331
4608,734921,0.28500000000000003,235.24712527092754,0.28550000000000003,169.15741631961254,0.28650000000000003,122.16338004563468,0.28700000000000003,86.23493168323218,0.28700000000000003,47.88046468390184
4609,734921,0.20600000000000002,88.67219969485753,0.188,70.7209268691125,0.178,57.272724862460755,0.177,46.242187774838975,0.148,32.56820255587038
4610,734921,0.421,364.05695403394316,0.4245,402.77064755100406,0.425,428.89728270758076,0.426,435.89661160715644,0.4535,368.73296842642446
4611,734921,0.117,662.2087501901186,0.1145,531.8807634977992,0.1145,397.70647564456175,0.117,264.7196917278467,0.193,97.79954766843824
4612,734921,0.211,64.16416673409266,0.2575,116.2860542446461,0.2625,211.54677826963658,0.28600000000000003,391.24973730923665,0.41250000000000003,916.2035378717462
4613,734921,0.515,902835.1737163047,0.47000000000000003,196050.85616532553,0.4245,39504.82319210093,0.3995,7197.086957586834,0.217,4576.570865344961
4614,734921,0.2185,53.8994558276902,0.20650000000000002,44.887238561356085,0.1955,38.86277273150152,0.164,34.16585897029638,0.099,28.679733661301135
4615,734921,0.22,108.47074300077796,0.2185,103.42747555535867,0.2185,100.98529057683363,0.2185,101.54788268817468,0.22,132.8449701301563
4616,734921,0.842,936.2005995815731,0.895,1182.3354819163944,0.9835,1503.596832656295,1.23,2349.074007934804,1.235,3007.870373211248
4617,734921,0.242,21.01005783732245,0.2415,21.805659137568302,0.2405,23.321093256310352,0.24,25.786977959037763,0.24,33.40728840140017
4618,734921,0.186,1034.6155471370969,0.193,1244.8003852166687,0.20450000000000002,1376.8291070225723,0.23700000000000002,1384.5840247741983,0.315,1097.606437017895
4619,734921,0.3785,64.30104225279625,0.375,50.32196740491328,0.3295,40.283963103051974,0.201,32.37153473245846,0.201,23.199628337706468
4620,734921,0.418,4611.117748689623,0.40900000000000003,2985.902011896582,0.393,1548.6200654088304,0.363,558.9567275063035,0.2315,64.26097823028834
4621,734921,0.187,592.3492739558549,0.187,381.90713152079917,0.20500000000000002,236.43734761104895,0.223,133.31415330955144,0.2695,43.77695835474601
4622,734921,0.2125,256.53134677502766,0.2305,226.77190206520953,0.232,190.53463804022482,0.23850000000000002,146.8081549657038,0.23850000000000002,71.78117794114077
4623,734921,0.28550000000000003,195.64004819932194,0.2895,176.28279187285858,0.3095,153.23731464789842,0.3145,125.56169947343764,0.3265,77.8371994382665
4624,734921,0.1805,83.51388116521439,0.177,74.2256746854833,0.176,67.59815297421335,0.176,62.20762327636985,0.1815,54.86832465854835
4625,734921,0.317,55.34813992559887,0.3195,78.24716447677719,0.339,114.29929238996647,0.3395,179.8878555049823,0.515,453.43833285826906
4626,734921,0.21,78.34262818436795,0.2085,61.549304535905826,0.2015,53.259421004106365,0.1975,48.216839029704964,0.191,43.17880733872651
4627,734921,0.258,256.907194657162,0.2585,294.53047876880237,0.2585,335.6544650102893,0.2585,380.753741955147,0.2585,421.945226364965
4628,734921,0.20550000000000002,21.666241972429884,0.20550000000000002,27.418750617654936,0.215,36.916550130486876,0.218,55.124404603127395,0.2335,142.7621467864544
4629,734921,0.304,38.21158225569782,0.302,34.64574903775588,0.301,32.25590916086944,0.2635,30.958140098550935,0.259,36.202381091353764
4630,734921,0.312,272.99934242758815,0.31,139.06836949343796,0.3055,83.2951799915755,0.2985,60.006977215355576,0.291,48.49260469753372
4631,734921,0.187,80.90733830540562,0.186,66.97364655056496,0.18,54.415650012164896,0.164,42.20853236737943,0.1595,24.498452379358813
4632,734921,0.161,25.46964487208093,0.1765,30.682314832863497,0.178,38.95865747854895,0.183,54.91039609435031,0.2235,148.24654900150827
4633,734921,0.1645,97.99814130496719,0.171,92.90138465173867,0.189,86.07089036752355,0.1915,76.87670584290449,0.3115,57.875128833429
4634,734921,0.14150000000000001,51.78236207286359,0.14150000000000001,44.032466843356396,0.14150000000000001,38.06672367172643,0.14100000000000001,33.22933319940991,0.14200000000000002,28.459977136166888
4635,734921,0.3275,392.0594719688943,0.3275,549.112469992474,0.326,727.3304388443714,0.321,902.5947859560263,0.305,902.6084037901505
4636,734921,0.28800000000000003,274.90280880053353,0.3425,197.79166557378895,0.3435,147.92003484586732,0.354,109.2182557977482,0.375,58.21138670190757
4637,734921,0.20650000000000002,112.81305399233725,0.2115,142.46569052360138,0.2115,177.88496681080272,0.2175,220.94449733895487,0.2215,283.30531610765775
4638,734921,0.082,10.374394344769014,0.08750000000000001,10.08574001855296,0.1085,10.045186064401811,0.115,10.323747879413046,0.224,14.209445004491835
4639,734921,0.37,19.259665785154642,0.389,24.688758828127472,0.389,35.693052829932384,0.39,69.96426440582276,0.3765,512.9184983430326
4640,734921,0.295,12.477190259253796,0.2895,12.34459233387423,0.1145,12.659982786170662,0.106,13.559530671134027,0.0855,17.983456723483258
4641,734921,0.675,61.880418057561926,0.718,114.0066922163617,0.7175,252.82136336167727,0.7125,770.0010536328956,0.655,9245.804233735664
4642,734921,0.185,64.25138303043828,0.2,102.08824361571843,0.2135,173.07492556439237,0.23750000000000002,334.0800303500938,0.272,1768.8198223296154
4643,734921,0.171,1691.4300738962656,0.1715,1622.4986913646749,0.177,1480.4332492100484,0.1865,1237.8879746080804,0.221,635.8954607591639
4644,734921,0.315,1347.2884986751744,0.315,1176.252429616126,0.315,1120.0164503261624,0.315,1139.3486232057146,0.3065,879.0481237947814
4645,734921,0.234,87.81369956921765,0.23500000000000001,108.98770973227688,0.2505,132.8946724965626,0.2645,161.7077828932239,0.3735,227.64389046546415
4646,734921,0.5075000000000001,310078.47735677543,0.499,374632.8548841987,0.486,329770.8684646737,0.459,191128.65826486083,0.401,15758.624480761386
4647,734921,0.2205,49.21527347161757,0.22,41.68145555489932,0.22,36.17141027874272,0.219,31.954499354333766,0.219,30.76655878581822
4648,734921,0.214,842.5635148572447,0.3375,1044.1086232188152,0.34500000000000003,1219.9062254254036,0.361,1341.925860344727,0.47300000000000003,1273.668338239936
4649,734921,0.1605,54.035837328692445,0.161,49.749841718338836,0.1615,46.831774458828086,0.163,44.95100096522478,0.3105,44.58387308062269
4650,734921,0.166,507.7591074556308,0.1805,433.1357233667168,0.183,357.48977307793336,0.1925,280.1003668417455,0.199,175.18721450839593
4651,734921,0.3245,46.302878054903566,0.3245,31.83589013467285,0.3245,22.239408324036464,0.3245,15.337560264855338,0.3255,8.53492097228468
4652,734921,0.3175,274.63618703144175,0.3915,286.88520438033555,0.406,292.48128548770245,0.446,289.91254354831733,0.482,250.87659726170043
4653,734921,0.1875,18.64004029650922,0.2145,27.223454105346995,0.257,44.05744749877058,0.327,83.8954779164944,0.389,426.38895802190535
4654,734921,0.7765,31.12715095582558,0.913,33.525981479153074,0.9225,38.93282223843545,0.9275,48.53668613052722,0.919,53.42326156493553
4655,734921,0.294,104.58634969804754,0.2925,107.44969483571212,0.292,109.86085662364816,0.276,112.69045525596937,0.2465,121.59435622881789
4656,734921,0.3935,389.5215865195163,0.369,409.3602748989752,0.34650000000000003,423.4928894222365,0.3385,428.3516964538575,0.3135,388.54546492090066
4657,734921,0.149,41.739903492085354,0.149,31.750143243441027,0.149,25.421337783937062,0.164,20.956881695313808,0.20600000000000002,16.885911151843857
4658,734921,0.2015,119.5278730894443,0.19,125.97218575391135,0.19,135.53874525773278,0.1835,150.89926738263244,0.183,194.9200286950825
4659,734921,0.1965,3976.8230674084207,0.189,3227.0325327388123,0.1885,2336.5328334306114,0.1765,1408.2700271444603,0.161,312.69418032478893
4660,734921,0.4015,35.10053484833773,0.2715,46.173396228217946,0.268,62.27045721436592,0.253,89.60171892579918,0.2135,210.55934911803993
4661,734921,0.199,109.59189773757932,0.1985,113.53025978977387,0.1985,116.16574789205156,0.1985,117.03425813867393,0.199,111.87797563168708
4662,734921,0.1315,38.75734352633016,0.1345,34.84038029686029,0.1385,32.15755805653129,0.14100000000000001,30.733527135007698,0.1505,32.9405438910739
4663,734921,0.2605,40.440349378492414,0.261,50.552506815994214,0.28550000000000003,63.90719381170763,0.28550000000000003,83.93770946427897,0.28500000000000003,149.5313734430093
4664,734921,0.13,248.779455699099,0.14400000000000002,203.7775066441877,0.1495,161.72066589221166,0.158,120.7314236970564,0.247,62.44408757092802
4665,734921,0.34750000000000003,160.33548252613144,0.377,288.0699877904345,0.384,521.8367037087334,0.3975,1016.217124866333,0.47550000000000003,4163.241928445897
4666,734921,0.20650000000000002,561.7059452267911,0.2315,668.0811849277496,0.233,759.4689700562963,0.233,814.2005920693354,0.24,668.3743405935813
4667,734921,1.743,162978029.17946354,1.8185,27442216.962769996,1.816,2665197.2679150864,1.616,212023.07891224924,0.5155,2065.3627421204355
4668,734921,0.17550000000000002,28.058493929359873,0.129,26.005613687429854,0.129,24.640520079897563,0.1285,23.873872268970825,0.18,25.033162878919402
4669,734921,0.312,264.7201336847028,0.28750000000000003,172.23548109797122,0.23900000000000002,115.80873644343639,0.23600000000000002,77.10421157058614,0.2295,37.640456515133955
4670,734921,0.28350000000000003,18.647736418911997,0.28350000000000003,23.884942365767085,0.28250000000000003,31.332273927298935,0.2795,43.43612740937209,0.2735,87.31797405033826
4671,734921,0.22,665.5851167298848,0.228,1009.2567513001393,0.2295,1467.9999746292526,0.279,2054.6592636809205,0.313,2651.9955570899733
4672,734921,0.153,72.38212584351297,0.153,67.61000269640286,0.153,64.13062442093721,0.1535,60.912676065441985,0.1645,52.72043460957246
4673,734921,0.233,13.6416036646396,0.2325,13.521650792706389,0.2315,15.068622079469758,0.222,18.673760099303937,0.215,36.007727493659345
4674,734921,0.28300000000000003,27.647146384518134,0.28300000000000003,31.334559583112643,0.4455,36.88332291358626,0.447,46.037387618137814,0.4455,79.23107553295053
4675,734921,0.297,28.706659218512005,0.297,29.57169663451363,0.297,31.0827240514938,0.2985,33.291381757588326,0.311,38.8326220877069
4676,734921,0.552,109.84366304684069,0.5085000000000001,97.10819456220327,0.501,85.78445345621729,0.5,73.81229186947779,0.41200000000000003,51.90760410516065
4677,734921,0.094,14.295554490231696,0.094,17.38968990787311,0.1225,23.640272146094798,0.123,40.89565433878323,0.19,273.6406742686026
4678,734921,0.2295,88.09601331972294,0.229,52.45266994278597,0.214,34.978164460825795,0.2085,25.487429444273452,0.189,17.55519337695203
4679,734921,0.20600000000000002,97.53994875402631,0.211,144.7365892434947,0.2205,224.23748095679738,0.223,396.1562650845629,0.226,1702.621706186701
4680,734921,0.11850000000000001,23.03895211084593,0.11850000000000001,20.248010516009852,0.11850000000000001,18.117341604050445,0.131,16.539887673853766,0.1315,16.630549598106747
4681,734921,0.234,103.17582352553477,0.2325,139.32142266973457,0.1775,192.12929153916488,0.1705,279.24005274627643,0.1645,559.8456391262946
4682,734921,0.6045,349095.15200231207,0.6375000000000001,313728.08980741154,0.681,218954.67097281464,0.7045,110778.1985429412,0.6805,6525.134921266681
4683,734921,0.289,286.6013684069766,0.259,217.67274831402426,0.22,164.30796064449999,0.188,117.81558015478686,0.17550000000000002,60.05966947824094
4684,734921,0.223,18.91582544959118,0.223,22.815513975766788,0.223,28.879731553609247,0.223,40.26907634840197,0.225,98.531731792437
4685,734921,0.3635,367.1194574916563,0.356,291.847516621769,0.307,213.3246413235917,0.2905,146.8374535275017,0.2675,90.38931453444975
4686,734921,0.184,84.94269224201244,0.1055,99.20386324895941,0.10250000000000001,113.46971143168456,0.0965,126.96606403059548,0.093,132.8778519160885
4687,734921,0.20600000000000002,11.239065831895026,0.254,10.605517593917119,0.263,10.698126549513681,0.2725,12.500700777446621,0.4455,67.24253501962224
4688,734921,0.312,202.28613485612541,0.3125,231.95346672014023,0.315,273.32515064436075,0.324,335.2929819816589,0.328,456.1409853492542
4689,734921,0.123,68.27807229063659,0.123,65.25171704553209,0.124,62.54158925532159,0.17500000000000002,59.447545858523924,0.2,52.03976128080895
4690,734921,0.3635,197.43412183239252,0.356,150.8374429497387,0.352,115.64812503959867,0.3085,87.4000491252727,0.269,56.441023460656275
4691,734921,0.3,154.72029450241908,0.322,220.5150492090056,0.336,335.5353579098167,0.3595,606.8630835198155,0.4405,3042.2422311547493
4692,734921,0.2465,1776.4609196605845,0.315,2845.788829250224,0.332,4247.017614162612,0.3785,5948.465502608136,0.4935,7166.855655249335
4693,734921,0.11750000000000001,8.308339212439805,0.11900000000000001,11.475087164414726,0.1205,17.282228999407803,0.122,30.050878055431642,0.358,111.72169569526909
4694,734921,0.28450000000000003,95.71936402283691,0.2775,103.27005150334092,0.2725,111.76788206850043,0.257,122.5135139106509,0.2535,148.69206291931414
4695,734921,0.20600000000000002,186.57749479082676,0.2015,198.3256793724744,0.1985,204.4513278714207,0.197,203.12840062170073,0.191,176.17551198005057
4696,734921,0.28700000000000003,19824.551023578068,0.28700000000000003,35724.661905101006,0.289,52842.66389080518,0.289,61720.63874434115,0.2885,31578.945744652698
4697,734921,0.3795,31021.691374659287,0.381,26022.2849412988,0.383,17975.809017026106,0.387,9781.59756639564,0.41200000000000003,2299.187783621613
4698,734921,0.2775,163.55897365618964,0.272,133.6888996319824,0.2655,109.0339448630617,0.265,87.81978232434949,0.263,62.93630572557872
4699,734921,0.271,159.06620741813595,0.276,147.89490320155494,0.297,134.9023804488566,0.298,121.09039917218684,0.3,105.81526802886204
4700,734921,0.3275,654.3827328014366,0.3275,622.6447983273421,0.3235,514.7896335755945,0.3235,358.99079376672427,0.313,126.86081086317596
4701,734921,0.2455,47.1748411421902,0.2465,50.48043121950347,0.2465,58.331852736579236,0.2545,75.00958958586139,0.2715,140.5850682914032
4702,734921,0.1945,179.58174755659346,0.194,222.21310019388565,0.1865,271.13912366816504,0.1805,326.348687189457,0.163,367.0270128229674
4703,734921,0.4315,424.2432083489295,0.4355,416.94270157905686,0.4435,347.3765945079323,0.446,228.62206877211338,0.4495,61.351320183131904
4704,734921,0.1065,17.145494424745397,0.1255,25.418726828924978,0.1505,40.331328975412895,0.216,74.73386877352172,0.31,538.4754607856959
4705,734921,0.2105,149.640797044356,0.2155,200.8792011674141,0.2165,264.74422264939165,0.218,349.665705949442,0.24,546.997757223259
4706,734921,0.242,661.3097673876623,0.2555,1047.6428529814348,0.256,1575.9374529183817,0.2605,2255.5352037186544,0.28300000000000003,2855.386687438306
4707,734921,0.2295,932.6770018133872,0.223,772.497490370172,0.2,583.4095517098557,0.197,383.4887952609418,0.1905,127.93231397062824
4708,734921,0.4,4225.4771915467045,0.487,3779.701344719124,0.487,2733.4275452237625,0.487,1428.272705431711,0.4585,188.73000266541624
4709,734921,0.28300000000000003,326.54450425555433,0.2915,225.3754266328353,0.299,155.61744075923022,0.386,106.39412743545945,0.4395,62.36893029913908
4710,734921,0.2115,544.5739151826965,0.203,363.1190585377484,0.201,255.0078258145501,0.176,179.15094405076997,0.165,88.56511907463603
4711,734921,0.4425,68.19258040102726,0.40650000000000003,44.591487026020715,0.3115,29.875559232816915,0.2985,20.174875125429118,0.164,12.389048692045295
4712,734921,0.1105,5.5689387755042326,0.112,5.392305782252531,0.1125,5.4493021088276885,0.1145,5.874735922745047,0.15,9.58341872057658
4713,734921,0.168,112.30485898037529,0.168,95.76011869556804,0.1645,80.90414791927721,0.1645,67.1471048893899,0.17450000000000002,50.60690975479912
4714,734921,0.2635,60.66561662275377,0.272,82.76297773286477,0.294,115.27629060900026,0.311,173.99645499625075,0.371,798.4992228773596
4715,734921,0.194,91.62313464094686,0.184,70.22416558318554,0.1835,54.337096037390864,0.1835,41.01311928662669,0.1835,23.673647061994878
4716,734921,0.256,64.99263937669957,0.257,67.4894792139938,0.2625,75.7234905104177,0.2675,96.49376141075093,0.28500000000000003,213.4837240131055
4717,734921,0.2665,78.24665970075041,0.2665,58.23166670816009,0.2665,42.924762651104174,0.2665,30.309963567232675,0.2665,15.705556862570191
4718,734921,0.2085,91.42955460761871,0.14400000000000002,83.11715228254525,0.14,76.05074267828716,0.136,69.5292415973594,0.1325,60.204391591404246
4719,734921,0.2775,233.0059110616907,0.23550000000000001,197.8108084537094,0.1825,162.41675842573383,0.178,125.21524359602375,0.13,66.75780959530864
4720,734921,0.2145,46.90374768937188,0.2205,150.75790667734555,0.34700000000000003,675.3166902636917,0.403,3805.464272405706,0.458,60104.49214568173
4721,734921,0.14,730.839760858962,0.1475,1149.575428677552,0.1565,1670.154623330427,0.252,2253.5814609942145,0.2685,2650.008068882398
4722,734921,0.3695,47.703602964393724,0.3675,39.55472505837913,0.366,34.53914842278999,0.357,31.991894839081347,0.3395,35.6269092494747
4723,734921,0.328,197.9101269043686,0.34500000000000003,447.79205750526035,0.3525,1010.3217473929512,0.384,2371.8314923597754,0.4655,8713.07763523632
4724,734921,0.3005,532.4328122628344,0.3045,596.9755240866484,0.3045,704.5625374178592,0.3045,877.1840550928132,0.3055,1182.5983883707615
4725,734921,0.313,5354.069938338234,0.303,1556.342154703224,0.3,395.7659483413978,0.23800000000000002,88.03695064882746,0.181,19.911158581690824
4726,734921,0.254,68.00364096761452,0.253,62.66603128466018,0.252,58.45234979571986,0.2455,55.53628266781368,0.20450000000000002,52.68242675114471
4727,734921,0.1995,31.679492249780658,0.199,32.542304970742016,0.199,33.85192804472071,0.1965,35.918160965344214,0.196,42.422563892492086
4728,734921,0.1135,5.317990260752062,0.1135,5.073014816435556,0.11,5.03440241970391,0.11,5.264181313003389,0.1295,7.276076019263802
4729,734921,0.423,3369.405492191938,0.423,5438.9323796889885,0.40900000000000003,7634.219267879518,0.40800000000000003,8979.990624263632,0.3945,6168.909193613413
4730,734921,0.256,593.6265958589023,0.2645,568.7621554692362,0.2645,508.7906061549783,0.265,412.779456157592,0.254,204.62645295205192
4731,734921,0.41450000000000004,69.32620434005804,0.4045,50.135339668168804,0.3845,45.146876919155,0.302,48.01681609660298,0.255,63.44046716851939
4732,734921,0.434,59.592902295366294,0.438,74.7509481632594,0.439,93.61816017347552,0.4425,119.03066133583201,0.4565,178.077196192829
4733,734921,0.213,56.39730275142974,0.2165,82.4767353510612,0.2175,136.9357630042928,0.2285,268.67946297273085,0.2285,965.9319715816364
4734,734921,0.2485,90.58179726964437,0.247,101.1021325350969,0.2445,110.6279935755597,0.2425,115.24188476321514,0.2325,100.30986057569862
4735,734921,0.196,64.97706822877491,0.194,52.17453250683831,0.194,42.89083064363115,0.194,35.60050502927692,0.261,27.89610899946859
4736,734921,0.1555,49.94067594290244,0.1595,57.02951627946581,0.192,67.92731642113908,0.2165,89.92310456929793,0.281,255.89702936924328
4737,734921,0.332,115.0410614872138,0.332,86.04502291594555,0.32,64.28601278563353,0.261,46.69807712198466,0.243,26.742639815711676
4738,734921,0.188,330.4673879084107,0.1905,800.000926000542,0.196,1928.7029833464019,0.20500000000000002,5060.618553481848,0.234,30288.909758354246
4739,734921,0.177,43.30501441614924,0.184,78.24571748791381,0.2655,177.02445395836372,0.316,577.6837069037846,0.484,17792.55982281444
4740,734921,0.6035,131859.2395543945,0.603,75919.37814791383,0.599,37053.498085155916,0.40650000000000003,12961.53348911238,0.359,587.297861528071
4741,734921,0.369,29.540208232601785,0.3535,24.979069165828196,0.34700000000000003,23.87880131824357,0.3085,24.67505983740051,0.203,30.392844661891033
4742,734921,0.4245,22506.654265347217,0.6890000000000001,38642.057226837635,0.7025,60337.277519149844,0.7245,85885.25417810383,0.8095,142618.82458141996
4743,734921,0.40700000000000003,76266.33163382857,0.422,141551.90680260182,0.4255,195035.6969671742,0.431,181254.58655182182,0.4525,28410.90436748835
4744,734921,0.184,23.24880118131357,0.1825,29.51780366422899,0.169,38.69664496302411,0.121,54.06628859936253,0.11,113.95528495980254
4745,734921,0.136,58.420829491683364,0.1355,50.92537191794879,0.1355,44.527487547622684,0.1355,38.62331188214449,0.1355,30.3845957365958
4746,734921,0.4605,122.81991838630553,0.4605,181.6160830947339,0.4605,268.54319737215786,0.455,433.31216684342246,0.41250000000000003,1612.8425464594459
4747,734921,0.0825,162.0958891751177,0.10400000000000001,239.89283174647952,0.1075,348.24779726718447,0.1125,503.81803099471705,0.163,814.7369427839577
4748,734921,0.1845,59.30617918104486,0.183,59.040170010176354,0.18,59.96821991307912,0.17450000000000002,62.96790787925355,0.1605,77.56289835763938
4749,734921,0.154,26.926097343595167,0.154,31.777085431387786,0.154,38.504545487305535,0.1545,50.00659100947506,0.28750000000000003,112.00586117363238
4750,734921,0.3745,16521.68917714217,0.3745,14539.205537503994,0.373,10097.045579755786,0.3715,4935.288510966108,0.3625,533.6804319513914
4751,734921,0.2225,2756.012827960441,0.221,1062.7172864891795,0.209,465.70170431749415,0.2085,223.73567498186824,0.20450000000000002,86.94139618859522
4752,734921,0.1495,12.849530272846048,0.1485,11.67264713633447,0.137,11.011477025021584,0.1485,11.10111328697187,0.176,18.360451270686585
4753,734921,0.987,8214499.686119258,0.9815,2393867.786395392,0.851,275140.75488867576,0.687,9832.07090250429,0.425,425.9234597001341
4754,734921,0.7365,482.88524124716776,0.641,704.9872211052021,0.5385,955.565337029183,0.4425,1208.1579798588857,0.3065,1470.6595290860778
4755,734921,0.7035,6587.371645896854,0.6955,4801.997922334829,0.6585,3096.4977076738073,0.5165,1634.9704316217408,0.374,318.832601353446
4756,734921,0.107,7.816454379164344,0.107,7.515949906816971,0.111,7.449861295465132,0.1125,7.64653426626284,0.116,9.300833044696674
4757,734921,0.444,1020.5251382618759,0.41000000000000003,403.0519709742228,0.2995,221.33859727834766,0.247,166.07559368391028,0.182,163.38143482989898
4758,734921,0.364,1614.0737068175267,0.3865,1933.8582412248284,0.3945,2089.2102504650047,0.3985,1992.0033641465507,0.41050000000000003,1134.2891618372205
4759,734921,0.135,84.71098686298095,0.1345,65.39335137626233,0.134,50.87663978950256,0.134,38.83490518880691,0.134,23.62777803091909
4760,734921,0.1875,2727.310308404336,0.183,1640.4656637599373,0.1825,909.9656821722035,0.179,434.1947706143951,0.17550000000000002,89.98985080044564
4761,734921,1.223,11188247.252864897,0.7405,8844203.981704352,0.5585,3975474.5304923556,0.4675,804596.4320711526,0.327,4323.836981869984
4762,734921,0.5105000000000001,64.5568695211452,0.5105000000000001,27.582196070894366,0.51,18.47124447154196,0.363,15.552435668821799,0.166,15.039034160945064
4763,734921,0.217,111.50487605428273,0.223,100.68206905716232,0.2695,91.86613500569946,0.2805,88.36201398787445,0.3435,150.07566257524087
4764,734921,0.198,177.25257409740647,0.4355,263.3504503598523,0.4385,423.73159584094554,0.4365,767.6533873200427,0.34550000000000003,2473.6847840157784
4765,734921,0.5760000000000001,458.27325801620844,0.5515,47.17776384876296,0.485,16.615340330272044,0.42,11.199379943298151,0.297,10.863821265507836
4766,734921,0.194,101.22436196257449,0.2115,154.154144678444,0.22,236.6156968686229,0.224,379.696115994285,0.262,877.0991577838192
4767,734921,0.28350000000000003,23458.08629684461,0.28300000000000003,13959.131633313133,0.2785,6631.88000520878,0.262,2225.686156247134,0.2485,192.99216640085416
4768,734921,0.1075,35.33687634489302,0.1015,28.82068808890786,0.0995,23.761054441516233,0.0995,19.363836766176703,0.108,13.391202538932449
4769,734921,0.2335,4331.553602404031,0.2405,5795.288900638325,0.245,6918.109518854276,0.2515,7135.95352803615,0.2645,3917.1854378874887
4770,734921,0.186,232.08549798650645,0.259,232.4667697291984,0.28400000000000003,227.33334108363255,0.2945,214.171420894477,0.34950000000000003,165.12297646171578
4771,734921,0.41150000000000003,65.85294460093172,0.4035,71.48032026231556,0.4005,89.999471770347,0.392,140.75990269500969,0.368,459.893731674857
4772,734921,0.234,892.3984617997844,0.21,662.4040244194409,0.2085,460.8963818820754,0.20450000000000002,286.4779824979529,0.1925,97.36914430319672
4773,734921,0.298,11.52157018167505,0.3015,13.012795713769298,0.3065,15.572355314028766,0.3145,21.42860174572676,0.316,77.9868547018517
4774,734921,0.6445,239.74632260934058,0.6445,99.52045129922858,0.625,53.939005249169206,0.536,55.64863500803317,0.3415,84.755277535112
4775,734921,0.181,45.5758677101549,0.181,37.71374813622004,0.181,31.276274570324706,0.1885,25.588778723046673,0.202,18.66766479986065
4776,734921,0.659,568.9074256410366,0.659,469.19319454275154,0.659,374.0916618987102,0.6585,282.6326343935255,0.3335,153.69081940220124
4777,734921,0.2685,295.3997139182365,0.312,192.9609521347507,0.3205,121.78269897546126,0.396,71.63924389592962,0.498,54.609212160374504
4778,734921,0.3395,950.0028556092622,0.29,827.3516794068216,0.259,738.7359716496951,0.228,654.607624746086,0.1855,522.7731088762898
4779,734921,0.506,1229.5821427139567,0.5475,1445.3624900873615,0.5670000000000001,1647.1305319226467,0.5925,1812.1584262365143,0.6125,1544.6531258080693
4780,734921,0.2645,24.905505605777567,0.269,33.24045401359043,0.3265,48.237956211613955,0.332,81.95876734359769,0.3425,320.18022720660036
4781,734921,0.34500000000000003,32.32601268954039,0.34500000000000003,61.78230070018515,0.3425,137.69472448935042,0.3305,365.741038112585,0.3165,2129.9895879513165
4782,734921,0.112,41.74641626892423,0.114,42.89521568836974,0.1165,44.53910970439645,0.222,47.09304888631321,0.229,56.87904348678724
4783,734921,0.47950000000000004,9508.897677154173,0.47150000000000003,3606.335363847214,0.4515,1479.2688427021992,0.292,712.7107938540776,0.253,268.02991936516884
4784,734921,0.331,80.59866852983227,0.26,57.172819360521245,0.2135,46.30193604389876,0.13,40.776823288405595,0.115,39.043973282471654
4785,734921,0.1595,274.6849893164722,0.1625,338.42669031305223,0.17400000000000002,423.81992095749365,0.1935,558.1552351831099,0.3105,1062.0407403027243
4786,734921,0.3645,51.27933882862901,0.29,41.974259964826494,0.28150000000000003,36.792884308321824,0.2,33.360888444248054,0.154,29.941754417308545
4787,734921,0.10300000000000001,23.27178820489615,0.10250000000000001,25.73193851981851,0.10250000000000001,28.66018345164067,0.10250000000000001,32.61764558118613,0.137,44.20506092535364
4788,734921,0.1955,18.263304608928614,0.20400000000000001,30.044925771773308,0.278,65.51260332758419,0.3205,219.9015100699408,0.3915,4548.178334468745
4789,734921,0.105,7.865238789652391,0.105,8.171211266902473,0.105,8.784824961114918,0.105,10.0968383654328,0.13,18.49852275858291
4790,734921,0.2,28.159469048315724,0.2,20.440245853283216,0.2,15.609695095518799,0.2,12.41651525976843,0.24,10.142123776627038
4791,734921,0.4615,203.24644116111708,0.4635,195.18886758605774,0.4675,177.05530280152476,0.511,147.4044012598961,0.5145,81.73977732129526
4792,734921,0.6045,11107.408983193522,0.5760000000000001,11209.82182438097,0.495,9490.500077431598,0.38,6475.781328698612,0.3405,1408.0543213900971
4793,734921,0.134,25.330828077618687,0.13,22.916623544335707,0.1215,21.406739696127346,0.1215,20.61405943148891,0.1135,21.340590206463354
4794,734921,0.5745,60303.38009617819,0.5745,79767.24568791928,0.5545,81179.14727672955,0.5185,55144.541574532035,0.36,8046.586721724304
4795,734921,0.1475,12.315050210699725,0.1575,12.325150020109687,0.159,12.98433610527743,0.166,14.964623376768156,0.2595,33.06650880665639
4796,734921,0.1825,26.273884257909696,0.1825,26.0360150314909,0.1825,26.385988468324324,0.1835,27.766962690759993,0.1915,37.202759527450425
4797,734921,0.2495,56.45854547279039,0.2605,60.28097356234465,0.303,67.10395553803906,0.3335,81.73390481452554,0.3845,193.92668370107432
4798,734921,0.136,124.80371848752728,0.1375,117.51293318740366,0.152,110.33892051028157,0.1595,104.74610004413977,0.193,125.68311543831054
4799,734921,0.234,113.94764121585483,0.241,112.12712939774065,0.2635,105.90451009392137,0.2735,94.62517319748407,0.317,69.83484423493022
4800,734921,0.40950000000000003,174.71618284254555,0.404,134.07895696656712,0.35100000000000003,98.58270713468264,0.3395,69.26723888453593,0.3205,39.635452410714294
4801,734921,0.4225,321.4251823407927,0.34700000000000003,371.0097789902163,0.328,412.1081370573184,0.314,434.33094165414553,0.297,362.46762893889957
4802,734921,0.2135,615.6491266106799,0.212,610.2268448381564,0.211,568.938680217803,0.2095,486.8737352002925,0.2095,274.72626123910084
4803,734921,0.16,36.49939235623304,0.1565,25.443073488239968,0.1565,17.82060701662634,0.154,12.228498536638785,0.1535,6.792263101858092
4804,734921,0.20650000000000002,20.05750918762502,0.2125,22.543880536299856,0.2125,27.26154974537425,0.2125,37.50785170961571,0.2125,99.17093241876361
4805,734921,0.1705,13.994595691046966,0.1615,13.835742538893607,0.1615,13.840382726827938,0.1615,13.971750008357947,0.1615,14.613421712126435
4806,734921,0.1865,66.46873312313329,0.162,62.57362243071542,0.162,58.51189981676126,0.162,53.657968844997605,0.162,43.22677345464106
4807,734921,0.2675,24.83634354911254,0.269,28.301468237452557,0.291,34.41774678959496,0.3205,46.79389876756743,0.34650000000000003,112.57758594872219
4808,734921,0.3855,16.45304180117805,0.3755,10.443247466170524,0.3205,9.452901241009194,0.247,9.018802164477034,0.1315,9.516945750307176
4809,734921,0.1715,12.316380890040909,0.20450000000000002,16.816461892182396,0.2115,25.28404011875965,0.2315,44.848036395393606,0.2635,181.8949575439213
4810,734921,0.127,11.347711990021947,0.1285,12.22654498298908,0.164,14.259952085087354,0.181,19.887143855813026,0.2495,116.49299049858317
4811,734921,0.176,298.9475364554242,0.176,223.12067272528037,0.176,166.97920187149936,0.176,121.67244009172043,0.1765,67.34782916065977
4812,734921,0.2475,376.1503449024025,0.2025,228.54260456220067,0.198,165.77116162808363,0.1965,127.66325710747192,0.1215,86.75807692631788
4813,734921,0.2765,8583.485158196156,0.28650000000000003,7564.194866887693,0.2935,5750.408754439848,0.303,3496.337102701283,0.3085,684.6442122361894
4814,734921,0.2545,47.72403313489723,0.251,54.250733758336715,0.20800000000000002,62.73698041667615,0.179,75.69369021611374,0.1695,123.26660957066909
4815,734921,0.2085,22.74456495202071,0.19,18.894982431727765,0.1855,16.31908292215001,0.177,14.33331544442256,0.1505,12.298601300728766
4816,734921,0.397,3417.6300095611123,0.395,1804.2159033570354,0.38,807.6817231718527,0.364,325.5030164575385,0.333,158.02931558665566
4817,734921,0.262,29.032549628788896,0.269,24.685721542181852,0.2695,22.07091943423797,0.2735,21.849568632729095,0.281,45.85679185280037
4818,734921,0.1485,34.19276252003194,0.1485,32.65352428236923,0.1485,31.59151186729523,0.21,31.031329173780495,0.23550000000000001,32.6731898862263
4819,734921,0.4005,107.06514830323754,0.362,76.96950760916663,0.3045,55.04222919648867,0.268,37.87301988750441,0.195,19.642024793228245
4820,734921,0.187,32.936382760322715,0.187,32.430227408558615,0.187,32.20050947451029,0.187,32.515926102791454,0.1925,36.7754798608722
4821,734921,0.28800000000000003,35.793305676106165,0.461,88.9749699206293,0.4905,249.80218218458936,0.5055000000000001,891.1812288562095,0.633,22053.417903355436
4822,734921,0.2005,179.2901324953789,0.2005,229.3986488194311,0.1985,281.79501720304177,0.1985,331.3924361462728,0.1995,354.6301784976398
4823,734921,0.6635,661.5037435957619,0.6385000000000001,959.9808841265026,0.598,1357.1687208947644,0.451,1865.0207425105311,0.2465,2327.1939420745725
4824,734921,0.1935,138.2458051118958,0.192,109.20205214176542,0.1915,82.69832507682753,0.188,57.63069270619566,0.1835,25.02218969780414
4825,734921,0.4645,158.75071885158766,0.4575,66.34892667830424,0.428,32.10030818878213,0.402,17.676207453122647,0.0905,9.212059431980732
4826,734921,0.139,12.849174053528019,0.1395,11.357681489822621,0.14100000000000001,10.391444639931832,0.14300000000000002,9.880228071616996,0.2145,12.15939871620075
4827,734921,1.0695000000000001,29297.09778901097,1.0765,72857.55469013298,1.079,131210.33556361776,1.0695000000000001,156885.3865909913,0.6775,39524.924416375594
4828,734921,0.1975,80.538024935721,0.20750000000000002,94.68035687318431,0.2095,112.11114011343555,0.2185,134.99029810456537,0.3975,179.85797747327973
4829,734921,0.2415,12.85737880749319,0.193,12.53166047813705,0.183,12.961367673471687,0.17550000000000002,14.587954341331502,0.17500000000000002,24.389203991861343
4830,734921,0.161,243.0160592913946,0.199,215.55987859936374,0.22,188.059066739853,0.2265,160.07494485932204,0.5315,120.86197637639782
4831,734921,0.4665,122.4953457099545,0.47050000000000003,79.73445176946257,0.47100000000000003,55.49320050270136,0.47500000000000003,40.446797773747775,0.46950000000000003,27.624127734454465
4832,734921,0.1465,35.42734355383112,0.1465,37.971121101559234,0.1465,41.473909118622494,0.23750000000000002,46.71479366428598,0.23750000000000002,62.95156866322326
4833,734921,0.75,72.05762337008693,0.749,54.09512966766433,0.714,42.18217633070989,0.6845,33.32639317577012,0.47800000000000004,24.156030926618065
4834,734921,0.20400000000000001,65.7338686381347,0.20400000000000001,68.46113413047723,0.20450000000000002,75.91585897225026,0.20450000000000002,93.87536328374988,0.2255,187.2513763713562
4835,734921,0.2765,242.62817734160853,0.2205,184.69070178456215,0.2125,146.01980229015967,0.20750000000000002,118.95299460223256,0.1605,86.46404844917491
4836,734921,0.2405,206.18739901280176,0.263,275.24289397820297,0.324,353.68463243242013,0.4165,444.6995640799502,0.4365,723.5388335145562
4837,734921,0.19,43.39257067050535,0.19,55.20934945457149,0.20650000000000002,72.35045901044,0.2235,101.22784301224331,0.254,216.52285034436105
4838,734921,0.2085,84.2721107431531,0.213,87.96675933557167,0.2305,95.30332636327718,0.233,110.9616605726604,0.2435,177.74393018871618
4839,734921,0.4255,4698.703632922549,0.4235,3257.29588513051,0.423,2409.9076158100056,0.42,1870.6566394494969,0.3705,876.4120726676317
4840,734921,0.3565,287.61424108328225,0.375,353.1085052919885,0.3815,463.1547621257498,0.382,609.5619366710065,0.384,594.5118697441726
4841,734921,0.5465,1484.144636809421,0.5515,2019.229065707709,0.557,2233.549834295853,0.5625,1585.7159826818902,0.5465,217.40007646807516
4842,734921,0.1765,308.9881037052507,0.1775,296.87801726500345,0.178,274.4915244390473,0.178,243.82384531840268,0.184,190.3362832446614
4843,734921,0.194,46.70322401585534,0.1925,45.62847810459637,0.191,46.52816228309021,0.19,49.54232840139657,0.137,60.12377819485288
4844,734921,0.2195,60.42167820654025,0.2195,75.89059595343646,0.2215,99.56495258070206,0.3295,140.83193572478646,0.328,282.549089177954
4845,734921,0.23650000000000002,97.56126938721764,0.229,92.56082614807097,0.2215,86.94126018080391,0.187,79.5622635742029,0.17250000000000001,61.816046634653375
4846,734921,0.17400000000000002,64.95215261520566,0.17450000000000002,88.62580994810857,0.1765,124.19433835207842,0.195,188.2809982103181,0.2255,528.8204525623129
4847,734921,0.378,316.9175941789492,0.3855,235.67568545271544,0.4035,172.9437112649057,0.40700000000000003,125.90954677713476,0.654,195.56789750032354
4848,734921,0.2485,4220.025605940702,0.2545,4085.6037251352404,0.263,3684.8313653156133,0.276,3189.1267864769356,0.28300000000000003,2759.193766303646
4849,734921,0.3825,529.562941364844,0.3865,529.300436490265,0.387,496.14851837221374,0.387,433.0896355449955,0.3705,301.4738052109831
4850,734921,0.1955,177.33660533387553,0.1815,131.1112587247266,0.1795,96.22776775539485,0.178,67.88487176873723,0.1675,34.61737255599318
4851,734921,0.386,1389.0741373590176,0.394,1412.6132691271694,0.394,1236.539291718863,0.394,885.817047456074,0.3805,301.930058206062
4852,734921,0.213,42.11323741314868,0.213,78.52528505001021,0.2135,171.6343183529406,0.2135,425.6334215893923,0.216,1685.620548301724
4853,734921,0.5055000000000001,154555.18614024864,0.509,121789.78680584239,0.5105000000000001,56579.78935798664,0.5095000000000001,13575.683679758587,0.47850000000000004,2287.0910451896634
4854,734921,0.281,30.603991173013807,0.3875,28.816886257290108,0.388,27.50767426744212,0.388,26.51129333902221,0.3885,25.660850842114275
4855,734921,0.2295,163.09832300758862,0.2295,167.10014198025567,0.23,202.6808958121366,0.2305,296.0353437986688,0.2325,676.4248945749058
4856,734921,0.28150000000000003,31.462845483621354,0.247,26.925356737776866,0.244,25.575067893177923,0.23650000000000002,26.025201930136234,0.201,31.904756514691428
4857,734921,0.71,14829.927958077227,0.7015,15948.368511149469,0.65,12583.427538923717,0.631,6265.011182374532,0.5085000000000001,340.86250648219044
4858,734921,0.182,9.820411156620438,0.188,12.987716104658682,0.20550000000000002,22.560241119895924,0.318,58.67986484486825,0.4245,648.2812209829071
4859,734921,0.3595,245.55879936061586,0.3585,268.9524218299072,0.34700000000000003,274.7705774214189,0.3435,255.01344610497515,0.3095,160.9038297812374
4860,734921,0.338,541.1284189253043,0.34950000000000003,503.0233834340153,0.352,450.6589170489533,0.3805,390.414045984821,0.4675,400.3727121422661
4861,734921,0.097,40.66498029328898,0.096,32.47951422944988,0.096,26.339111508985628,0.096,21.233919418247904,0.1145,14.90979032591785
4862,734921,0.244,46.193675731111725,0.252,61.462637828735886,0.262,88.67429651089354,0.2755,143.93292560572593,0.28550000000000003,431.2494305982814
4863,734921,0.301,28.926285399800545,0.322,35.818677276406,0.326,51.94814184440995,0.3565,96.46690548400936,0.3745,440.3252141321209
4864,734921,0.273,311.2789174182463,0.28200000000000003,298.8239295580674,0.315,283.47708177525305,0.323,264.16925119392704,0.34500000000000003,215.44917589063252
4865,734921,0.277,179.28733634524866,0.2515,235.0128499574914,0.2475,303.0391825886698,0.23900000000000002,385.16347916840505,0.2235,476.39454382435
4866,734921,0.147,235.14650713471474,0.146,223.1173961155439,0.1345,208.31890931455817,0.1335,184.43188706906088,0.1335,117.84864984407479
4867,734921,0.3915,361.789567266224,0.492,578.1432236453858,0.5175,961.0271004655672,0.5815,1700.4144769700804,0.663,5948.135941222436
4868,734921,0.20600000000000002,106.17441306915016,0.1655,63.50478978005983,0.1615,41.374067007009344,0.159,29.661601930362092,0.145,23.1306389204647
4869,734921,0.28600000000000003,380.38971419428515,0.225,260.2639726288189,0.224,177.45092118302432,0.2175,113.67975715898147,0.2165,43.373023666860306
4870,734921,0.1815,65.9803301878736,0.1675,68.94292180168897,0.14200000000000002,71.00462903344774,0.14200000000000002,71.9510269663433,0.14200000000000002,70.1017301089759
4871,734921,0.358,47.84310898705629,0.34800000000000003,38.212492575810444,0.3,30.99622523387264,0.152,25.05395900371537,0.127,18.294485587330545
4872,734921,0.3435,337.21487430933433,0.3425,247.65905960486478,0.339,175.0945114428454,0.3375,113.71240030653365,0.21,45.0011686063389
4873,734921,0.2645,101.68967347261702,0.275,91.26654572482684,0.3005,81.42881693022177,0.301,71.51164994621448,0.34600000000000003,55.850623331563106
4874,734921,0.3765,26.91157554837621,0.362,18.54161188705584,0.272,13.8833651572202,0.1555,10.904878330753244,0.114,8.111059717995358
4875,734921,0.3335,19.803025373519482,0.3135,25.46829741292438,0.28600000000000003,36.45954084275232,0.277,62.68546368084922,0.23650000000000002,257.6467064688553
4876,734921,0.4625,2447.444371131693,0.47950000000000004,4000.901657339873,0.5145,5802.171023908903,0.5175,7359.688748802644,0.5415,5713.354100768965
4877,734921,0.342,14485.968783766219,0.362,23840.157205459673,0.375,34232.390243493224,0.3785,41614.21347265597,0.3925,24879.9817227477
4878,734921,0.2495,543.9973337265507,0.3075,598.2278883321001,0.34450000000000003,620.8339205454449,0.489,603.5906778564093,0.6715,1080.5453476606565
4879,734921,0.2315,133.6063278227259,0.171,126.76284210790314,0.1605,121.92124464406578,0.158,119.21470431745126,0.156,121.18406612624705
4880,734921,0.275,2574.4381946177436,0.275,3498.5519770860897,0.274,4127.151808610607,0.2605,3996.0950290506285,0.258,1697.7999115858045
4881,734921,0.51,80990.77834068255,0.5365,99412.38156575088,0.5365,95155.6530273813,0.47750000000000004,64446.40360434625,0.4205,9158.720669297472
4882,734921,0.365,8549.148121739197,0.468,21007.957268364356,0.54,42558.099067615054,0.5455,65043.57727512837,0.562,34668.00835169167
4883,734921,0.157,39.79319320373197,0.1575,34.00478697822841,0.198,29.610116721611483,0.2525,26.168707724062187,0.3815,24.068061312270178
4884,734921,0.329,61.329942761798286,0.327,52.59120117293693,0.326,48.42532256082073,0.3105,46.98129147401064,0.1655,48.58605378361152
4885,734921,0.229,514.1147615356643,0.2305,695.4052086582509,0.23600000000000002,894.6919027918841,0.23750000000000002,1098.1658717173643,0.2755,1259.5929713681621
4886,734921,0.23600000000000002,21.450590207402566,0.23550000000000001,26.49618354729688,0.23500000000000001,34.77354474616087,0.23500000000000001,51.063371312246666,0.23500000000000001,135.77545911374756
4887,734921,0.2655,152.22147086922152,0.274,136.28729868490927,0.2745,120.65803543355541,0.2885,102.7193614818481,0.297,65.99377079559942
4888,734921,0.084,20.689233595612336,0.0845,22.566434225580366,0.096,24.939674769017678,0.1115,28.7080121493429,0.2005,51.05620367306058
4889,734921,0.1805,326.48996068742656,0.181,332.8797064171181,0.3025,337.49411212636403,0.3165,351.63257078187064,0.3435,499.614302071437
4890,734921,0.218,297.3095351000908,0.241,248.2897002684561,0.2425,201.32228732209785,0.2545,154.70932931657242,0.26,84.8366977080848
4891,734921,0.182,36.760447841757774,0.191,36.7872035883034,0.194,39.205504420272966,0.20800000000000002,46.31766404865431,0.2265,93.96375617682565
4892,734921,0.1095,6.943122000720593,0.1095,7.225979359740579,0.1095,7.728020045254753,0.1095,8.619138893907298,0.12,12.357133669300651
4893,734921,0.322,653.376233324532,0.323,733.2663828054476,0.323,744.354886584662,0.323,664.0028327349186,0.323,363.05263404429525
4894,734921,0.2275,5050.958338804055,0.2285,8776.81343975002,0.2295,13039.417180674684,0.294,16182.675509573966,0.3025,10748.697001030469
4895,734921,0.368,361.90897509392875,0.32,211.99254884179544,0.31,152.99053958580495,0.2975,116.21767478487916,0.2175,64.62410180142015
4896,734921,0.5285,1856.3498265620071,0.5285,1312.4906752169231,0.466,824.4478565859739,0.434,424.144520338557,0.2575,79.5534015966327
4897,734921,0.28150000000000003,117.62762342049813,0.2885,98.58040248152793,0.2955,81.1155792921499,0.309,63.93481416354442,0.3315,38.838115955763044
4898,734921,0.4015,207.1563898636182,0.40800000000000003,276.3269652019774,0.431,386.60067438550215,0.434,565.7652791534243,0.40750000000000003,780.8514253887043
4899,734921,0.7555000000000001,5464.91526094082,0.767,15482.205752795664,0.781,27092.826104010794,0.78,22271.541602304347,0.7115,863.7213477375983
4900,734921,0.632,47.92840058879824,0.653,53.24218518955428,0.657,62.9744711038962,0.659,79.79437951630311,0.499,111.38719187210475
4901,734921,0.4655,2036.3860921589815,0.4405,532.7657288519354,0.392,141.7183458631047,0.3835,53.95686689846996,0.1635,47.281199034571685
4902,734921,0.3215,105411.41837715809,0.3105,103774.91842394514,0.299,86267.0592831171,0.2765,51759.782231508994,0.25,5337.782804427136
4903,734921,0.1715,26.14728702422477,0.1645,22.134228531926325,0.14300000000000002,19.041299962823995,0.1375,16.397921988960626,0.1375,13.275336914928543
4904,734921,0.1995,528.9357948068623,0.2,507.1285508460499,0.2,452.4638649269221,0.212,363.7798267714094,0.227,173.85217399010992
4905,734921,0.092,41.68932959747689,0.0925,49.97858683380432,0.1765,61.27144866081424,0.309,79.0577447116551,0.3225,143.79330627391383
4906,734921,0.2985,127.81030272510182,0.356,146.3782809427328,0.3595,172.54214646078265,0.4385,197.213523514549,0.5945,163.44853658379463
4907,734921,0.162,42.758281162986165,0.193,35.725303916528155,0.1935,30.488488884748318,0.194,26.423600949508472,0.215,23.391421023911402
4908,734921,0.3335,48.44014439723399,0.23950000000000002,53.05209404595663,0.225,58.772624905709634,0.2225,66.81597667706093,0.218,90.12211904883617
4909,734921,0.0745,10.214757301899636,0.077,10.805216952412078,0.078,11.87471700177837,0.097,13.997784475252002,0.1895,29.09830875810615
4910,734921,0.1915,38.94950041837739,0.1935,35.70905138609127,0.194,33.143591838956844,0.2535,30.843790991114854,0.289,27.660030136527418
4911,734921,0.3395,70.29710430406135,0.3735,61.36217730702489,0.374,53.913969193845226,0.3755,47.09171806069895,0.385,37.46405007771289
4912,734921,0.23900000000000002,241.3661904204723,0.23750000000000002,144.18431754418322,0.23550000000000001,101.34139198653672,0.232,86.77046328931274,0.2255,99.14484360184149
4913,734921,0.508,324.1686655640354,0.561,507.43785622845,0.8305,803.3560246391643,0.84,1329.524339982901,0.9395,2935.5614018851757
4914,734921,0.133,40.13050488836233,0.1565,35.34835835623006,0.1615,31.391325304410213,0.17450000000000002,27.841788394022977,0.24,23.568904924898916
4915,734921,0.5645,59621.290355157646,0.5865,130696.67560564574,0.643,204869.04394311624,0.643,209834.3926338317,0.561,45735.47182308381
4916,734921,0.121,1045.2507108600032,0.1205,1231.6315924113906,0.1205,1391.93885587268,0.1205,1498.5128386320134,0.1225,1316.3582830615537
4917,734921,0.292,2460.0176250387613,0.2775,2528.6087130499477,0.2535,2530.570716533065,0.25,2356.8887447681873,0.23550000000000001,1368.1974538984568
4918,734921,0.20650000000000002,337.1235124983495,0.20650000000000002,332.66346862544646,0.2295,310.3049633130212,0.231,267.5056654425858,0.2445,169.77969484327295
4919,734921,0.23600000000000002,610.879522767678,0.23600000000000002,460.42659803631824,0.23450000000000001,326.387259550709,0.233,208.9680147846288,0.1965,82.9536912170788
4920,734921,0.34950000000000003,1123.033834130838,0.34950000000000003,685.1365288499654,0.34850000000000003,404.4703416825384,0.3415,225.28524702838433,0.312,93.24402937720144
4921,734921,0.3305,246.97775556757827,0.2805,188.5711671109975,0.28,151.90522964410667,0.279,127.20543595322907,0.2535,99.40442853331729
4922,734921,0.2215,32.906265856515276,0.212,30.163843931748826,0.212,27.979540309116484,0.212,26.159730508504104,0.211,26.36228324102897
4923,734921,0.188,30.787194126813404,0.1895,27.44620120292612,0.20700000000000002,25.40054986955634,0.212,24.846484776772645,0.2595,32.17629256596477
4924,734921,0.319,255952.1494238412,0.3105,193606.11036716448,0.2985,116202.25693395207,0.297,50506.75730370275,0.275,5827.355938649573
4925,734921,0.1065,10.910241288447951,0.1045,12.391358734021296,0.0975,14.78694475907572,0.0975,19.31452154830763,0.09,43.6776101330184
4926,734921,0.23750000000000002,29.879913959636813,0.23500000000000001,20.624125937448735,0.1855,17.442833500250288,0.1835,16.156210250352046,0.152,15.774109043373391
4927,734921,0.3095,61.02347552797504,0.3,64.6281859993866,0.297,81.96667487005553,0.28750000000000003,115.4090419624891,0.10300000000000001,220.6102633066575
4928,734921,0.4625,797.1656962195557,0.47150000000000003,1234.079248479878,0.5255,2976.6111527278413,0.541,13844.370159673424,0.5685,208461.48920172727
4929,734921,0.132,77.4046579748376,0.129,70.36679838636346,0.11950000000000001,63.21852638241104,0.10250000000000001,55.12138746933245,0.11850000000000001,39.66811834001834
4930,734921,0.2475,320.902267820568,0.257,503.53516216335976,0.259,814.5833061430961,0.259,1400.9632134316994,0.2625,3000.53971380641
4931,734921,0.331,23.370524461990886,0.3375,24.781225422555607,0.3585,26.932058899582707,0.364,30.37999577721121,0.375,41.66783046601968
4932,734921,0.0935,14.396241350942766,0.081,13.117696955451043,0.0755,12.15234822388088,0.0755,11.386026532230353,0.096,10.814538517253586
4933,734921,0.195,610.2342747830775,0.183,536.1185453030075,0.182,550.8932508289422,0.181,702.4908055304842,0.177,1490.2405131481476
4934,734921,0.1465,61.737059603312446,0.1475,61.11636848028072,0.152,61.93969441419469,0.17300000000000001,65.44130846936736,0.2565,89.93218011361682
4935,734921,0.2895,303.09443173175436,0.29,321.2092626376681,0.29,332.79146201989835,0.29,333.9306872289999,0.28700000000000003,290.1838441907879
4936,734921,0.1855,10.528245017590416,0.1905,15.639034998056585,0.199,27.214503679725716,0.20350000000000001,59.15167754346564,0.23950000000000002,339.1603371931819
4937,734921,0.6405,89762.25069746534,0.65,254520.38342646713,0.651,474137.5105841714,0.653,523365.6792345424,0.646,78325.71689534112
4938,734921,0.362,59.43715160737374,0.362,56.87638628922512,0.3105,56.35751031478593,0.31,59.855653989938766,0.306,94.08578740931911
4939,734921,0.2485,908.0454215208651,0.25,1306.0537611535983,0.265,1732.2239582605707,0.265,2116.444507342347,0.294,2056.717569079567
4940,734921,0.3375,12.47620795388772,0.3645,11.610646458566674,0.403,11.611558227569166,0.4285,13.957448053101771,0.466,63.35671469733522
4941,734921,0.1565,62.50417284533677,0.1495,47.24848195531746,0.1475,36.18658240561846,0.1345,27.86421182563736,0.11800000000000001,20.850241206030596
4942,734921,0.1365,320.08386153476323,0.137,413.8881607732967,0.137,507.8550575031452,0.138,593.8720650620884,0.2015,636.2331234140416
4943,734921,0.1325,51.78851985648271,0.1335,44.85213838271104,0.2125,38.89963100024702,0.241,33.41008533557118,0.2745,26.51172198975372
4944,734921,0.1065,45.4896053095827,0.1065,47.51483131418903,0.1065,50.14130182867512,0.107,53.93018067544212,0.162,65.52812780551281
4945,734921,0.246,58.01906984635313,0.2435,45.97749014801854,0.227,36.07861137987054,0.1835,27.297139249220393,0.115,15.943656862707455
4946,734921,0.269,26.78223487594417,0.418,40.73559815402734,0.419,70.08989742749463,0.4205,143.0320799876321,0.4205,680.1336669680395
4947,734921,0.591,967.7913618517446,0.6205,1255.0654144125363,0.67,1922.1799328185737,0.7265,2866.736406226487,0.963,1933.6204097254272
4948,734921,0.3535,471.17044487842594,0.3365,464.2898953599116,0.3125,471.9654654644622,0.28150000000000003,455.15476840244247,0.20400000000000001,307.46244841764457
4949,734921,0.3945,200.16016501802326,0.4025,232.20958000883675,0.4025,288.8287334429854,0.394,340.15433742341315,0.373,217.69763333552575
4950,734921,0.25,42.3867163614299,0.251,53.17183572974709,0.2515,75.32928446072135,0.3095,126.32806536401428,0.3115,421.84996443437865
4951,734921,0.2085,2278.229632304399,0.2175,2786.667351261643,0.222,3264.3287761755782,0.2295,3630.626839528584,0.2565,3126.4446280861403
4952,734921,0.3305,525.8286303554713,0.325,462.1048642522272,0.2495,375.2734415171157,0.224,276.07535510227035,0.171,137.32675968910192
4953,734921,0.136,41.68138501948727,0.136,44.16555772260998,0.136,46.93180044656939,0.1365,50.33176717027243,0.14200000000000002,58.364768146226545
4954,734921,0.2965,117.23777882732155,0.296,86.01896619847462,0.291,58.6769214130268,0.2905,36.63360271665749,0.289,20.478108479502946
4955,734921,0.8445,171965.8343047406,0.8300000000000001,93314.8683058397,0.8015,46242.66051304372,0.7175,26160.75233667775,0.321,12683.104007234933
4956,734921,0.222,30.114326958230272,0.2215,25.47402921846682,0.20550000000000002,21.962395557749005,0.177,19.022817090972392,0.1795,15.637353093875593
4957,734921,0.403,96.01753341777167,0.429,99.07790858779087,0.467,103.57227057881767,0.5555,117.24882739245724,0.629,1253.5421406725488
4958,734921,0.6075,64084.57135119308,0.656,204741.271917835,0.6875,596232.6504505137,0.77,1431703.4438171326,0.8725,4066125.3383565913
4959,734921,0.3015,1107.413277190308,0.179,615.467673568569,0.178,303.69623033915747,0.178,127.8248908536717,0.164,30.09592967753222
4960,734921,0.1885,41.38949758320322,0.1885,45.17918169294496,0.1875,51.47787851419507,0.187,62.314012761640214,0.1865,99.0563681619681
4961,734921,0.302,64.91472321434601,0.2995,45.156528646091346,0.2985,32.068522806942404,0.294,22.85973430299542,0.2805,14.699191945410524
4962,734921,0.1325,167.93326010624887,0.1325,152.57572945170108,0.1325,135.88132273372196,0.1325,115.99614423308111,0.1365,74.63259097500443
4963,734921,0.276,33.9428026490427,0.2795,28.04034273941497,0.28800000000000003,24.424128131774715,0.3265,22.962115965160432,0.34550000000000003,33.89084693346215
4964,734921,0.3365,76.14176712219152,0.3395,133.59050563154833,0.371,259.60943005173635,0.3725,595.1919964894898,0.376,3288.601746475452
4965,734921,0.123,6.597440305565721,0.11950000000000001,6.647200600875362,0.116,6.902237763182213,0.1155,7.497674648507757,0.1155,10.726094152510267
4966,734921,0.8745,90.1588994780622,0.9225,99.11654610105745,1.053,120.0248278542498,1.053,177.64827660438118,0.8160000000000001,376.10293076454155
4967,734921,0.366,105.59972589074194,0.5,214.4714316185743,0.5485,519.7556546386975,0.6005,1847.3988893162664,0.809,88246.00518398607
4968,734921,0.3825,299.59383348482964,0.383,262.0784912312743,0.3965,218.97753394920383,0.4495,176.14358664696425,0.383,129.6705923746397
4969,734921,0.14300000000000002,48.74173397683737,0.1405,42.89272611580859,0.1285,38.87108113335811,0.113,36.07990836605801,0.105,34.256120263997374
4970,734921,0.23950000000000002,121.43982505121629,0.2445,123.37508093443901,0.2445,125.51920771598571,0.247,129.99691809877174,0.277,172.60407226210484
4971,734921,0.25,47.462559116838555,0.2455,45.39026854583369,0.245,43.81418929074027,0.244,42.73081219410733,0.24,44.58043570570629
4972,734921,0.371,1145.9265747044349,0.3945,2627.9877159051107,0.508,6716.291060907306,0.5805,20253.692615473858,0.639,69500.90809005302
4973,734921,0.373,26787.896524557185,0.377,58142.62973372663,0.41250000000000003,105694.24674261716,0.4165,151211.0471909942,0.4255,81203.36053510406
4974,734921,0.3055,1060.4232847592803,0.3125,700.1523836244396,0.3125,427.993287097785,0.3125,225.66792995370295,0.305,55.331710294228905
4975,734921,0.1635,97.55268732907747,0.17300000000000001,129.24667154576395,0.181,184.05727914083673,0.197,313.19901567836826,0.4845,2065.752433229724
4976,734921,0.9235,23682.15385007982,0.6175,1692.7166569986616,0.5695,127.21940293476987,0.516,58.29019862979275,0.264,43.13136350327318
4977,734921,0.1235,45.450471515130815,0.1205,47.63637521374922,0.1205,50.77921905545785,0.1205,56.147577435591465,0.128,80.83127425049396
4978,734921,0.24,59.13263406716669,0.1995,36.477650279575904,0.1665,23.941996601323645,0.151,16.36096639573078,0.1485,10.508525969479622
4979,734921,0.501,237.7284895388316,0.5195,341.49532844959833,0.528,473.9297801381443,0.5295,628.2305809527153,0.553,698.1085191250212
4980,734921,0.28600000000000003,78.9616855463477,0.2515,83.16941281902476,0.1535,90.85977474021736,0.151,102.14498172412054,0.14100000000000001,127.48870315346447
4981,734921,0.492,140.19801188047762,0.509,241.89389258794364,0.51,437.82568932112554,0.5105000000000001,856.9768944735386,0.4895,2809.891045719627
4982,734921,0.406,55.256748873695784,0.41100000000000003,58.17153194030182,0.45,67.71272584826642,0.47500000000000003,93.82161933706067,0.5375,223.75248101761466
4983,734921,0.9445,42986508.41933944,1.0095,76753464.83862503,1.0185,59763381.39204532,1.0805,15693979.912198115,0.975,279054.695869825
4984,734921,0.3055,638.378937895573,0.3045,830.1124825005664,0.3015,1024.40042729143,0.301,1199.3194806288002,0.2965,1171.2471201884198
4985,734921,0.809,2726403.2028627084,0.809,2194099.620890932,0.8025,1193025.0374152227,0.7155,423538.7784958024,0.452,51304.76655576834
4986,734921,0.2905,147.43897021378717,0.2905,117.62058189738892,0.2905,96.53351456605635,0.291,81.35554953527426,0.2935,71.92737787271321
4987,734921,0.2175,471.6582106705594,0.217,672.9638269812274,0.209,916.3651326094749,0.2085,1167.2231417119551,0.20600000000000002,1169.7468567548558
4988,734921,0.147,116.0690467702647,0.1375,94.59088433245668,0.128,75.9555033311565,0.109,58.902981237578885,0.099,36.20175913482732
4989,734921,0.5935,605.4287416005601,0.5935,441.41968029717,0.5895,303.32431249822133,0.587,182.38180084905824,0.4455,45.765926600269744
4990,734921,0.23950000000000002,95.60211082531723,0.23950000000000002,86.39479763002468,0.243,78.37591481940554,0.243,70.99464000491994,0.244,62.35554647754322
4991,734921,0.2795,67.52747861854748,0.28250000000000003,88.9858041806684,0.3385,122.55284765734531,0.34,180.93722840717845,0.3425,394.27522231396756
4992,734921,0.3695,1488.7516623651845,0.37,2239.841771406888,0.37,2667.9635598410337,0.3695,2332.043703531858,0.34850000000000003,713.332020390527
4993,734921,0.358,3160.509581715503,0.364,5022.704940803542,0.372,6597.928291010826,0.3725,6875.04416079977,0.2705,3135.9441354350306
4994,734921,0.169,29.641135217759743,0.17500000000000002,37.10344062956235,0.1825,50.0292944660923,0.1885,76.55982914716616,0.2155,225.34126028738999
4995,734921,0.1065,43.91169576999201,0.1065,36.6048768168149,0.089,30.90685777416322,0.089,26.04128614020304,0.1065,19.884943292804866
4996,734921,0.2965,31.852363121077122,0.2765,25.552002848018105,0.25,21.24762975680701,0.1955,18.319014448828952,0.189,17.42908582192631
4997,734921,0.212,618.3249419000807,0.212,588.985926494322,0.212,544.0374299482589,0.212,499.78212476973493,0.212,481.7943663366083
4998,734921,0.447,108.3918484258853,0.444,107.27385749972369,0.4425,113.91382729146831,0.433,134.12874075571182,0.334,223.91727078611243
4999,734921,0.324,110.81730395476151,0.2535,141.82816138479444,0.2485,182.7551604637059,0.23550000000000001,242.9369837602655,0.2095,401.18996801723733
5000,734921,0.1455,20.604524562478257,0.17500000000000002,20.840334884659388,0.177,21.96846006581316,0.1785,24.927011758406543,0.22,44.335616617133155
